schedule,partition,true_objective,predicted_objective
000000000000,validation,7.755587660344856,6.146120050942318
000000000001,validation,7.406231375011384,6.078515279110023
000000000010,validation,6.9213381776763,5.890082792798956
000000000011,training,6.804424514172646,5.837847107384946
000000000100,validation,6.580768523358551,5.7684458151694304
000000000101,training,6.4026770165098466,5.709890365459757
000000000110,training,6.205379304950492,5.558737392419956
000000000111,training,6.16638059926041,5.515551029128567
000000001000,training,6.371654953754823,5.640099398706634
000000001001,validation,6.141028494349627,5.5724743409576085
000000001010,training,5.870552655904319,5.4237103271382265
000000001011,training,5.8094476023934085,5.371454355807486
000000001100,training,5.713877124180844,5.326929932030449
000000001101,training,5.639112082724998,5.268354196404045
000000001110,training,5.569899611606627,5.156869695855929
000000001111,training,5.552496600138164,5.11366304664781
000000010000,training,6.256041060427685,5.555534576795722
000000010001,training,5.9902795717755914,5.4872419593802055
000000010010,training,5.663849571405267,5.336840967364099
000000010011,validation,5.5845512999679325,5.283917436366867
000000010100,training,5.462065127488792,5.235107820087138
000000010101,training,5.359801802777284,5.1758645247942425
000000010110,training,5.264766394085145,5.062743046049402
000000010111,training,5.2370718989038885,5.018868837174791
000000011000,validation,5.351393645725286,5.1364650801529645
000000011001,training,5.234046286457472,5.068152176820716
000000011010,training,5.123899634649705,4.957419657296295
000000011011,training,5.090224714474726,4.904475840382332
000000011100,training,5.067723368473272,4.880543092541082
000000011101,training,5.031369970888033,4.821279511331456
000000011110,validation,5.008995818937378,4.747826505078301
000000100000,validation,6.1954418789566335,5.462224525006231
000000100001,training,5.910041905704301,5.393222536318104
000000100010,validation,5.549360762492031,5.232787834259323
000000100011,training,5.458252932186626,5.179154931989482
000000100100,validation,5.316565376747349,5.1525292888484735
000000100101,validation,5.194571216997843,5.0925766222829685
000000100110,validation,5.0796741043345035,4.969421433495453
000000100111,training,5.044052907419728,4.924837853348233
000000101000,training,5.183527992227867,5.051392156638954
000000101001,validation,5.039693199906476,4.982369882034097
000000101010,training,4.901372544556057,4.861603652467001
000000101011,training,4.856337636470496,4.807950464280428
000000101100,training,4.828403328465108,4.806201689577899
000000101101,validation,4.7788748263986385,4.746228737095663
000000101110,validation,4.749457081693673,4.662742020799834
000000101111,training,4.724950543651811,4.618138154735882
000000110000,training,5.1142524443396935,4.984872161125998
000000110001,training,4.957736970480278,4.91518232685465
000000110010,training,4.8051336460121234,4.792779119090828
000000110011,validation,4.754220245477198,4.738458371237764
000000110100,training,4.723201725435311,4.732424404032544
000000110101,training,4.666621300334933,4.671783891883816
000000110110,training,4.6333615002919,4.586660197391261
000000110111,validation,4.604545080958189,4.541388771660818
000000111000,training,4.682374436220231,4.660990948351647
000000111001,training,4.622777445092633,4.591280828163567
000000111010,training,4.587863408653725,4.508546092891432
000000111011,training,4.557165623805219,4.454205059121637
000000111100,training,4.570785633713084,4.473047960354895
000000111101,training,4.539337555716461,4.412387162289437
000001000000,validation,6.163686602224704,5.413940685830294
000001000001,training,5.868450530272736,5.337655096898761
000001000010,training,5.489701711770793,5.1881184608807125
000001000011,training,5.392111744226519,5.127201958367464
000001000100,training,5.2392617084480895,5.089868047701281
000001000101,validation,5.105712810534117,5.022631780892369
000001000110,training,4.978666536597254,4.910374658145587
000001000111,training,4.938108572402804,4.85850747775496
000001001000,validation,5.092296701424262,4.99308207142068
000001001001,validation,4.9321848706332565,4.916776196572416
000001001010,training,4.775490287300049,4.806908033046055
000001001011,training,4.722794022627622,4.745971244616074
000001001100,validation,4.6909249008775475,4.73351420238837
000001001101,training,4.632181901751618,4.666257649662727
000001001110,training,4.597787272523305,4.593668999407631
000001001111,training,4.5675813035666115,4.541781533100273
000001010000,training,5.013541199954165,4.942218557605798
000001010001,training,4.837524227293928,4.865245123091042
000001010010,training,4.662036219294767,4.753739981367954
000001010011,training,4.601321616521323,4.692135633271484
000001010100,training,4.565097448196365,4.675393398541088
000001010101,training,4.496423959913803,4.6074692861489535
000001010110,validation,4.456693693507185,4.533243657697133
000001010111,training,4.420016779044122,4.480688631723282
000001011000,training,4.515808248513029,4.608311098789111
000001011001,validation,4.442780171318068,4.531317378357624
000001011010,validation,4.400763324606575,4.459480709126222
000001011011,training,4.361097722915312,4.397856075113021
000001011100,training,4.37998888289292,4.405990708821102
000001011101,validation,4.339116679276974,4.3380463105122375
000001011110,training,4.33058250331382,4.303489154552102
000001100000,training,4.97386955420724,4.86770076600699
000001100001,training,4.789556326641361,4.790017960219625
000001100010,training,4.603991592841309,4.668479108453863
000001100011,training,4.538824499979273,4.606165389084783
000001100100,training,4.5002218004521275,4.611607127493108
000001100101,validation,4.4259347184057765,4.542973643828364
000001100110,training,4.383316376418375,4.458714305333868
000001100111,training,4.342723817923033,4.405449908087409
000001101000,training,4.446972703753515,4.542030435465785
000001101001,training,4.367659740001888,4.464327343761688
000001101010,validation,4.322554974194003,4.382456964487611
000001101011,training,4.278282183302067,4.3201229592018
000001101100,training,4.300166724579623,4.3504415660486035
000001101101,training,4.254397139051659,4.281787796467128
000001101110,training,4.245301073908356,4.237196930464318
000001101111,training,4.208020509163787,4.183912247301128
000001110000,training,4.421125186390915,4.509211748048857
000001110001,training,4.339308778563894,4.43084109667827
000001110010,validation,4.293046812335049,4.347333739207468
000001110011,training,4.246842533287512,4.284332174255164
000001110100,validation,4.270061233965774,4.310365588599277
000001110101,training,4.222226533779533,4.241044259351311
000001110110,training,4.212932300160965,4.1948164151517755
000001110111,training,4.173740264480539,4.140864172322093
000001111000,validation,4.259008127001491,4.270492573100576
000001111001,training,4.2103619815666,4.192101635813258
000001111010,training,4.200993791817327,4.148262750834142
000001111011,validation,4.161045490356264,4.0852408999651075
000010000000,training,6.146360832109543,5.328282210587983
000010000001,training,5.8465028250098365,5.25561056333108
000010000010,training,5.459038624387481,5.106503397622543
000010000011,training,5.358230749572311,5.049200836783924
000010000100,validation,5.199699036487547,5.006296776696942
000010000101,validation,5.06021380558453,4.94267445156266
000010000110,validation,4.926797029890134,4.830846799125389
000010000111,training,4.883581580105491,4.782593560409392
000010001000,validation,5.045245341377908,4.909039459473568
000010001001,validation,4.87654078065865,4.836347526299933
000010001010,training,4.709852288653044,4.7269088330830815
000010001011,training,4.652833924157495,4.669585986327732
000010001100,training,4.618759173914998,4.651558794679229
000010001101,validation,4.554707232391341,4.5879161836282165
000010001110,training,4.517495814594017,4.515757003682631
000010001111,training,4.483841028594804,4.4674834790499025
000010010000,validation,4.960799411396021,4.852484812206791
000010010001,training,4.774318647028899,4.779125319366665
000010010010,training,4.5861529348247805,4.668049647953088
000010010011,training,4.51973159682604,4.610059241531248
000010010100,training,4.4805951922045635,4.587746857380053
000010010101,training,4.404729711620385,4.523436686662549
000010010110,training,4.361382538617206,4.449640528520238
000010010111,training,4.319598872380414,4.4006994442210186
000010011000,training,4.426296567309092,4.520193216685302
000010011001,training,4.345223991587283,4.446813437928444
000010011010,training,4.299373934295541,4.375406239006553
000010011011,training,4.253687744325391,4.317395546667981
000010011100,training,4.276599411447813,4.319960030955266
000010011101,training,4.229322634368815,4.255629574321031
000010011110,training,4.220100224551948,4.221501888670406
000010100000,training,4.917035538713609,4.7885828479929105
000010100001,training,4.721206820267845,4.714513983880176
000010100010,training,4.521472746753338,4.593404602423924
000010100011,training,4.449731016425306,4.534704824729474
000010100100,training,4.40794039938901,4.534576413717
000010100101,validation,4.325325303883545,4.469556871726886
000010100110,training,4.278867885772505,4.385727003541901
000010100111,validation,4.23189683228684,4.336076547970071
000010101000,training,4.34894144088703,4.464528380746902
000010101001,validation,4.260378642833854,4.390439230717436
000010101010,training,4.211593725268757,4.3089983217528705
000010101011,training,4.159613003463312,4.250278258141688
000010101100,validation,4.187378666282912,4.2750267155676935
000010101101,validation,4.1333376262416825,4.209986887660849
000010101110,training,4.1237005522819645,4.165825491967549
000010101111,training,4.078521549256183,4.116154750478989
000010110000,training,4.320003548833147,4.426018559878081
000010110001,validation,4.228538791026285,4.351261850182123
000010110010,training,4.178930957725492,4.2681839630208325
000010110011,training,4.1242400818511795,4.208796339743159
000010110100,training,4.154393556417572,4.229259604666473
000010110101,validation,4.097421086697875,4.163552217093137
000010110110,training,4.087748805325353,4.117753843203112
000010110111,training,4.0396153873790315,4.06741554204806
000010111000,training,4.142629383720245,4.188915248224998
000010111001,training,4.084507550938836,4.114138252612309
000010111010,validation,4.07484711524305,4.0707288379427045
000010111011,training,4.025529574354768,4.011320928748301
000010111100,validation,4.0700192550421965,4.056661062110092
000010111101,validation,4.020211306541426,3.990933388620025
000011000000,validation,4.895205980182069,4.76657545875196
000011000001,validation,4.694856822416865,4.685222994395819
000011000010,validation,4.489505689301131,4.5750116789803
000011000011,validation,4.415079249406316,4.509028301042443
000011000100,training,4.372097100881925,4.498191622504795
000011000101,validation,4.286103323852018,4.425888480271274
000011000110,training,4.238321258470305,4.352956678127022
000011000111,validation,4.188512716506126,4.296022622311786
000011001000,training,4.310806852859418,4.432494745463615
000011001001,training,4.21858557290743,4.351121995190742
000011001010,training,4.168884603462813,4.28057915226691
000011001011,validation,4.113390570713413,4.214575488412322
000011001100,training,4.144341847772496,4.228615678313151
000011001101,training,4.086502035442908,4.1562922501629
000011001110,training,4.076858298184148,4.123028920510334
000011001111,training,4.027817701219649,4.066074578778368
000011010000,validation,4.280604877960401,4.409641406292868
000011010001,validation,4.185426667518502,4.327601096353503
000011010010,validation,4.135374888104606,4.255421275232946
000011010011,validation,4.076766235201082,4.188750051711866
000011010100,validation,4.1108924968487,4.198505049110005
000011010101,validation,4.0496738012850075,4.125514061293261
000011010110,training,4.040200112608674,4.09061375344397
000011010111,training,3.987558620438862,4.032991852045512
000011011000,validation,4.099245880487596,4.162511848597449
000011011001,validation,4.0367077719977535,4.080451252741353
000011011010,training,4.027353422464805,4.047939904112481
000011011011,training,3.973255979947477,3.9812483946746706
000011011100,training,4.02270038451752,4.015880260511287
000011011101,validation,3.9680057961984643,3.942868986777813
000011011110,training,3.9656770548562257,3.947637151420208
000011100000,training,4.266250565905239,4.364531702269671
000011100001,validation,4.169732239079665,4.281782021057698
000011100010,training,4.11973908409315,4.199568489894465
000011100011,training,4.059575196110161,4.132187895100776
000011100100,validation,4.095464139084328,4.164126865637635
000011100101,training,4.03255799257452,4.090426506548281
000011100110,validation,4.0232573029896335,4.045492488656317
000011100111,training,3.968738222672637,3.9871612159852483
000011101000,validation,4.0839788626181335,4.1256392728497335
000011101001,training,4.019685799016642,4.0428693057210285
000011101010,training,4.010568632680457,4.000324247049481
000011101011,validation,3.9544673852447634,3.9329233663390615
000011101100,training,4.00604842268621,3.989739205314399
000011101101,training,3.9493006600243303,3.916018560308315
000011101110,training,3.947069660129284,3.9107530149080354
000011101111,training,3.8942176258249552,3.8524014563202367
000011110000,training,4.078616527384796,4.120830760076941
000011110001,training,4.013650863573362,4.037393233281744
000011110010,training,4.0046420947337875,3.9932111964134727
000011110011,validation,3.947756489812602,3.925142756036561
000011110100,training,4.000182788714385,3.9776734025092075
000011110101,training,3.942630341623752,3.903285197836632
000011110110,training,3.940441895333718,3.896382674239627
000011110111,training,3.8867879718623226,3.837363555985337
000100000000,training,6.13641561482417,5.331389059567065
000100000001,training,5.834471905353518,5.254644019248978
000100000010,training,5.443026902551041,5.099715438279798
000100000011,training,5.340708485375691,5.038339484379997
000100000100,training,5.179510078928141,5.000753969530708
000100000101,validation,5.037197060829421,4.933058251335242
000100000110,training,4.900734171329145,4.815409183637328
000100000111,training,4.856202142704337,4.7630825518601485
000100001000,training,5.021392327687925,4.911894804114657
000100001001,training,4.848541921117172,4.83512947787984
000100001010,validation,4.676987484727887,4.719869369402346
000100001011,training,4.6177835083015335,4.658473129585813
000100001100,training,4.582658399842215,4.645764483175002
000100001101,training,4.515898255005555,4.578048479062805
000100001110,training,4.477297203484825,4.500067883856578
000100001111,training,4.441806624616634,4.447720966162667
000100010000,training,4.933907361876648,4.84934381660876
000100010001,training,4.742341117123433,4.7719109307074525
000100010010,validation,4.547967472545511,4.655013844033232
000100010011,training,4.478619382850252,4.592950044550209
000100010100,training,4.438133150601157,4.575956205636706
000100010101,training,4.358566665202955,4.507572641858019
000100010110,training,4.313522406676746,4.427955068455065
000100010111,training,4.2689041507695915,4.374940591094663
000100011000,training,4.381316693551748,4.5168007167492785
000100011001,validation,4.29612744587788,4.439347544931239
000100011010,training,4.248617995293457,4.362118930748705
000100011011,training,4.199523051844854,4.30003484534895
000100011100,validation,4.225005956268263,4.307917874873926
000100011101,training,4.174077189077786,4.239514025178508
000100011110,validation,4.164598500863899,4.199564924267239
000100100000,validation,4.887581093315164,4.786638467294975
000100100001,training,4.6861460775477735,4.708496210121057
000100100010,training,4.4795058766027385,4.581565413404162
000100100011,training,4.404370284726839,4.518792242648528
000100100100,validation,4.361214588647069,4.523982376873747
000100100101,validation,4.274349482183693,4.45488944182245
000100100110,training,4.226322648724458,4.3652381583768225
000100100111,training,4.175698094184569,4.31151430974381
000100101000,training,4.299405580530175,4.4623324957109745
000100101001,validation,4.206269841392969,4.384169952620325
000100101010,training,4.1565098772388565,4.296907628395116
000100101011,training,4.100005514431836,4.2341141717227515
000100101100,validation,4.132000390742313,4.264181174386448
000100101101,training,4.073069187683254,4.1950679534184205
000100101110,validation,4.063480240123925,4.145085142464478
000100101111,training,4.013281242410962,4.091341007914735
000100110000,training,4.268911291427523,4.417826334603033
000100110001,training,4.172832531613889,4.338996231845893
000100110010,training,4.122919976044598,4.2500969294239574
000100110011,training,4.063184536373088,4.1866359130851025
000100110100,validation,4.098632394425531,4.212417723246108
000100110101,training,4.036195171123467,4.142636942611588
000100110110,validation,4.026861428686395,4.091017153460921
000100110111,validation,3.9728550685606114,4.0366054592446865
000100111000,training,4.087122246943838,4.180471518611958
000100111001,validation,4.023318673092611,4.101621129938087
000100111010,validation,4.014149107494943,4.052390300007838
000100111011,validation,3.9585990026852107,3.9889089977522514
000100111100,validation,4.009598072791835,4.039567676351735
000100111101,training,3.9534164139720103,3.969766609800485
000101000000,validation,4.8636969737541875,4.753139959110847
000101000001,validation,4.657502515074437,4.667714101693521
000101000010,validation,4.444973399021179,4.551681371017361
000101000011,training,4.366907310287193,4.48162460001832
000101000100,training,4.322678937358428,4.476106466718363
000101000101,training,4.232214270225594,4.39972993142366
000101000110,training,4.18316443324709,4.320976714018766
000101000111,training,4.129179074676844,4.259969265142346
000101001000,validation,4.258533802867989,4.4188077414845095
000101001001,validation,4.161714929367346,4.333361598150454
000101001010,validation,4.1120243931843605,4.256997339965979
000101001011,training,4.051290454010381,4.186920283050207
000101001100,training,4.0879801214740725,4.206279018188728
000101001101,training,4.024464496876764,4.129882196977293
000101001110,training,4.0152885851531375,4.090797452064085
000101001111,validation,3.9600453056212643,4.029769717270936
000101010000,training,4.226703491812819,4.3899580620746415
000101010001,validation,4.127125975219668,4.303844359074095
000101010010,validation,4.078491437968549,4.225843122692893
000101010011,training,4.01400931375027,4.155098506110631
000101010100,training,4.055703248665797,4.170172048746462
000101010101,training,3.9881341878712315,4.093107667868535
000101010110,training,3.979765012723305,4.052385944758601
000101010111,training,3.9196691930468996,3.99069065029896
000101011000,training,4.045228837520004,4.14257700004123
000101011001,validation,3.976104712565745,4.056443011123951
000101011010,training,3.9681995692297742,4.018110247234437
000101011011,training,3.9061076294032127,3.9473453447354436
000101011100,training,3.9643544392634955,3.9872957558097517
000101011101,training,3.901454577002709,3.9102110890150947
000101011110,training,3.899641014265793,3.9091578383968466
000101100000,training,4.211438228832618,4.34604497295154
000101100001,validation,4.110727982303295,4.2592218986783825
000101100010,training,4.063150309624385,4.171186952254507
000101100011,validation,3.9967873297758323,4.099732964399635
000101100100,training,4.041445897223086,4.136990480174186
000101100101,training,3.9718598716067377,4.05921672802365
000101100110,training,3.9641340666913645,4.008461294871042
000101100111,training,3.9014181280874647,3.9460566291387913
000101101000,validation,4.031709062949505,4.106901039193609
000101101001,training,3.960509254146814,4.020057679003722
000101101010,training,3.9534414894997005,3.971691205071532
000101101011,training,3.8885066659724314,3.900216931299929
000101101100,training,3.950068038771845,3.9623513155129584
000101101101,validation,3.884238816303734,3.8845572774456913
000101101110,training,3.8826916085577805,3.873470316784769
000101101111,validation,3.820647571917284,3.811045365135787
000101110000,validation,4.027321664270691,4.096096186181697
000101110001,validation,3.9553462947515707,4.008585266325317
000101110010,validation,3.948658472373886,3.958581814196403
000101110011,training,3.882605005103508,3.8864399807583085
000101110100,training,3.9455006903312673,3.9442891724686464
000101110101,training,3.878516692175636,3.8658275747348885
000101110110,validation,3.8770876950463706,3.85310363587724
000101110111,training,3.813852109916247,3.7900111245617674
000101111000,training,3.944019638977958,3.943903408016692
000101111001,validation,3.876558636154945,3.8563722022435822
000101111010,training,3.875180017078103,3.8460372226063533
000101111011,training,3.811450783761751,3.773875103251528
000110000000,training,4.851750523953185,4.712733640011004
000110000001,validation,4.643365175630207,4.630921724268308
000110000010,training,4.428160342319883,4.515318463901659
000110000011,validation,4.348701522846203,4.448875634577249
000110000100,training,4.30408555428893,4.4377873518564925
000110000101,validation,4.211959772409319,4.3650247582364194
000110000110,training,4.162624449863167,4.286701011141035
000110000111,validation,4.106941800893331,4.229307503939246
000110001000,training,4.238923100215898,4.380017285679864
000110001001,training,4.140519273488458,4.298185084020438
000110001010,training,4.091385147209771,4.222250296145473
000110001011,training,4.028501836351016,4.1557871809043325
000110001100,training,4.067984588311151,4.169575766622055
000110001101,training,4.002144637234506,4.09679288708525
000110001110,validation,3.9933831352807747,4.058137612481552
000110001111,training,3.9354025851897125,4.000723819363033
000110010000,training,4.206485020859736,4.345476472818103
000110010001,validation,4.105542543409391,4.262976711492185
000110010010,training,4.058412895893254,4.185404945420495
000110010011,training,3.9915205121456045,4.118274270512863
000110010100,validation,4.03711796738755,4.127777663727894
000110010101,training,3.966970290540783,4.054327224524599
000110010110,validation,3.9594744382221276,4.014034971724175
000110010111,training,3.8959892663174074,3.9559536189391635
000110011000,training,4.0276517356159935,4.099711274079889
000110011001,training,3.955878062617145,4.01719122683724
000110011010,training,3.949104820844418,3.979287933257236
000110011011,training,3.8833350285400305,3.912136972432873
000110011100,validation,3.945896907670672,3.9465172340863823
000110011101,training,3.8792072077665702,3.8730465089663557
000110011110,training,3.8777498038347145,3.872422728657618
000110100000,training,4.190844855181003,4.312179211079927
000110100001,validation,4.088957601313649,4.2289700784814
000110100010,training,4.043581162312525,4.141364602367036
000110100011,validation,3.974680080547701,4.073524556186793
000110100100,validation,4.024022115713196,4.105211922540546
000110100101,validation,3.9517529229708885,4.031052112064641
000110100110,validation,3.9452593620889265,3.9807261492215424
000110100111,training,3.8787491549740407,3.921935425163922
000110101000,validation,4.015744550711919,4.074651140617195
000110101001,training,3.9418164653635768,3.9914217221019372
000110101010,training,3.9363534324383127,3.943484718479258
000110101011,validation,3.86727404813006,3.8756243863822855
000110101100,training,3.933891855867254,3.9321886211745154
000110101101,validation,3.863782479934927,3.858008524781879
000110101110,training,3.8627217203321083,3.8473510344304667
000110101111,validation,3.7962285549533976,3.788540024456115
000110110000,training,4.012176699822041,4.058155154153388
000110110001,training,3.9374619049393975,3.9742581759716393
000110110010,training,3.9325984960215736,3.924684194152235
000110110011,training,3.862212247243307,3.8561563023887713
000110110100,training,3.930481835888808,3.90843534467831
000110110101,training,3.8590192345532977,3.8335876886191826
000110110110,training,3.8581370332960567,3.8212932200710448
000110110111,training,3.7902188926544036,3.761814650430202
000110111000,training,3.9295568740423175,3.9075782392835814
000110111001,training,3.857540977299982,3.823660975185102
000110111010,training,3.8567349612183115,3.8137554658573833
000110111011,validation,3.788231418301083,3.745207288177188
000110111100,training,3.856363590474087,3.8223631989052054
000110111101,training,3.787547876082962,3.747495256929347
000111000000,training,4.18348767866445,4.304957152830786
000111000001,training,4.081242685338826,4.214464419988853
000111000010,training,4.036923456609134,4.137757009915222
000111000011,training,3.9670684707118724,4.062633363491573
000111000100,training,4.018402535909394,4.08361246232015
000111000101,training,3.9451406997315153,4.002169051600838
000111000110,validation,3.939241528510023,3.962741154798473
000111000111,training,3.871214449419277,3.8966668304974457
000111001000,training,4.010841451555419,4.057402836325718
000111001001,training,3.9359187341541277,3.9668898175670524
000111001010,validation,3.9312369610227997,3.929850879985108
000111001011,training,3.860489193343749,3.8547069476447278
000111001100,validation,3.9292239909925373,3.900562914911783
000111001101,training,3.8573877521400037,3.8190992182757397
000111001110,training,3.856558343890994,3.819339793965061
000111001111,validation,3.788244912647792,3.7532451837473024
000111010000,training,4.007680090514892,4.0565633315599845
000111010001,validation,3.9319763842981392,3.9653827531348287
000111010010,validation,3.9280062900800066,3.926706837356158
000111010011,validation,3.855869323034348,3.8508953453492873
000111010100,training,3.926405244515633,3.8924661201136512
000111010101,validation,3.8531287088396153,3.810334863811116
000111010110,validation,3.8525086331455998,3.808938461303712
000111010111,training,3.7826647307013546,3.7421762914194625
000111011000,training,3.9257566978091987,3.8959601706478413
000111011001,validation,3.851893621748209,3.804759306305954
000111011010,training,3.8513628954442796,3.8057518630189695
000111011011,training,3.7808922276763326,3.7299200850953675
000111011100,training,3.8511501271301225,3.7963677282982093
000111011101,training,3.7803484525618742,3.714216186078944
000111011110,validation,3.7802172100939693,3.7524882560632253
000111100000,training,4.006322738266045,4.042058330012493
000111100001,training,3.9302553927859116,3.950168380314728
000111100010,training,3.9266552306128433,3.9014587544933823
000111100011,validation,3.853841218276721,3.824937891213902
000111100100,training,3.925269164992882,3.8886926391169867
000111100101,training,3.8512901271036695,3.805852011541842
000111100110,training,3.850778180233232,3.7944218989917635
000111100111,training,3.780183461276667,3.726950357834904
000111101000,validation,3.924736189978913,3.8896922973758308
000111101001,training,3.850157203106753,3.7977820617613345
000111101010,training,3.849740245857386,3.7887409084316754
000111101011,training,3.778501833928135,3.7121997592354634
000111101100,training,3.8495929807599087,3.800831375577027
000111101101,training,3.7780159242440865,3.7179704620851513
000111101110,training,3.7779409877313994,3.7462088220267584
000111101111,training,3.709849117061007,3.678716994953168
001000000000,validation,6.130605853886288,5.287711046640163
001000000001,training,5.8277470991669,5.214341673157811
001000000010,validation,5.43454690839946,5.062412161475726
001000000011,training,5.331541129670572,5.00441187441166
001000000100,training,5.169151264218465,4.962644699875526
001000000101,training,5.0255468201139255,4.898324648515795
001000000110,validation,4.8877026697780455,4.7836746501049765
001000000111,training,4.842545664151379,4.734723685163532
001000001000,validation,5.009339605179834,4.875881381460478
001000001001,training,4.834586823762826,4.802491722061396
001000001010,training,4.660807116822752,4.690230682870997
001000001011,training,4.600561155161841,4.632210109890199
001000001100,training,4.564983853911321,4.615319803792543
001000001101,training,4.496930382901017,4.5509794665160825
001000001110,training,4.457692568693367,4.475997940596949
001000001111,validation,4.421293607676022,4.427026689738773
001000010000,validation,4.920363591853538,4.802770730242947
001000010001,validation,4.726458178342604,4.728713511177373
001000010010,training,4.529245215304975,4.614815493790248
001000010011,training,4.458496593799131,4.55612736114296
001000010100,training,4.417448951758458,4.534951862542613
001000010101,training,4.336119014636991,4.4699439655996605
001000010110,training,4.29034122579074,4.393325461483801
001000010111,validation,4.244294137075435,4.3436866509591345
001000011000,training,4.359472957655894,4.477892220656188
001000011001,training,4.272340776201966,4.403814715673884
001000011010,validation,4.224184127085668,4.329585170778445
001000011011,training,4.173355252827368,4.270876752214425
001000011100,validation,4.200265134334566,4.2745781220525565
001000011101,training,4.147473058854325,4.209549939192874
001000011110,training,4.137917657405971,4.172599907568701
001000100000,validation,4.872622242528026,4.744309246732178
001000100001,training,4.6686116722537205,4.669542656393995
001000100010,training,4.458838437946258,4.545610928964195
001000100011,training,4.3820775179798455,4.486213425044297
001000100100,validation,4.338413869834458,4.487221899582671
001000100101,training,4.249553252447732,4.421504631367109
001000100110,training,4.2009678851620675,4.334852417208576
001000100111,training,4.148472013603478,4.2845042354112985
001000101000,training,4.2753579072863035,4.427667865420901
001000101001,training,4.180160064753563,4.352880989165987
001000101010,training,4.130376783313913,4.268617734227873
001000101011,training,4.071531961845404,4.209199944391244
001000101100,training,4.1060552023522785,4.235085287368095
001000101101,validation,4.044590031440379,4.169347733235803
001000101110,validation,4.035189372755007,4.122363991568956
001000101111,training,3.9822411909499826,4.071995523854948
001000110000,training,4.244155168600997,4.372602040601325
001000110001,training,4.1460881013829605,4.297147604679919
001000110010,training,4.096734014228339,4.21124737154508
001000110011,training,4.0343776207162945,4.15116202204196
001000110100,training,4.073122117357353,4.17276217251612
001000110101,validation,4.007849523101009,4.106357058717336
001000110110,training,3.998962575487013,4.057736338853763
001000110111,training,3.9416694542738613,4.006700311473264
001000111000,training,4.06207800219366,4.142911814882973
001000111001,training,3.9953316264157004,4.067437093044838
001000111010,validation,3.986747429258289,4.021205332401683
001000111011,validation,3.9276795548618124,3.961099696981832
001000111100,validation,3.9825214844447276,4.007576715894471
001000111101,training,3.922731818538585,3.9411513161789564
001001000000,training,4.847403407452214,4.724826075220529
001001000001,training,4.638537231499992,4.642775884638939
001001000010,training,4.422798558448808,4.5297422232498725
001001000011,validation,4.342990825538393,4.463061119086568
001001000100,training,4.298384929773746,4.453361326099766
001001000101,training,4.20586239399877,4.380360457640798
001001000110,validation,4.1565362332718125,4.304606309522998
001001000111,training,4.100386867997338,4.2469745274823145
001001001000,validation,4.233038542049195,4.398158447866915
001001001001,training,4.1342853612764925,4.316087971368594
001001001010,training,4.08543891492855,4.242722782471214
001001001011,validation,4.021970634173369,4.176021392391178
001001001100,training,4.062304508751337,4.191198467842854
001001001101,training,3.995835934240799,4.1181773134671555
001001001110,training,3.987228822273371,4.0820916378410415
001001001111,training,3.928473997047017,4.0244395698836275
001001010000,validation,4.20048373207654,4.358749104745412
001001010001,training,4.099275125896723,4.2760110685806
001001010010,training,4.052743607753174,4.201008901486494
001001010011,training,3.9852000944577823,4.133639951739967
001001010100,training,4.0319964542423605,4.144531834688953
001001010101,training,3.961160445650465,4.070843120646762
001001010110,training,3.953971461244836,4.033120466823923
001001010111,training,3.8895229485302627,3.9748008392000167
001001011000,training,4.022893765304591,4.119032632984725
001001011001,training,3.9504189996696337,4.036274310903181
001001011010,training,3.9440397295482845,4.0009406163007615
001001011011,validation,3.8772221889258796,3.9335513806375033
001001011100,training,3.941053971930607,3.9693201320249667
001001011101,training,3.8732838004111345,3.8956111320660454
001001011110,training,3.8719454612499673,3.897556950734892
001001100000,validation,4.1847620622226165,4.319079881425327
001001100001,validation,4.082676070946629,4.235632473987906
001001100010,training,4.0381274882429015,4.150596596851125
001001100011,training,3.968544257277846,4.082518275831989
001001100100,validation,4.01933571714838,4.1155941319196945
001001100101,training,3.946358191992548,4.0411960466048935
001001100110,validation,3.940293265371112,3.99343968273938
001001100111,validation,3.8727000690269087,3.9344106838428647
001001101000,training,4.011576524179756,4.087600537940121
001001101001,validation,3.9369385597192337,4.004132844585968
001001101010,validation,3.932031928714426,3.9587654399408736
001001101011,training,3.8617658374547164,3.8906668330050054
001001101100,training,3.929888047137195,3.94861955753119
001001101101,validation,3.8585518935989014,3.8742011862996586
001001101110,training,3.8576548340986143,3.866113294925831
001001101111,training,3.789869914007414,3.807064010112584
001001110000,training,4.008300106274802,4.066236021216573
001001110001,training,3.9328790996541128,3.982100768195929
001001110010,validation,3.9286484273015896,3.935096385354109
001001110011,training,3.857019150049724,3.8663302187517496
001001110100,training,3.9268950147169135,3.9199977507752437
001001110101,validation,3.8541461093924316,3.844911819877221
001001110110,validation,3.853448569045378,3.8351869503066673
001001110111,training,3.784166681261024,3.7754701058269293
001001111000,training,3.926164293281343,3.9217078333242923
001001111001,validation,3.8528393113047885,3.837552294386917
001001111010,training,3.852226926316506,3.8302163840367833
001001111011,validation,3.7823313592765717,3.761429931517693
001010000000,training,4.834368778586862,4.673589085717729
001010000001,training,4.623286740239815,4.595152836810769
001010000010,training,4.404889046385588,4.482548645731214
001010000011,training,4.3236341284956135,4.419481483242539
001010000100,training,4.278763612141275,4.404211540834938
001010000101,training,4.18458068010892,4.3348246140506
001010000110,training,4.135200175647639,4.25949993624231
001010000111,validation,4.077187175940561,4.205482095876257
001010001000,training,4.212473575757821,4.348537321659312
001010001001,validation,4.112296012925925,4.270080786835622
001010001010,training,4.064704675017091,4.197145068247751
001010001011,training,3.998873832427908,4.134057619842347
001010001100,training,4.042816792646887,4.143664545873223
001010001101,validation,3.9738112479232206,4.074257333172154
001010001110,validation,3.9659387454126898,4.038601127855552
001010001111,training,3.9039561984962723,3.984563001572767
001010010000,training,4.179313221094862,4.303436845085916
001010010001,validation,4.077098537415202,4.224312750595734
001010010010,validation,4.033355364687579,4.149740053811139
001010010011,training,3.9631823553626915,4.085985045739242
001010010100,training,4.015301404210914,4.091306779267429
001010010101,training,3.9417168863882304,4.021232006899868
001010010110,training,3.9360611010403064,3.9839388233865387
001010010111,training,3.867507324515815,3.9292331374372633
001010011000,validation,4.008040718124755,4.065336236620426
001010011001,training,3.932799015993796,3.986191856213513
001010011010,training,3.928423621145597,3.951287631920603
001010011011,training,3.8571035570445833,3.887512337931975
001010011100,training,3.9265839141356884,3.9177109398986403
001010011101,training,3.8541577422851137,3.847615881614349
001010011110,training,3.853415560789387,3.8499911705927055
001010100000,training,4.163159420747047,4.274383449150758
001010100001,validation,4.060413355621155,4.194549983387967
001010100010,training,4.019825747403305,4.109943576560696
001010100011,training,3.947497546517369,4.045479197216189
001010100100,training,4.004898763200462,4.072984903883097
001010100101,validation,3.9291359329150333,4.002200760242927
001010100110,training,3.9252700693686413,3.954873866686923
001010100111,training,3.8530017192507993,3.899458809465038
001010101000,training,3.9998366012149265,4.044519968960749
001010101001,training,3.9224733937045837,3.9646662172812257
001010101010,training,3.920480334153345,3.919728282945642
001010101011,training,3.8450426151240586,3.855243617684404
001010101100,training,3.9200273555714755,3.90762619278979
001010101101,training,3.843328556296568,3.836821763232889
001010101110,training,3.8432778209395746,3.829163342168571
001010101111,training,3.7697504982038272,3.7737279990299553
001010110000,validation,3.9981055652053565,4.017464318785308
001010110001,validation,3.920019465289039,3.936943007439294
001010110010,training,3.919138975372124,3.890368094906984
001010110011,validation,3.842064955528916,3.8252158699792553
001010110100,validation,3.9193424996296407,3.87331325258195
001010110101,validation,3.840941336504194,3.8018412633585577
001010110110,training,3.841210494936661,3.792545864097514
001010110111,training,3.7658227039567893,3.736442961292407
001010111000,validation,3.9196661463373057,3.874551994188224
001010111001,validation,3.8405790769028467,3.7940103969254793
001010111010,training,3.8409849681887316,3.787103956884856
001010111011,validation,3.764841165995726,3.7219314460403954
001010111100,training,3.841310374766162,3.794905697081569
001010111101,training,3.7647774899838216,3.723413421941445
001011000000,validation,4.1554728314987335,4.2811767275740955
001011000001,training,4.052620832394101,4.194059661567898
001011000010,validation,4.0139238583866454,4.120351320781362
001011000011,validation,3.940580996385594,4.048603341193448
001011000100,training,4.000886931492513,4.06540078033518
001011000101,training,3.924137799897469,3.9873330364516026
001011000110,validation,3.921356890872436,3.950904208936333
001011000111,training,3.847192568093009,3.888205551471041
001011001000,validation,3.9971767402017293,4.04128700134175
001011001001,training,3.9188919557932604,3.9541496494188206
001011001010,training,3.9183609882726746,3.9201097811239705
001011001011,training,3.840807042036461,3.848341515619326
001011001100,training,3.9187698353359823,3.8900158231995365
001011001101,training,3.8398704727862984,3.8119277933992284
001011001110,training,3.840238786324541,3.8151674383756444
001011001111,training,3.764303814733586,3.7524484949936214
001011010000,training,3.9962336912757626,4.029887832864382
001011010001,training,3.917277348325405,3.942082921274962
001011010010,training,3.9180951000820436,3.906406074783386
001011010011,validation,3.838781825262333,3.83397024961225
001011010100,training,3.9193076559604214,3.87135936468977
001011010101,training,3.8385750602877833,3.79260377522297
001011010110,training,3.8393288790684776,3.7942064420026607
001011010111,training,3.7613612876977798,3.7308199389541463
001011011000,training,3.9201793870873436,3.876949262224963
001011011001,validation,3.8387117352878426,3.789124064718811
001011011010,training,3.8396304778610517,3.7931156907189214
001011011011,validation,3.760839575394651,3.720659579631054
001011011100,validation,3.8402504144726732,3.782925563147052
001011011101,validation,3.7610407760694953,3.704149687763522
001011011110,validation,3.7615964560128936,3.745420827034898
001011100000,validation,3.996022443440402,4.019626697119908
001011100001,training,3.916769045708707,3.9311124142578775
001011100010,training,3.918298352316152,3.885401857723627
001011100011,validation,3.838120309105175,3.8122566612798816
001011100100,training,3.919937533326018,3.871829749496122
001011100101,training,3.838303022294447,3.792364788756713
001011100110,training,3.8392596937657304,3.7839337454937287
001011100111,training,3.7602827490313335,3.719837871172605
001011101000,validation,3.9210420518405438,3.8749252547559694
001011101001,training,3.8386526277418724,3.786390685977208
001011101010,validation,3.839786581111391,3.780348601934643
001011101011,training,3.7599584419058885,3.707183119574167
001011101100,validation,3.840530142607278,3.7916330762288855
001011101101,validation,3.7602711054858404,3.712147829572745
001011101110,training,3.7609245585360664,3.7433852588014473
001011101111,training,3.6842607046981244,3.679269098563592
001011110000,training,3.921700202570841,3.881570912676557
001011110001,validation,3.838928608864954,3.7923687842313045
001011110010,validation,3.840154988944109,3.7846897219920144
001011110011,training,3.7598939244445275,3.7108566799650466
001011110100,training,3.840951662871364,3.7910214441170744
001011110101,training,3.7602544061022676,3.7108686377944426
001011110110,training,3.7609495252410974,3.740469088826419
001011110111,training,3.6838508739281726,3.675685368922073
001100000000,training,4.827877267346949,4.687669816515864
001100000001,training,4.6158060760462485,4.605160174547722
001100000010,training,4.396249454234415,4.486734568207524
001100000011,validation,4.314328507791408,4.419594012657665
001100000100,training,4.2694027147703935,4.409642615487757
001100000101,training,4.1744821681065325,4.336182295642235
001100000110,validation,4.125172904538605,4.2550362025733035
001100000111,training,4.0662648360513,4.196944969146067
001100001000,validation,4.202730600290089,4.362366548119455
001100001001,training,4.101985153930112,4.279836620234582
001100001010,validation,4.055235675136887,4.20107948638607
001100001011,validation,3.9882740111214896,4.133918644919481
001100001100,training,4.034150849367947,4.148844116188051
001100001101,training,3.963940862596283,4.075363510425799
001100001110,training,3.9565280911009517,4.033885889848552
001100001111,validation,3.892921196767108,3.975774370504585
001100010000,training,4.169304198501139,4.31126973130694
001100010001,training,4.066790283877745,4.228072243755575
001100010010,training,4.024817604273483,4.147678131710336
001100010011,training,3.9533986668293735,4.079849730577257
001100010100,training,4.008473537233825,4.090490009343135
001100010101,validation,3.9336200593076867,4.016341843914391
001100010110,training,3.9289328465381095,3.9732272451404196
001100010111,validation,3.8582760483419385,3.914448166129961
001100011000,validation,4.002399010504919,4.072917618503457
001100011001,training,3.925910522644213,3.989699845035361
001100011010,validation,3.9228133457591885,3.948974205481809
001100011011,training,3.8491702586905685,3.8811255184319977
001100011100,training,3.9217134079684386,3.9166426656363544
001100011101,training,3.8468795164821645,3.84247421429088
001100011110,training,3.8465090381835316,3.839028088008594
001100100000,training,4.152930946139347,4.283412950271876
001100100001,training,4.0501079010665055,4.199506091447901
001100100010,training,4.012022606720942,4.109078269359989
001100100011,training,3.9384076547950513,4.040540496954299
001100100100,validation,3.999568882310594,4.073364748858898
001100100101,training,3.9225617838974753,3.998507212157545
001100100110,validation,3.9201086124962052,3.9453589033408987
001100100111,training,3.845416431797241,3.8858704530578305
001100101000,validation,3.996271014652552,4.053297965743875
001100101001,training,3.917750936548369,3.969370821003169
001100101010,training,3.9176589623056484,3.918611471406942
001100101011,training,3.839516951178161,3.8500534130845216
001100101100,training,3.9183268443341546,3.907754533427599
001100101101,training,3.838816404857408,3.832876710809515
001100101110,training,3.839309422692198,3.819396874484555
001100101111,training,3.7627008128083754,3.7598881382847553
001100110000,training,3.9955678129425913,4.020245975329313
001100110001,training,3.916393377469723,3.9356512709221168
001100110010,validation,3.9177202931173194,3.883254943129164
001100110011,training,3.837785111565259,3.8140293251402526
001100110100,training,3.919235994415043,3.867445252980639
001100110101,validation,3.837856305682816,3.7918998706960636
001100110110,training,3.8387544045508677,3.776783056174377
001100110111,training,3.7600648162684,3.716606760308087
001100111000,training,3.920272636453721,3.8770821463942378
001100111001,training,3.83814439466396,3.7924671560703103
001100111010,training,3.839215842913908,3.7797393007690436
001100111011,training,3.75968401662525,3.710493396863401
001100111100,training,3.839923461682833,3.7887861931422657
001100111101,training,3.7599645529214336,3.713220524940959
001101000000,training,4.1450882212682885,4.278715109752036
001101000001,training,4.042296607289951,4.187524650684654
001101000010,training,4.0065481282424,4.107994894637476
001101000011,training,3.931906171427915,4.032173521988379
001101000100,training,3.9964663917090912,4.0542895063678035
001101000101,training,3.9185093634983543,3.972148369423043
001101000110,training,3.9174275180798324,3.9298981266471302
001101000111,training,3.8406585885978064,3.8631260761206554
001101001000,validation,3.9948978099700105,4.038573879181698
001101001001,validation,3.9155417948241436,3.9473631341975857
001101001010,training,3.9173235309331225,3.9075018506420927
001101001011,validation,3.8368485710990603,3.8316601920762654
001101001100,training,3.9191100940281207,3.8786530448941674
001101001101,training,3.8371690717679137,3.796491622032676
001101001110,training,3.8381956743905388,3.7939098517484493
001101001111,training,3.7588779069480327,3.727117515305243
001101010000,validation,3.995216906095244,4.021178370465211
001101010001,validation,3.915292338135332,3.929300065814607
001101010010,training,3.9188142308946685,3.8878018040623887
001101010011,training,3.8364012196175543,3.8112925858300697
001101010100,training,3.9216528230959287,3.8540002461452803
001101010101,validation,3.837688151458387,3.771171263617298
001101010110,validation,3.8392099392097467,3.766952515136346
001101010111,training,3.757599289447481,3.6994926190266484
001101011000,training,3.9234135270987145,3.8679882954877987
001101011001,training,3.838642804130826,3.776089704920464
001101011010,validation,3.8403767892654357,3.7742599156599317
001101011011,training,3.757841092602491,3.6977304115108813
001101011100,training,3.8414651331261647,3.7653149402645707
001101011101,training,3.7584663676048518,3.682465671819857
001101011110,training,3.7593884134104396,3.717915395830591
001101100000,training,3.9956658235556115,4.012113849620831
001101100001,training,3.915504290144112,3.9195261736976175
001101100010,validation,3.9199516284728912,3.8679942019027242
001101100011,training,3.836582056042027,3.7907756123977956
001101100100,training,3.9233537882304277,3.855667245851728
001101100101,validation,3.838389384749975,3.7721288920511356
001101100110,training,3.840174261239765,3.7578764335275086
001101100111,training,3.7574178998461356,3.6897071661452014
001101101000,training,3.9254246606654273,3.8671609029189
001101101001,training,3.839630972654252,3.7745529410789556
001101101010,training,3.841645286698917,3.7626894417757484
001101101011,validation,3.7579293281214827,3.685450566354089
001101101100,training,3.8428948458509855,3.775219068246499
001101101101,training,3.758700962902302,3.6916604285291754
001101101110,validation,3.7597464002592083,3.717076442497235
001101101111,training,3.679172583690108,3.648886889198197
001101110000,training,3.9265860333853726,3.8678102206003677
001101110001,training,3.840372327517506,3.774534699093932
001101110010,validation,3.842506658058615,3.761034221593999
001101110011,training,3.7583018673904918,3.6831277865058487
001101110100,validation,3.8438252638792045,3.768611095895568
001101110101,training,3.759136122264765,3.6843848965117534
001101110110,validation,3.7602338915008082,3.7081639322830866
001101110111,training,3.67916648229098,3.6393068193175577
001101111000,training,3.844632063506573,3.809808429491363
001101111001,training,3.7596710009045458,3.7165126220681963
001101111010,training,3.760797874153242,3.7426806170599494
001101111011,training,3.67945912350219,3.6647538960550676
001110000000,training,4.141420914238434,4.272730276391703
001110000001,training,4.038689506302805,4.185153758998952
001110000010,training,4.004152807085666,4.106053473261284
001110000011,training,3.9290399212096543,4.033846042286817
001110000100,training,3.995312103744102,4.050391877245442
001110000101,training,3.916936727519676,3.9718646819753123
001110000110,training,3.916575856141023,3.93004390950891
001110000111,training,3.838803442315908,3.8668858006570654
001110001000,training,3.9946590911576005,4.034204909116563
001110001001,validation,3.9149545973295043,3.946608105807081
001110001010,validation,3.917730229623436,3.907176292561098
001110001011,training,3.836123678883539,3.834948575669901
001110001100,validation,3.9201150251337302,3.8763712790670044
001110001101,training,3.8369937631434317,3.7978237978801435
001110001110,validation,3.8383027155964644,3.7956714979054267
001110001111,training,3.75765315517245,3.7324931031368513
001110010000,training,3.995524402973638,4.0111182669481815
001110010001,training,3.915303177293254,3.9228539039722086
001110010010,training,3.9199958799282864,3.8817851125294998
001110010011,training,3.8363782707421583,3.808889835971811
001110010100,training,3.9235465615151957,3.8460273468662236
001110010101,validation,3.8383237821450615,3.7668123060128718
001110010110,validation,3.840177882073952,3.763023027841429
001110010111,validation,3.757125460918678,3.6991770734063625
001110011000,training,3.925699018167961,3.8595440552659674
001110011001,validation,3.8396413577243464,3.7712594063732627
001110011010,validation,3.8417292518344928,3.7698590874222404
001110011011,validation,3.7577088026113277,3.696943524947821
001110011100,training,3.8430211386449247,3.7589579042807113
001110011101,validation,3.7585190954170606,3.679722577510628
001110011110,training,3.759596900977186,3.7156017718308725
001110100000,training,3.9962609709929255,4.012669573488729
001110100001,validation,3.9158329071599574,3.923695839240146
001110100010,training,3.9215486178494294,3.872593337754763
001110100011,training,3.8369367403247554,3.7989886899244647
001110100100,training,3.9257262980442404,3.858310173957598
001110100101,training,3.8394635750862314,3.778385761831636
001110100110,validation,3.841608490246606,3.7645627736175196
001110100111,training,3.7573522573082148,3.700007447909843
001110101000,validation,3.928225114674214,3.8693324900819954
001110101001,training,3.841102864389851,3.7803384699166815
001110101010,training,3.8435012003229385,3.7689044409229844
001110101011,training,3.7582393665392253,3.695279507175955
001110101100,validation,3.844971753400055,3.7794778596475664
001110101101,training,3.7592122605617138,3.699533161604874
001110101110,validation,3.760425120552907,3.725378645882443
001110101111,training,3.6782907984509983,3.6608030342580355
001110110000,training,3.929609808014393,3.8642906743115697
001110110001,training,3.842052118855743,3.7746290944797645
001110110010,validation,3.8445832067693377,3.761558087289342
001110110011,validation,3.758808729968419,3.6872655938758214
001110110100,validation,3.8461301931248126,3.7671787538447417
001110110101,training,3.759851123488252,3.6865664961355575
001110110110,training,3.761121161853483,3.710775002216401
001110110111,training,3.6784680416165556,3.6455318309255023
001110111000,training,3.847066494132334,3.807904746497762
001110111001,training,3.7605043001750342,3.718222880749226
001110111010,training,3.7618059381420563,3.7448203460504894
001110111011,training,3.6788697270146473,3.6705075667202376
001110111100,validation,3.7626616530013046,3.775297595127636
001110111101,validation,3.679478146833224,3.694665051501721
001111000000,training,3.9967027019230477,4.034248182903877
001111000001,validation,3.916187527187759,3.9379908484118866
001111000010,training,3.922411991499955,3.8977864129672373
001111000011,training,3.837323754918378,3.816898164893532
001111000100,validation,3.9269027985339187,3.8655113814014896
001111000101,training,3.8401415621466723,3.778303369032121
001111000110,validation,3.842431160536216,3.7753784468587384
001111000111,training,3.757594118080196,3.7035395209076545
001111001000,validation,3.9295750075073834,3.8808848534548064
001111001001,validation,3.8419422713774267,3.784607233046086
001111001010,training,3.844495246352855,3.784071270093122
001111001011,training,3.758634059619842,3.703162736102686
001111001100,training,3.8460548426719594,3.7766528210491224
001111001101,training,3.7596880977513596,3.6894245227630225
001111001110,training,3.760967750488971,3.726168073081326
001111001111,training,3.6782272936479097,3.654308861213511
001111010000,training,3.9310502906083107,3.891499519382454
001111010001,training,3.842976011023202,3.794554339307242
001111010010,training,3.845667032482895,3.792381398157553
001111010011,validation,3.75928359601861,3.7108053045006257
001111010100,validation,3.847306137395428,3.7800101969443705
001111010101,training,3.760409999803198,3.6921143389917797
001111010110,training,3.761748830283072,3.727220911113357
001111010111,validation,3.678479378323684,3.654694139579051
001111011000,training,3.8482946258122053,3.82508734552631
001111011001,training,3.761110880511489,3.728121879534367
001111011010,validation,3.7624823333696678,3.7656174108763643
001111011011,validation,3.6789250754183294,3.6840210313027058
001111011100,validation,3.7633820284899717,3.778102792184929
001111011101,training,3.6795741034128224,3.6901866483156067
001111011110,validation,3.680520357948892,3.7649616929288703
010000000000,training,6.127335976256955,5.315892293461988
010000000001,training,5.824081940528066,5.2370781910984014
010000000010,training,5.430122322769685,5.08290485168255
010000000011,training,5.326808815668849,5.019459835737249
010000000100,training,5.163900091105064,4.991606441681369
010000000101,training,5.019718444321719,4.9218416614404035
010000000110,training,4.8812646155397506,4.804947835295819
010000000111,training,4.835817658596838,4.750552141473139
010000001000,training,5.003328540515508,4.898429025343922
010000001001,training,4.827724760943605,4.819594637063604
010000001010,training,4.652958836410944,4.705089770139439
010000001011,training,4.5922310719795965,4.641624468277406
010000001100,training,4.556469482175059,4.638647942660005
010000001101,training,4.487818824347438,4.568862876502309
010000001110,training,4.448299185523816,4.49163752284941
010000001111,training,4.411468469217742,4.437221543109999
010000010000,validation,4.913658029631368,4.836575621697223
010000010001,training,4.718705967868903,4.757073673750414
010000010010,training,4.520236653388372,4.640931828629523
010000010011,validation,4.448841078650625,4.576798967100999
010000010100,training,4.4075722613141775,4.5695372489809065
010000010101,validation,4.3254323974891715,4.499084623156719
010000010110,training,4.279345674316329,4.420222291307095
010000010111,training,4.232615884365663,4.365138751901192
010000011000,training,4.349082840791838,4.506063509172082
010000011001,training,4.261065514200434,4.4265412753085425
010000011010,training,4.212661967122452,4.350067902679338
010000011011,training,4.161002123492627,4.285914755234083
010000011100,training,4.188634184468774,4.303529905552469
010000011101,training,4.134948346596503,4.23305699381155
010000011110,training,4.125373176837646,4.193863134453611
010000100000,training,4.865207449404837,4.76542562566269
010000100001,training,4.660046662259079,4.685214306443273
010000100010,training,4.448897560343799,4.559038751279706
010000100011,training,4.37138686428563,4.494196518478573
010000100100,training,4.327547976533568,4.509118773497201
010000100101,validation,4.2377823707639015,4.437956776400404
010000100110,training,4.189006210610538,4.349060734508106
010000100111,validation,4.135610493925969,4.293267823829593
010000101000,training,4.263957840588693,4.443150641413031
010000101001,training,4.1678551325115,4.362919036276882
010000101010,training,4.118211015739875,4.2764119536050025
010000101011,training,4.058237695023692,4.211549434887138
010000101100,training,4.09408893087245,4.251348558344245
010000101101,training,4.031402852187943,4.180166275330716
010000101110,validation,4.022145552731455,4.130938705930103
010000101111,training,3.967826678872142,4.07512550933486
010000110000,training,4.232445677701018,4.399342064164288
010000110001,training,4.133540574540118,4.3184428993616475
010000110010,validation,4.084683718942048,4.230298838493042
010000110011,validation,4.0210632868595,4.164768760108686
010000110100,validation,4.061577811464958,4.2002826910631015
010000110101,validation,3.9949425668147485,4.128432848383082
010000110110,training,3.986361817180446,4.077568300785743
010000110111,validation,3.927410908590998,4.0210875445240095
010000111000,training,4.050871936319105,4.164018235507554
010000111001,validation,3.982715350141972,4.0830987847881826
010000111010,training,3.974526002855636,4.034623196411263
010000111011,validation,3.91367563790915,3.969072832110177
010000111100,validation,3.9705196475561952,4.029463631503071
010000111101,training,3.908898888488442,3.9575935029063203
010001000000,training,4.839244907856748,4.738785321845446
010001000001,training,4.6291919366594065,4.651290402382621
010001000010,training,4.412063449920979,4.536012913259789
010001000011,validation,4.331453647010302,4.463887080215249
010001000100,training,4.286759433421442,4.468101067708702
010001000101,training,4.193319289613056,4.389655470368498
010001000110,training,4.143979815900182,4.311657494516933
010001000111,validation,4.086783980480039,4.248580983595014
010001001000,validation,4.220924942513868,4.406484091553451
010001001001,training,4.121376343049789,4.318968886173895
010001001010,training,4.073209259109672,4.243359869542749
010001001011,training,4.008419390648755,4.171213750581478
010001001100,validation,4.050733511814609,4.200304606513408
010001001101,validation,3.98284495672559,4.121838723256474
010001001110,training,3.974624015677058,4.0835092198965945
010001001111,training,3.914085358454555,4.0204124230579446
010001010000,validation,4.188059006891709,4.378331996002781
010001010001,validation,4.086270942668075,4.290149230956733
010001010010,validation,4.041215144139124,4.212903236128862
010001010011,training,3.972199996719635,4.140089557501099
010001010100,validation,4.02186696974797,4.1648952209303385
010001010101,training,3.94948494985788,4.085761778006913
010001010110,validation,3.9430877243877567,4.045795296450308
010001010111,training,3.8763888186733064,3.9820309399451665
010001011000,training,4.013710608291271,4.132981921303711
010001011001,training,3.939671426318292,4.044778870340933
010001011010,training,3.934320046926927,4.007201348004747
010001011011,training,3.8650420158829606,3.934367383460253
010001011100,training,3.931919031426216,3.9840499153279714
010001011101,training,3.8616070979092005,3.9048961864878144
010001011110,training,3.86057634543617,3.904598177422895
010001100000,training,4.172117888186136,4.325974260158931
010001100001,training,4.06962960461211,4.237082123840275
010001100010,training,4.027158112111809,4.149802418969729
010001100011,validation,3.956035951493662,4.076279369069356
010001100100,validation,4.010355963896648,4.123269005637318
010001100101,training,3.935800944339445,4.043426191441282
010001100110,training,3.9308602560051407,3.9934259998420023
010001100111,training,3.8607166781790534,3.9289522720642513
010001101000,training,4.003968416606578,4.088861313735343
010001101001,validation,3.9277703922147844,3.9999488914999555
010001101010,validation,3.924341568727483,3.952337659121095
010001101011,training,3.8512642277681755,3.8787943233039917
010001101100,training,3.923049958786894,3.950660828310431
010001101101,training,3.8488020265214145,3.870797728197664
010001101110,training,3.8483361820299313,3.86046600909007
010001101111,training,3.777454017005097,3.7959719953955884
010001110000,validation,4.001472184057125,4.078754044582628
010001110001,training,3.924513675210394,3.989174062680749
010001110010,training,3.921974905137819,3.9399258521051634
010001110011,validation,3.847391594509336,3.8657149566215687
010001110100,training,3.921203123335603,3.933296269125317
010001110101,validation,3.8453912152044882,3.852765609346059
010001110110,training,3.8451837877853765,3.8407969120417396
010001110111,training,3.772617686646718,3.775635338680767
010001111000,training,3.9209996709726216,3.9285922537519657
010001111001,training,3.8445541371883825,3.8389919859333554
010001111010,training,3.844457083425767,3.829412247849455
010001111011,training,3.771204021436164,3.75518106644913
010010000000,training,4.825531093386183,4.692699328459312
010010000001,training,4.613260818932775,4.608818350671118
010010000010,training,4.393505809909451,4.493970331857796
010010000011,training,4.311425160434041,4.425458440487886
010010000100,training,4.2665500510673375,4.42410227856054
010010000101,training,4.1714642102566435,4.3492706228949665
010010000110,training,4.12221854099183,4.271702117352912
010010000111,training,4.063073166516906,4.2122395481056225
010010001000,training,4.199829792244324,4.362013961462514
010010001001,validation,4.098975992047871,4.278112697757589
010010001010,training,4.052512660935879,4.202933151435953
010010001011,training,3.9852558983487323,4.134400974149312
010010001100,validation,4.031680813563745,4.157921680660444
010010001101,training,3.961159213440079,4.083069739078139
010010001110,validation,3.9538858616159422,4.045169706027771
010010001111,validation,3.8898432380704824,3.985686850863751
010010010000,training,4.166362000890652,4.3281707324599505
010010010001,validation,4.063820594435439,4.243601909088534
010010010010,training,4.022399612803632,4.166785384570172
010010010011,validation,3.950659215867741,4.09758564761704
010010010100,training,4.006569312816936,4.116821161625481
010010010101,validation,3.9313941989342056,4.041301660376686
010010010110,training,3.926992931930138,4.001764649129591
010010010111,validation,3.855772701765175,3.941614234299079
010010011000,training,4.0008485880259785,4.0844365210560785
010010011001,validation,3.924048890141927,3.9998474117679303
010010011010,training,3.9213276838622373,3.962699359741255
010010011011,training,3.8470621948392365,3.8934793368713914
010010011100,validation,3.9204457865662206,3.9375917193183114
010010011101,training,3.844966820762518,3.8620519321527844
010010011110,training,3.844704371823776,3.862183393397375
010010100000,training,4.149943507404209,4.286428824001029
010010100001,training,4.047158751840863,4.201150629357002
010010100010,training,4.009835545981834,4.114300394795967
010010100011,training,3.935891384853369,4.0443912865702245
010010100100,training,3.9981175849923356,4.085810773717387
010010100101,training,3.9208017200164473,4.009581901195981
010010100110,training,3.9187643584024,3.9600111799062114
010010100111,training,3.8434220331210502,3.899151393803091
010010101000,training,3.9953439635870924,4.050931740872638
010010101001,validation,3.9165461091528346,3.9656332603118805
010010101010,training,3.917013998270214,3.918451498242531
010010101011,training,3.838146084996265,3.848522104100057
010010101100,training,3.9180134881542874,3.914818459685698
010010101101,training,3.8377482261050364,3.8385693012475612
010010101110,training,3.8384002399288115,3.828667052449478
010010101111,training,3.7609559146094154,3.7677869804296265
010010110000,validation,3.994947145184769,4.03513333826803
010010110001,training,3.9155182709566922,3.9491672980407806
010010110010,training,3.917496378330501,3.900348557774705
010010110011,validation,3.8367925952011155,3.8297516039657404
010010110100,validation,3.9194013598780564,3.8917627670486903
010010110101,training,3.8372213839380445,3.8148460489440623
010010110110,validation,3.838304012463908,3.8033068219492527
010010110111,training,3.758717082967577,3.74175919026291
010010111000,training,3.920650219381788,3.8865874107325644
010010111001,training,3.8377046913295803,3.8006010845885845
010010111010,training,3.8389716670543033,3.7914508168141947
010010111011,training,3.7585183889782496,3.7208335770884995
010010111100,training,3.8397915897320303,3.8077216086099273
010010111101,training,3.758900643565559,3.7307846045885684
010011000000,training,4.142063967628303,4.2860649701187725
010011000001,training,4.039351265227406,4.1935031752313385
010011000010,training,4.004494046898618,4.117551006711037
010011000011,training,3.9295214690791185,4.0403582982418875
010011000100,training,3.99528961694743,4.071069517863874
010011000101,validation,3.9170377599453086,3.987557045099062
010011000110,validation,3.91645648072735,3.9488843898500265
010011000111,training,3.838988062012903,3.880741003503499
010011001000,training,3.994357963806845,4.040541640948045
010011001001,validation,3.9147537789478366,3.94795956014388
010011001010,training,3.917218699529872,3.911675864115264
010011001011,training,3.8359584182684534,3.834462869729384
010011001100,training,3.919414680205884,3.890050957789849
010011001101,training,3.836655726433399,3.806518199108306
010011001110,training,3.837875825376819,3.8075140163509564
010011001111,training,3.7576375806759015,3.7393503440876974
010011010000,validation,3.9950543403630996,4.04039972004151
010011010001,validation,3.914916020225046,3.9471500795708536
010011010010,training,3.919239076915253,3.9092294053455117
010011010011,training,3.8359918533260116,3.8313488512931406
010011010100,training,3.92256287470495,3.882651746850915
010011010101,training,3.8377281488734445,3.7984514285028803
010011010110,validation,3.8394767231529054,3.7978102675488046
010011010111,training,3.75687217563551,3.7289790356190546
010011011000,training,3.9245900070844937,3.8818275464637084
010011011001,training,3.8389298978672786,3.788557620076321
010011011010,training,3.84090505622064,3.7903054183426654
010011011011,training,3.7573467436187435,3.712404578373563
010011011100,validation,3.842132085854259,3.788584342369816
010011011101,training,3.7580982504897236,3.7043637381050494
010011011110,training,3.759126818761432,3.7433910496426606
010011100000,training,3.9957013129709673,4.017450071773272
010011100001,training,3.915345992252273,3.923491060030006
010011100010,training,3.9206594557100307,3.87553667576199
010011100011,validation,3.8364304198950956,3.7969467504370087
010011100100,training,3.924588973747814,3.870433619133504
010011100101,validation,3.8387275989504435,3.785523929512859
010011100110,training,3.840757704813329,3.77484905851611
010011100111,training,3.7569686812637646,3.7053084553137503
010011101000,training,3.9269503032761306,3.8671150264709513
010011101001,training,3.840239371328151,3.7731357288109546
010011101010,validation,3.8425148704656515,3.7648498170346243
010011101011,validation,3.7577355352349016,3.6862396057929123
010011101100,training,3.8439147159522102,3.784603342927886
010011101101,validation,3.7586442019263253,3.6996733673905102
010011101110,training,3.7598039465442303,3.728666968885446
010011101111,training,3.678157581180179,3.659106079766356
010011110000,training,3.92826316463921,3.885017931962371
010011110001,validation,3.8411218639877336,3.790371074635883
010011110010,validation,3.8435258514985264,3.7804481846628275
010011110011,training,3.7582417749927592,3.701170413754624
010011110100,training,3.8449996584582093,3.7952489583869062
010011110101,validation,3.759217640483975,3.7096514231830398
010011110110,training,3.7604329554570066,3.7370080464812503
010011110111,validation,3.6782761673892184,3.6667795976956685
010100000000,training,4.8185392385203265,4.709146999910034
010100000001,training,4.605289105671593,4.621192629060656
010100000010,training,4.384412683390028,4.500523194986692
010100000011,training,4.301656000365825,4.427937910555599
010100000100,training,4.2567855266011305,4.431900293865945
010100000101,training,4.160977490160459,4.352995245139188
010100000110,training,4.111897214811124,4.26960532433649
010100000111,training,4.05181058866845,4.2060693620280185
010100001000,validation,4.189727131814478,4.378210128575244
010100001001,validation,4.088386495214105,4.290235471809135
010100001010,validation,4.043045789006714,4.209234510226857
010100001011,validation,3.974606000623628,4.136628939879032
010100001100,training,4.02327007000365,4.165468191627856
010100001101,training,3.9515009449754226,4.086542856984369
010100001110,training,3.9448239751948466,4.0428214086733565
010100001111,training,3.8790008919989014,3.9792651604481546
010100010000,training,4.155997393000161,4.338370559333559
010100010001,validation,4.0533240174956,4.249728342900959
010100010010,training,4.014214153543796,4.167090403121955
010100010011,validation,3.9411875066474864,4.09381727310764
010100010100,validation,4.000638785980985,4.118371332353773
010100010101,training,3.9241975473642072,4.038778438043794
010100010110,validation,3.9210765989566596,3.9934200115360565
010100010111,validation,3.847512751808548,3.929196203644363
010100011000,training,3.996509513626591,4.094384843591696
010100011001,training,3.9185085545852725,4.005722341242365
010100011010,training,3.9174973650452825,3.962752873955046
010100011011,validation,3.8406259178595605,3.889459458024
010100011100,training,3.9176175360643914,3.9388903857086106
010100011101,validation,3.8394320131701427,3.859277205481901
010100011110,validation,3.8396603355380727,3.853587251465849
010100100000,training,4.139324759503562,4.2978252657747325
010100100001,training,4.036704949233937,4.208473678069523
010100100010,training,4.002658725408052,4.1158020282478445
010100100011,training,3.9274054497983615,4.04181952696092
010100100100,training,3.994245220616325,4.088557559345773
010100100101,training,3.915747638047558,4.008255293763185
010100100110,training,3.9156157330828076,3.9528631572127724
010100100111,training,3.8375407890409834,3.887929978048469
010100101000,validation,3.9938876350737997,4.062076678308349
010100101001,validation,3.9140816176705915,3.972704804686409
010100101010,training,3.9171601023415064,3.9197016273564165
010100101011,training,3.8352189128966723,3.84569884015276
010100101100,validation,3.9197245795178555,3.9173137409760925
010100101101,validation,3.836256504148615,3.8369911894767728
010100101110,training,3.8376500925731842,3.8212675254180466
010100101111,training,3.756610195536472,3.756314060337012
010100110000,training,3.9949246257879327,4.040281935464621
010100110001,training,3.9146166583562407,3.950242502176189
010100110010,training,3.9196598852918085,3.8956023466494707
010100110011,training,3.835689242711968,3.820931999779323
010100110100,training,3.9234210098823055,3.8882617080999644
010100110101,validation,3.8378318374047353,3.8072715969341533
010100110110,validation,3.8397840747505816,3.7899109546787013
010100110111,validation,3.7563132287074157,3.724289929931176
010100111000,training,3.925688708266905,3.8914845035911636
010100111001,training,3.8392573779652777,3.8014247843860005
010100111010,training,3.841449254260553,3.7864531013509684
010100111011,training,3.756999347864801,3.71176246856409
010100111100,training,3.842800973982655,3.803969045323209
010100111101,training,3.757864589999854,3.7229586482406676
010101000000,training,4.131245455424883,4.2859702929492975
010101000001,training,4.028884441151918,4.189335105000682
010101000010,training,3.9979073004968853,4.107561521219736
010101000011,training,3.921626905513075,4.026295419689404
010101000100,training,3.9926888487010173,4.062325184549083
010101000101,training,3.913337343429409,3.9747393187230875
010101000110,validation,3.9150777603645204,3.930245248213409
010101000111,training,3.8346526115548194,3.8580284688056987
010101001000,training,3.9947301912935003,4.040195459440579
010101001001,training,3.9142841848204957,3.9435399855752307
010101001010,validation,3.919977607953094,3.901434874285972
010101001011,validation,3.835372454559127,3.820148486838909
010101001100,training,3.924134055728467,3.881055120137066
010101001101,training,3.8378835219595757,3.7934489683943395
010101001110,training,3.8400193589486973,3.7886233703763468
010101001111,training,3.7557862248374976,3.7163863050519055
010101010000,training,3.997217431865713,4.0340571982949225
010101010001,validation,3.9164269915394834,3.9367341647630836
010101010010,training,3.9245756233767906,3.8929920752770997
010101010011,training,3.8377604323354166,3.8110381281635455
010101010100,training,3.9302497564172207,3.867659568959011
010101010101,training,3.841685415311659,3.779385857549793
010101010110,training,3.84451987711798,3.7729232813350757
010101010111,training,3.7575724702016173,3.7000186563441426
010101011000,validation,3.933577812795414,3.8752335203791293
010101011001,training,3.8441005804161534,3.777890200930559
010101011010,training,3.8472354292081463,3.7738165839362607
010101011011,training,3.7591981991410504,3.6918423509059757
010101011100,validation,3.8491304639842605,3.7733406601399198
010101011101,validation,3.7605595331394164,3.6850466628139706
010101011110,training,3.7620894670720415,3.7182525590909385
010101100000,validation,3.998813239820616,4.01230416492678
010101100001,validation,3.9179160534563073,3.914271760122331
010101100010,training,3.927387455040948,3.860495960593672
010101100011,training,3.8394745651745894,3.777832642207508
010101100100,training,3.933886798765478,3.856638056141695
010101100101,training,3.8441722381115047,3.767654973459867
010101100110,training,3.8473836715881857,3.7511586872024747
010101100111,training,3.759066364132953,3.6775446909389324
010101101000,training,3.9376755852216614,3.861717615286467
010101101001,training,3.84701959604211,3.763664924565288
010101101010,validation,3.850558925867676,3.7495575975283146
010101101011,training,3.7611050284366434,3.6668739932254195
010101101100,training,3.852687414865059,3.7705562755980844
010101101101,training,3.7626801062618758,3.681552906999526
010101101110,training,3.764381033257567,3.7047250932338196
010101101111,training,3.677999190555893,3.631090811053546
010101110000,training,3.9397352702805573,3.873624180538767
010101110001,training,3.8486019410225136,3.7749039301510967
010101110010,training,3.8523137612011986,3.7591596249173977
010101110011,validation,3.762279080319829,3.6758084609480113
010101110100,training,3.8545418639001703,3.775205550817985
010101110101,training,3.7639453115339827,3.685534622552935
010101110110,training,3.7657183390580755,3.7070698305905037
010101110111,training,3.67874503592147,3.6327679887437387
010101111000,training,3.855863854975113,3.80998878649138
010101111001,training,3.764952400795845,3.711248250186978
010101111010,validation,3.766764637436085,3.7351724174449656
010101111011,training,3.679474676405672,3.6518009675588488
010110000000,training,4.127430347389705,4.285136455705632
010110000001,validation,4.025251400644102,4.192115209431646
010110000010,training,3.995876917792731,4.110771095960211
010110000011,training,3.9191297323241954,4.0331189361045094
010110000100,training,3.992346808313217,4.063578551543389
010110000101,validation,3.912636810061582,3.9796066273920236
010110000110,training,3.9153738485786853,3.9355420271918558
010110000111,validation,3.8338048070317576,3.8669391894587757
010110001000,training,3.995675033548953,4.04097748549211
010110001001,validation,3.9149993757678607,3.9479359533013927
010110001010,training,3.922101002399424,3.9062603123216437
010110001011,training,3.8361937392408985,3.828587866549211
010110001100,training,3.9271235582421937,3.883924350426569
010110001101,validation,3.839511512952135,3.799932140358473
010110001110,training,3.842047193866155,3.7955360126499906
010110001111,training,3.756226143367822,3.7269128890001793
010110010000,training,3.9989495836076663,4.0291480908945605
010110010001,training,3.918024277701021,3.9354389990373524
010110010010,validation,3.927857683881545,3.8921263798608785
010110010011,validation,3.8396485040442414,3.8137863744219542
010110010100,training,3.934581770688132,3.864837665796621
010110010101,training,3.8445578772341005,3.780177896062033
010110010110,training,3.8478719390078195,3.774144790156826
010110010111,validation,3.7591866812241475,3.704854106840523
010110011000,training,3.938495909311203,3.8719402762739645
010110011001,training,3.8475234554249447,3.778210898500025
010110011010,training,3.851172658948639,3.774566751815237
010110011011,validation,3.7613389226263343,3.6962064604595817
010110011100,training,3.853364640095996,3.772134620272727
010110011101,validation,3.7629724274319982,3.687454564621408
010110011110,training,3.7647199344283426,3.721089931207887
010110100000,training,4.000966372476867,4.0180108849113445
010110100001,training,3.9199895894556724,3.9235924217815263
010110100010,training,3.931301583293504,3.8702460925623776
010110100011,validation,3.841946648355694,3.7911967158508437
010110100100,training,3.9389557802463604,3.864431980364232
010110100101,training,3.8477304592593624,3.7790628393570342
010110100110,training,3.851466847376112,3.762996023409152
010110100111,validation,3.7613309114519065,3.6929959688202403
010110101000,training,3.943391892302902,3.8690401985662293
010110101001,validation,3.8511876721710543,3.7746014495196802
010110101010,training,3.855291146857359,3.7609235927922176
010110101011,validation,3.763955183441689,3.6818539301639523
010110101100,validation,3.857745736748631,3.7799660631158187
010110101101,training,3.7658297100848253,3.694576636191891
010110101110,training,3.767766942379604,3.7181782927356943
010110101111,validation,3.6794691258330787,3.648157952230051
010110110000,training,3.945791514176088,3.875255630366636
010110110001,training,3.8530907482068626,3.780149321653595
010110110010,validation,3.8573877272452965,3.7648344867294066
010110110011,training,3.7654378356343323,3.685097264434651
010110110100,validation,3.859954256395717,3.778924204883826
010110110101,training,3.76741505699937,3.692867218293406
010110110110,validation,3.769432157775702,3.7148318966404847
010110110111,training,3.6805072549716056,3.6441439964683497
010110111000,training,3.8614676317095036,3.8132360996144468
010110111001,training,3.7685983023276446,3.718109504984675
010110111010,training,3.7706585218763347,3.7424631425521726
010110111011,training,3.681400745867704,3.6627056343406856
010110111100,training,3.7719916360342354,3.7814094432283385
010110111101,validation,3.682451207471086,3.6953321707211884
010111000000,validation,4.00204259761957,4.032432362020897
010111000001,training,3.9210593278719883,3.9307302986476715
010111000010,training,3.9331118679959602,3.888282035469257
010111000011,training,3.843206412141471,3.801949058514316
010111000100,training,3.941234369006328,3.864476055502529
010111000101,training,3.849431519463731,3.771823314251925
010111000110,validation,3.853379798179767,3.7666545643447766
010111000111,validation,3.7625403380846385,3.689370909512457
010111001000,training,3.9459341521419513,3.8734354296334454
010111001001,training,3.8531376612691526,3.7717130803434893
010111001010,training,3.8574694222942654,3.7689332896567604
010111001011,validation,3.7654042937482193,3.6825800267850886
010111001100,training,3.860056117697117,3.76998389221178
010111001101,validation,3.76740023197337,3.6773108650444444
010111001110,training,3.7694321060510574,3.7118105876289818
010111001111,training,3.680390180035738,3.6345066468799314
010111010000,training,3.948472491106109,3.895307343131925
010111010001,training,3.8551718973588263,3.792917434175478
010111010010,validation,3.8597059733769985,3.7885006652920232
010111010011,validation,3.7670134982906265,3.7014798427538604
010111010100,training,3.8624097875538226,3.78459851567786
010111010101,validation,3.769116985225829,3.6912579288440335
010111010110,training,3.771231959135767,3.724120673231846
010111010111,training,3.681548471604155,3.6461491728163042
010111011000,training,3.8640007479620087,3.8232615663373997
010111011001,validation,3.7703717028379318,3.7208513714642213
010111011010,training,3.772531410683332,3.7561030750724527
010111011011,training,3.6825085164038445,3.6690619666175586
010111011100,training,3.7739270369310014,3.777057507980037
010111011101,validation,3.683616976640377,3.6836966352294795
010111011110,training,3.685133402441681,3.756227852108977
010111100000,validation,3.9498146354607475,3.9029623973393925
010111100001,training,3.8562612270831673,3.7998631171103354
010111100010,validation,3.8608991155203363,3.7854126381842064
010111100011,training,3.767890225262921,3.6976824443734335
010111100100,training,3.8636630486651535,3.8029850904361546
010111100101,validation,3.7700489290146115,3.708935132329718
010111100110,training,3.7722063511507917,3.7317641666748553
010111100111,validation,3.682198932290102,3.6530832949867045
010111101000,validation,3.865287948526082,3.839153748820348
010111101001,training,3.7713348754071787,3.73603418267456
010111101010,training,3.773537752750798,3.7612521762401165
010111101011,training,3.6831880242219017,3.6735016965126133
010111101100,validation,3.7749604806958668,3.803681211013812
010111101101,training,3.684321616854943,3.7096109669906454
010111101110,training,3.68586880275759,3.772108473827468
010111101111,training,3.5992262002780837,3.6934073162225864
011000000000,training,4.815134721983382,4.674561635000591
011000000001,validation,4.601453010151332,4.589982930986948
011000000010,training,4.380096077047111,4.472312566200078
011000000011,validation,4.29703309066431,4.403102948604721
011000000100,training,4.252191927814708,4.4028836722282225
011000000101,training,4.1560662233426475,4.327354290337201
011000000110,validation,4.107094957682059,4.246963438821598
011000000111,validation,4.046569430728754,4.186803143348861
011000001000,training,4.185001382045872,4.351289353938524
011000001001,training,4.083471067207024,4.26669036400815
011000001010,training,4.0387316025382125,4.188688471712966
011000001011,training,3.9697431834054817,4.119458568200878
011000001100,training,4.019516909857311,4.144116160262858
011000001101,training,3.947173880900103,4.068566492455105
011000001110,training,3.940811452929785,4.027844113431188
011000001111,training,3.8741370707286755,3.9676635320417204
011000010000,training,4.1511577472606795,4.300890120985206
011000010001,training,4.048483404867581,4.21562357138834
011000010010,validation,4.010597109252197,4.135984700896431
011000010011,training,3.9369805618949303,4.066087237717851
011000010100,validation,3.998223009856907,4.08645963727714
011000010101,training,3.9212173916492508,4.0102424098028955
011000010110,training,3.9187801093979284,3.967883052582253
011000010111,training,3.844084587624281,3.9070349115262943
011000011000,training,3.9949508975433683,4.064568995516065
011000011001,training,3.9164311238614116,3.9792821600024686
011000011010,training,3.916340314122167,3.9393117620022453
011000011011,training,3.8382055145360066,3.869394012906934
011000011100,validation,3.917004163480882,3.914643280904701
011000011101,training,3.8375049399175754,3.838405767513726
011000011110,training,3.837995856874877,3.835714882784769
011000100000,training,4.134358890620781,4.2645886932293955
011000100001,training,4.031897479173491,4.178612772359921
011000100010,training,3.999590782724903,4.088940191825337
011000100011,training,3.923744523797,4.018333357374146
011000100100,training,3.992953525176572,4.060889730072156
011000100101,training,3.9139528981278535,3.9839631313253028
011000100110,training,3.91485231370306,3.9315700640619857
011000100111,training,3.8354481842395822,3.8700125517334176
011000101000,validation,3.9939156206217326,4.036504696035736
011000101001,validation,3.9137184318397975,3.95050848924953
011000101010,validation,3.9182270042357343,3.9005043812066322
011000101011,training,3.8347836585813813,3.8298772608387113
011000101100,training,3.9216582079606686,3.8973105019751992
011000101101,training,3.836622547136523,3.8203636173116147
011000101110,training,3.838421630372597,3.807639022539983
011000101111,validation,3.755592355909616,3.746061224294684
011000110000,training,3.9957455773109842,4.004150289480372
011000110001,validation,3.915128708347808,3.917486523027675
011000110010,training,3.921863791755602,3.8658454367880517
011000110011,validation,3.836291694212931,3.7945507567536394
011000110100,training,3.9266621281797436,3.8576988053874364
011000110101,training,3.8393994265165534,3.780084361057361
011000110110,training,3.8418316288418737,3.765722788089003
011000110111,training,3.756417416214868,3.703477430177213
011000111000,training,3.9295032285297027,3.8630174478796384
011000111001,training,3.8413593695429724,3.7763333955102105
011000111010,training,3.8440634905500426,3.764360781762273
011000111011,validation,3.7576100090028697,3.6930458158111295
011000111100,validation,3.8457101987567857,3.781070732883405
011000111101,training,3.758744443550252,3.703436002636598
011001000000,training,4.126173089211353,4.2667490570764395
011001000001,training,4.0240720272516235,4.173489535963558
011001000010,validation,3.995161889551509,4.094715021469708
011001000011,training,3.9182945459266088,4.016824586775111
011001000100,training,3.9921002083822192,4.048672691947946
011001000101,training,3.912300785977595,3.964462492957685
011001000110,training,3.9153090302199023,3.9229674917351014
011001000111,validation,3.8334391738871574,3.854126379163126
011001001000,validation,3.995780968834533,4.028638813840443
011001001001,training,3.9150513552084116,3.935359006810831
011001001010,training,3.9225335394525094,3.896252964808667
011001001011,training,3.8362853777542183,3.8183422441973387
011001001100,training,3.9277901170505998,3.875067217808651
011001001101,training,3.8398221703321602,3.79083673290166
011001001110,validation,3.8424656046530776,3.7890102041707623
011001001111,training,3.756227953310551,3.720148805682056
011001010000,validation,3.9992705725111684,4.011940888983153
011001010001,training,3.918317276281354,3.9179935222870497
011001010010,training,3.9286050808775985,3.87725050208816
011001010011,validation,3.840031626877066,3.798672221810341
011001010100,training,3.93561256582518,3.851112002918962
011001010101,validation,3.8452078472487186,3.76621395834548
011001010110,training,3.84865105029684,3.7627504514178565
011001010111,training,3.759510399523415,3.693221493262659
011001011000,validation,3.9396851255046754,3.860781801340083
011001011001,training,3.8483228042139297,3.7668141487272484
011001011010,training,3.8521104850588928,3.7657396010200443
011001011011,training,3.7618061620267325,3.6871410348254945
011001011100,training,3.8543825089632207,3.7644576843725943
011001011101,training,3.7635132742930004,3.6795393538823804
011001011110,training,3.7653191881704724,3.715744319446443
011001100000,training,4.001402335246237,3.9944317214180263
011001100001,training,3.9204126944214255,3.899774983449313
011001100010,training,3.9322208374202714,3.848998253207749
011001100011,validation,3.8424893609043975,3.7697106016573203
011001100100,validation,3.9401867225380585,3.844334355904662
011001100101,training,3.848567519125397,3.75872694005857
011001100110,training,3.8524452619637666,3.745229723088272
011001100111,validation,3.7618329410507356,3.674991393660465
011001101000,training,3.9447978526496814,3.8515097620504375
011001101001,validation,3.852190254346776,3.7568327381649933
011001101010,training,3.8564456356806547,3.745724480415115
011001101011,validation,3.764616826442967,3.666416542947955
011001101100,training,3.8589881572512605,3.765917165633775
011001101101,training,3.766572353520793,3.6802894638709525
011001101110,validation,3.7685730403374817,3.7064607193923402
011001101111,training,3.6797730820585275,3.6362021040478028
011001110000,training,3.947289491419527,3.852856663591103
011001110001,training,3.854180464025603,3.7575120800391675
011001110010,training,3.8586350216466725,3.744766844092563
011001110011,training,3.766183653607508,3.6647913469589124
011001110100,training,3.8612928205026655,3.760006777142042
011001110101,validation,3.768245006026874,3.673711515712727
011001110110,training,3.770327656174629,3.6982457930373895
011001110111,training,3.680891306169183,3.6273196180263603
011001111000,training,3.862857832082655,3.79688585981644
011001111001,validation,3.7694759110300673,3.701520990347773
011001111010,training,3.771602734436575,3.7284442268928553
011001111011,training,3.6818292647850206,3.648448443842473
011010000000,training,4.1222889241325,4.255084549429816
011010000001,training,4.020425049505971,4.165438969991565
011010000010,training,3.9932946529883373,4.087093925807226
011010000011,validation,3.9159655112969323,4.0128174327872586
011010000100,validation,3.9921309869900603,4.039095388539294
011010000101,validation,3.9120068102250363,3.9584991312236637
011010000110,training,3.916143764656377,3.9174336003105905
011010000111,validation,3.833070002471618,3.8522064294132456
011010001000,training,3.9972788318957444,4.018590169489018
011010001001,validation,3.916384698819084,3.928924304134035
011010001010,training,3.92547907283696,3.8902477324413813
011010001011,validation,3.837855444403946,3.815950953504684
011010001100,validation,3.9317364116125373,3.8671057776951976
011010001101,validation,3.8423289736931094,3.7864892344628363
011010001110,training,3.845430873914403,3.785092176041449
011010001111,training,3.757489675897855,3.719844719227373
011010010000,validation,4.001675970128419,3.996201111179834
011010010001,training,3.9206764089426693,3.90586768615836
011010010010,validation,3.932906386966875,3.8655541362689805
011010010011,validation,3.8428570922464695,3.790589797665792
011010010100,training,3.9411370236471615,3.837459429353615
011010010101,validation,3.849185778489065,3.756175326454762
011010010110,validation,3.853183552868277,3.753141289836649
011010010111,training,3.762169579719562,3.687226273356082
011010011000,training,3.9458968362621873,3.846657886831961
011010011001,training,3.852949388036265,3.7563041758937565
011010011010,training,3.8573336866422956,3.7556590984960634
011010011011,validation,3.765089571511913,3.6806744739761434
011010011100,validation,3.85995088403446,3.752420974102444
011010011101,validation,3.7671140066336175,3.671116585286861
011010011110,training,3.769168594206652,3.7077510211604334
011010100000,training,4.004296382413666,3.9893077709996345
011010100001,training,3.923329704872822,3.898264974705551
011010100010,training,3.9372677020242985,3.847917714773497
011010100011,training,3.8460076086798156,3.772244004897699
011010100100,training,3.9465849894920733,3.841297609724242
011010100101,validation,3.8533631036349245,3.75930413555278
011010100110,validation,3.8578506676825692,3.746236388891993
011010100111,training,3.7652727554394616,3.6796120011388154
011010101000,training,3.9519590114835075,3.848001674927243
011010101001,training,3.8577081910427578,3.7569385927164283
011010101010,training,3.8626211333533513,3.7462598052760603
011010101011,training,3.7687545077692834,3.670565809483531
011010101100,training,3.865544684555383,3.764496282748553
011010101101,training,3.7710609733177143,3.6824825226603592
011010101110,training,3.773333016834436,3.7090832484912584
011010101111,training,3.6824507773799398,3.64243857482135
011010110000,training,3.9548525803444172,3.8436574430160144
011010110001,validation,3.8600795081354926,3.751926801138709
011010110010,training,3.865217339893105,3.739611035501615
011010110011,training,3.7706902571384284,3.6632494800425945
011010110100,validation,3.8682713284010815,3.752894760804925
011010110101,training,3.7731167725617394,3.6702134410502407
011010110110,training,3.7754801829976703,3.695177188684413
011010110111,validation,3.6839205409393205,3.6278649553480142
011010111000,validation,3.8700602831895563,3.7893025025365485
011010111001,training,3.774554373933298,3.6975515747425125
011010111010,training,3.776966648061972,3.7249042815971047
011010111011,training,3.68505139693395,3.6485224402213525
011010111100,training,3.778520986960228,3.7630445894221616
011010111101,validation,3.6863073326487448,3.680342983750746
011011000000,training,4.005673425972387,4.017744584781665
011011000001,validation,3.9247441484793915,3.9194181882441756
011011000010,training,3.939540387051333,3.8799689943528555
011011000011,validation,3.847697759592151,3.79701168423365
011011000100,training,3.9494068575984143,3.8553570215350184
011011000101,validation,3.855573422236737,3.7660799471201494
011011000110,validation,3.8603076799595337,3.7639102665000954
011011000111,validation,3.766969484438668,3.6900022785035116
011011001000,validation,3.955092442014331,3.8664122426669376
011011001001,validation,3.860214175863791,3.7680655602127167
011011001010,training,3.8653938618806025,3.7682848388130825
011011001011,validation,3.7707377128400994,3.685307242777146
011011001100,training,3.8684721918848535,3.7685294485169925
011011001101,training,3.773186865728136,3.679232088185392
011011001110,training,3.7755678186665973,3.7167308800570247
011011001111,training,3.6838766286323392,3.64280260614371
011011010000,training,3.958150511987404,3.877724492453783
011011010001,training,3.8627418281783275,3.7787102503330705
011011010010,training,3.8681572301407594,3.7772925507367106
011011010011,validation,3.772825251076845,3.693647395034283
011011010100,training,3.8713723975406076,3.772584408271438
011011010101,validation,3.7754004643062964,3.682619488273347
011011010110,training,3.777876712290648,3.7184813019482537
011011010111,training,3.6854914162086803,3.6438854683684476
011011011000,validation,3.8732524109790836,3.813343305931981
011011011001,validation,3.776922188892618,3.714308777894537
011011011010,validation,3.7794492461075797,3.7525595507898633
011011011011,training,3.6867008743453407,3.668894109170705
011011011100,training,3.7810756528153195,3.772707990846339
011011011101,training,3.688023793610945,3.6827227849315163
011011011110,validation,3.689802119813205,3.7582530710981086
011011100000,training,3.9597578166684735,3.8896234124642666
011011100001,validation,3.8640833496300875,3.7898997990709447
011011100010,validation,3.869619791772172,3.77844838943191
011011100011,training,3.773946969528077,3.6940938624568727
011011100100,training,3.8729052589037156,3.795214848832749
011011100101,validation,3.776586961428752,3.7045405575620487
011011100110,training,3.7791119188612208,3.73036866119428
011011100111,training,3.6863761482510156,3.6550634563418645
011011101000,validation,3.874824945844837,3.8334793542179453
011011101001,training,3.7781453009814214,3.7337354549078925
011011101010,training,3.7807219327520127,3.7619525177605437
011011101011,training,3.687619786397307,3.6775777048687757
011011101100,training,3.7823794364537973,3.8035755596831304
011011101101,training,3.6889715960558385,3.7128809824956988
011011101110,training,3.690784922762124,3.778377558619616
011011101111,training,3.60143870837819,3.7030520678504697
011011110000,training,3.8759528377957904,3.862836430402746
011011110001,validation,3.7790702550149087,3.762424971426202
011011110010,training,3.781676169506855,3.7890050560821273
011011110011,validation,3.6883680905230296,3.703962683523868
011011110100,training,3.7833520121788626,3.8256753458355313
011011110101,validation,3.689736914038125,3.7343132089816082
011011110110,training,3.691570757379257,3.7981728069088003
011011110111,training,3.602021989191603,3.7221797564731625
011100000000,training,4.120494050289742,4.282506102699592
011100000001,validation,4.0187546146702005,4.188787130200158
011100000010,training,3.9924870845032197,4.104620670755175
011100000011,training,3.914949380263334,4.0262707846740255
011100000100,training,3.9922503443541433,4.057867285663752
011100000101,training,3.911988909735104,3.9731976352869394
011100000110,validation,3.9166796289450363,3.9263106891132233
011100000111,training,3.8330403263766337,3.857010125154695
011100001000,training,3.9981208296651625,4.045760218420801
011100001001,training,3.9171722693619757,3.952020960004636
011100001010,training,3.927062952529049,3.907522973051339
011100001011,training,3.8387918024566368,3.829152801053459
011100001100,training,3.9338174221103905,3.8856261704816637
011100001101,training,3.8437319948105886,3.8009362341881197
011100001110,training,3.847060645549522,3.7937177605060897
011100001111,validation,3.7583096420900843,3.7243969106308303
011100010000,training,4.002968083592554,4.017374819872497
011100010001,training,3.921975411915039,3.9229680017898403
011100010010,validation,3.935168856412123,3.8768330366398183
011100010011,training,3.844423860888174,3.7977953049754465
011100010100,training,3.9440102414153473,3.849983481900961
011100010101,training,3.851329665950762,3.7646259859409255
011100010110,validation,3.8556031853582278,3.7557705340621697
011100010111,validation,3.7636960282254255,3.685782124520419
011100011000,training,3.9491146402509307,3.867580091186632
011100011001,training,3.8554194568401536,3.7731529871872445
011100011010,training,3.8601009919566045,3.7666864945289085
011100011011,training,3.7669310293810265,3.687628476947806
011100011100,training,3.8628904025668165,3.7646935223117977
011100011101,training,3.7691140580636793,3.6793157404350314
011100011110,validation,3.7712914672673947,3.7101287610479616
011100100000,validation,4.005831925459473,4.011678094592392
011100100001,training,3.924908139425495,3.916561905237126
011100100010,training,3.939905244465131,3.860393230044429
011100100011,training,3.847924035963339,3.780646127107448
011100100100,training,3.949899244029873,3.855018277171683
011100100101,training,3.8559210208710835,3.768951409939038
011100100110,training,3.8607126904119324,3.7500622480176076
011100100111,training,3.7671960283621373,3.6793644672032477
011100101000,training,3.9556570038472643,3.870120494182008
011100101001,training,3.86063052582887,3.7749840189100112
011100101010,training,3.865872081911583,3.7584838162090004
011100101011,training,3.771031109392711,3.6787164273552877
011100101100,validation,3.8689863634213966,3.777965445858001
011100101101,training,3.773513548998404,3.6918782927086253
011100101110,training,3.775920019694818,3.712657603278881
011100101111,training,3.6840398221632573,3.6419395365477905
011100110000,training,3.9587531803335714,3.8597799220316595
011100110001,validation,3.8631945143745376,3.7639758870931717
011100110010,training,3.8686741981156585,3.7458387061954346
011100110011,training,3.7731540381933053,3.6654037576752314
011100110100,validation,3.8719267476663086,3.7603675836752535
011100110101,training,3.7757638840516003,3.673612870859386
011100110110,validation,3.7782665328818266,3.6927552032329163
011100110111,validation,3.685688577685543,3.6213695768353342
011100111000,training,3.873827922320557,3.805173477214202
011100111001,training,3.777305230350307,3.7093491563589827
011100111010,training,3.7798591297749033,3.730880447952932
011100111011,training,3.68691644096084,3.650425213515997
011100111100,validation,3.781502412334849,3.770265907954498
011100111101,validation,3.688255075446829,3.6834909092218995
011101000000,validation,4.007330621397681,4.028623789431245
011101000001,training,3.926462998450537,3.9262239998325725
011101000010,training,3.942367588072288,3.8809533906806095
011101000011,training,3.8497913102353944,3.793922687500221
011101000100,training,3.9529449923438658,3.857586570039281
011101000101,training,3.858341922223299,3.764236102563229
011101000110,training,3.8633949780652608,3.7562450066825326
011101000111,validation,3.7690951180091683,3.6782636256247656
011101001000,validation,3.9590347346505372,3.8770399429785254
011101001001,training,3.8633670749551494,3.7746198674631213
011101001010,training,3.8688916712843318,3.7690177308028443
011101001011,training,3.773236750885754,3.681966741705725
011101001100,training,3.872170373718916,3.770507492683263
011101001101,validation,3.7758709371989627,3.6771367392904803
011101001110,validation,3.778392315384617,3.708814115901469
011101001111,validation,3.6856768077660536,3.6308124489269717
011101010000,training,3.962306454441092,3.88235585252625
011101010001,training,3.8660982091591953,3.779268217344355
011101010010,validation,3.871872648470854,3.7720291024873522
011101010011,training,3.7755223440784396,3.6843105537237415
011101010100,validation,3.875296559922228,3.7685661121985885
011101010101,training,3.7782904601778324,3.674527799139314
011101010110,training,3.780912250137581,3.704568197553578
011101010111,training,3.687481335955581,3.6258989709125893
011101011000,training,3.8772945428596577,3.8177231616664558
011101011001,training,3.7799213348940377,3.71461524056783
011101011010,validation,3.7825964649942763,3.747044598202513
011101011011,training,3.6887929571365947,3.6593057635221715
011101011100,validation,3.7843158444106217,3.768438190435497
011101011101,training,3.690202366233653,3.6743795914594917
011101011110,training,3.692085597262592,3.7440884623654407
011101100000,training,3.9640227882449977,3.895451387436829
011101100001,validation,3.8675437520035163,3.7916543809823238
011101100010,training,3.8734465262080295,3.7743815560826466
011101100011,training,3.7767455152952634,3.6859536360464262
011101100100,training,3.8769450650615935,3.792393167659994
011101100101,training,3.77958248000871,3.6976454833281105
011101100110,training,3.78225560977842,3.7176521716996995
011101100111,training,3.6884634477027674,3.6382735737861007
011101101000,training,3.8789851625454683,3.8390558248525157
011101101001,validation,3.7812522655151413,3.7352385324812793
011101101010,validation,3.7839796630959954,3.757634180073288
011101101011,validation,3.689811440251014,3.669185974120337
011101101100,validation,3.7857318197090573,3.8005023741723836
011101101101,validation,3.691251321265393,3.7057344039237687
011101101110,validation,3.693171323723014,3.765409564787044
011101101111,validation,3.6027771069599543,3.686010680956714
011101110000,training,3.8801807742664645,3.862416560798196
011101110001,training,3.782240047360976,3.7579317087604687
011101110010,validation,3.7849981829637893,3.7786903781557513
011101110011,training,3.690618720739323,3.689574612536309
011101110100,training,3.7867695833505572,3.8166058200856643
011101110101,training,3.6920764676038496,3.721170290170558
011101110110,training,3.6940179219025935,3.7792084728371074
011101110111,training,3.603415835155136,3.6991420293402864
011101111000,training,3.7879078360664686,3.8929721538068085
011101111001,training,3.693018431046581,3.7884670158523504
011101111010,training,3.694979797370238,3.848894157739319
011101111011,training,3.604185740384453,3.7597581062031455
011110000000,training,4.008082510177298,4.06221143792709
011110000001,training,3.9272473148498293,3.9634255900030473
011110000010,training,3.943591034139749,3.9185844511605943
011110000011,training,3.8507332733413784,3.8351676896548366
011110000100,training,3.954451694314996,3.8932614227730973
011110000101,training,3.8595529517508878,3.8035248969716755
011110000110,validation,3.864732699887174,3.7959632714004896
011110000111,validation,3.7700600934710686,3.721595832017353
011110001000,training,3.9607029547125054,3.912243454769567
011110001001,training,3.8647318352128988,3.8134373209287933
011110001010,training,3.8703937700075097,3.8082646545780268
011110001011,training,3.774351224080349,3.7248276071555377
011110001100,training,3.873752306711621,3.807798208712277
011110001101,validation,3.7770591281675814,3.718041396994124
011110001110,training,3.779636033916649,3.750148243914624
011110001111,training,3.6865222780741465,3.6757605186147564
011110010000,validation,3.9640601636045516,3.911868230865399
011110010001,validation,3.867544454280767,3.8123945373581334
011110010010,training,3.873461998689563,3.805584892810641
011110010011,training,3.776716223729038,3.721480285721661
011110010100,training,3.876969165331276,3.8001656947757088
011110010101,validation,3.7795612741179476,3.7097413233910643
011110010110,training,3.782240669425559,3.740211192114839
011110010111,training,3.688402943039225,3.66515590714848
011110011000,training,3.8790141771587177,3.8488514033008014
011110011001,training,3.7812356624157504,3.749357423876806
011110011010,training,3.7839694206865726,3.7822162518209996
011110011011,validation,3.6897552981011956,3.698091358815288
011110011100,training,3.7857255929242477,3.8016536363078144
011110011101,training,3.691198937641601,3.711208979006439
011110011110,training,3.6931235451294806,3.781347320221899
011110100000,training,3.9658201218507263,3.935579593160904
011110100001,training,3.8690316524499515,3.8353965283810294
011110100010,validation,3.875080509873105,3.8185531737908627
011110100011,training,3.7779800723409864,3.7337391954292727
011110100100,validation,3.878664072717525,3.8346085776220415
011110100101,training,3.780895635249886,3.743474834964788
011110100110,training,3.7836274386963864,3.7639109936458874
011110100111,training,3.6894241337760505,3.688146337406919
011110101000,training,3.8807521969594165,3.8807998938717887
011110101001,training,3.782609873082883,3.780596543175183
011110101010,training,3.7853969929932307,3.803421661076702
011110101011,training,3.6908137565703867,3.7185873967983807
011110101100,training,3.78718662491367,3.844333647429628
011110101101,training,3.692288510483481,3.7531796188556434
011110101110,validation,3.694250605947539,3.813284250028429
011110101111,training,3.603448247673042,3.737499307872729
011110110000,validation,3.8819747849208213,3.898469496365575
011110110001,training,3.7836226841287792,3.797598586002478
011110110010,training,3.786441129933917,3.8187867257072714
011110110011,training,3.691644536673173,3.733284901762459
011110110100,training,3.788250371012889,3.854745959891015
011110110101,training,3.6931375005227682,3.762924371650539
011110110110,validation,3.695121423810953,3.8213920246265993
011110110111,validation,3.6041090731990693,3.7449395228044087
011110111000,training,3.7894123431921583,3.930640952669385
011110111001,validation,3.6941015729105984,3.8297497563895577
011110111010,validation,3.6961057215042334,3.8906063685860364
011110111011,training,3.604899795160103,3.8050842587244933
011110111100,training,3.697440429055977,3.951422185291528
011110111101,validation,3.605991709097118,3.859580311134321
100000000000,training,6.125621075989078,5.323109177615807
100000000001,training,5.822196331840865,5.240751906639039
100000000010,training,5.42790866522233,5.088193799957205
100000000011,validation,5.324458219221098,5.021205615398722
100000000100,training,5.161324643858835,4.993527293628881
100000000101,training,5.01688692904293,4.920219344774734
100000000110,validation,4.8781659298321784,4.804940751364166
100000000111,validation,4.832586415628896,4.747001888928304
100000001000,validation,5.000415961146204,4.897771774647528
100000001001,training,4.8244348470793454,4.815394217754029
100000001010,training,4.649235867639939,4.702504583563881
100000001011,training,4.588288937867094,4.635496113088666
100000001100,training,4.552452923946623,4.632694659757304
100000001101,training,4.483531163474733,4.559366424986426
100000001110,training,4.443887990972175,4.483756304067544
100000001111,training,4.406857119979046,4.425797155714951
100000010000,training,4.9104302821331975,4.849849563312206
100000010001,training,4.7150143381557825,4.766804446752215
100000010010,training,4.515994269969675,4.652277834365341
100000010011,validation,4.444305045329466,4.584601804223636
100000010100,training,4.402949507152033,4.577515158389582
100000010101,validation,4.320443729919663,4.503519363952213
100000010110,training,4.2742263332930985,4.426272264836605
100000010111,training,4.2271800627464025,4.367645556817521
100000011000,training,4.344235147909542,4.511463315936853
100000011001,training,4.255820087058641,4.428397913460131
100000011010,training,4.207320019086901,4.353539773564943
100000011011,validation,4.155274771653951,4.285843457506506
100000011100,training,4.183252491529863,4.303633680110931
100000011101,training,4.129152098570461,4.229617599756831
100000011110,validation,4.119572416954344,4.1920389731329095
100000100000,training,4.861644501642616,4.77893780644823
100000100001,validation,4.655974723247855,4.695183318615631
100000100010,training,4.444225777948629,4.570622996186082
100000100011,training,4.36637530752532,4.502237594771767
100000100100,training,4.322476726997159,4.517334922076435
100000100101,training,4.232305677068752,4.442629756366456
100000100110,training,4.18346251478405,4.3553489472081734
100000100111,training,4.129648856608072,4.29601286791648
100000101000,training,4.258658107123847,4.448788687348358
100000101001,validation,4.1621585146394064,4.365013913599028
100000101010,validation,4.112619066188473,4.280122063661166
100000101011,training,4.052121543665212,4.211716376330119
100000101100,validation,4.088618449224701,4.251690572073264
100000101101,validation,4.025365800465425,4.176965120446555
100000101110,validation,4.016188907432808,4.129352783779958
100000101111,training,3.9612220805789997,4.069996418571534
100000110000,training,4.227011904662809,4.418911302410992
100000110001,training,4.12774914536918,4.33446896899517
100000110010,training,4.079183367488882,4.247940140860582
100000110011,training,4.014976193361808,4.178866893863043
100000110100,validation,4.056360146214659,4.214555897103498
100000110101,validation,3.9890941458865856,4.139162885810297
100000110110,validation,3.9806796300176788,4.089913570946975
100000110111,training,3.920940833658043,4.02988964607206
100000111000,validation,4.045841678059584,4.175713338904044
100000111001,validation,3.9770337322392524,4.091250719571493
100000111010,training,3.9690577304320604,4.044390363928589
100000111011,training,3.9073583699229237,3.9752968310143215
100000111100,training,3.965170208053331,4.035862702693254
100000111101,validation,3.9026766613491617,3.960449405483322
100001000000,training,4.835309139391385,4.741369830721014
100001000001,training,4.624733049869173,4.650331742645007
100001000010,training,4.407004905213539,4.5366694862561925
100001000011,training,4.326032161921619,4.46100048459847
100001000100,training,4.281325376388699,4.465389544377962
100001000101,validation,4.187478669164522,4.383400778424576
100001000110,training,4.13816552677183,4.307018035307028
100001000111,training,4.0804824794473165,4.240398355771927
100001001000,training,4.21529056925656,4.401194465578805
100001001001,training,4.11540868113364,4.310136091586068
100001001010,validation,4.067629405735495,4.236142307688938
100001001011,training,4.0022254918184,4.160453020114486
100001001100,training,4.045518306437161,4.189718948332455
100001001101,training,3.976972522526643,4.107709896462339
100001001110,training,3.968960887857946,4.070995625836477
100001001111,validation,3.9075712699546177,4.004355660384645
100001010000,validation,4.182291434997818,4.386973562339511
100001010001,validation,4.080289055926366,4.295247628680283
100001010010,validation,4.036041978942751,4.219616866586428
100001010011,validation,3.966346194739109,4.143260019345484
100001010100,training,4.017456639911547,4.168240755060763
100001010101,training,3.9443675980718207,4.085564143524155
100001010110,validation,3.9383995020819746,4.047212894701566
100001010111,training,3.8706177372848947,3.979905369583244
100001011000,validation,4.0098191737918425,4.133749352790229
100001011001,training,3.9350716580148544,4.042003133214269
100001011010,training,3.930279444235496,4.0060408436121
100001011011,training,3.8598133005294923,3.9296637104544248
100001011100,training,3.9281983654621118,3.9795213146081823
100001011101,training,3.856657674567333,3.8968244171548436
100001011110,validation,3.8557917640229435,3.8981416408239413
100001100000,training,4.166248531305994,4.33485406566622
100001100001,training,4.0636430607581895,4.242418760734382
100001100010,training,4.022302773431836,4.156754288597853
100001100011,training,3.9504721075339133,4.079688070084298
100001100100,training,4.006587281677776,4.126852778938298
100001100101,training,3.9313203118980646,4.043466796129081
100001100110,validation,3.926993120131082,3.995081837263818
100001100111,validation,3.8556151472222204,3.9270649408728864
100001101000,training,4.000956267456676,4.089866984392419
100001101001,training,3.924067699802791,3.997411393543849
100001101010,validation,3.921450817344932,3.9514153938990058
100001101011,validation,3.847007041944472,3.874328889468721
100001101100,training,3.920631107681207,3.946370466761199
100001101101,training,3.844965980274851,3.8629641980352507
100001101110,training,3.8447345116475335,3.8542477116616736
100001101111,training,3.7723276871561953,3.7862105293540105
100001110000,validation,3.99889367717464,4.09369090755108
100001110001,validation,3.921263950287412,4.00056775703602
100001110010,validation,3.9196588536090298,3.9529347791944507
100001110011,validation,3.8436362139616693,3.8751807150976747
100001110100,validation,3.919433459516132,3.9429370998874615
100001110101,training,3.842127008946765,3.858863271495022
100001110110,validation,3.8421875522759485,3.8485098069247194
100001110111,training,3.767998735917813,3.779805064950565
100001111000,training,3.9195246175458105,3.9356549818702047
100001111001,training,3.841555252349644,3.8425115454384127
100001111010,validation,3.8417405709344417,3.8345470400885295
100001111011,validation,3.7668263978851204,3.7567726900750227
100010000000,validation,4.821231366740412,4.7014612626230345
100010000001,validation,4.608440709686272,4.614037116221659
100010000010,training,4.388108865067718,4.500804330142354
100010000011,training,4.305655095508464,4.428749270159262
100010000100,validation,4.260813733057316,4.427568180517955
100010000101,validation,4.1653322438442215,4.3491933562392004
100010000110,training,4.116191982222196,4.273240083431162
100010000111,training,4.05651800142612,4.210234345570692
100010001000,validation,4.193926771067305,4.362901760776024
100010001001,training,4.0928066960465195,4.275457328457916
100010001010,training,4.046970674370071,4.201893014870298
100010001011,training,3.979051391455322,4.129817668970475
100010001100,training,4.026718317994291,4.153513447767647
100010001101,training,3.9554974243140597,4.07511833757216
100010001110,training,3.9485490965405723,4.038833537255808
100010001111,validation,3.8835167901674326,3.975807513478607
100010010000,training,4.160328091220024,4.342989724084837
100010010001,training,4.0577123172206155,4.254877732100238
100010010010,training,4.017558320963681,4.179676440315894
100010010011,validation,3.945096648644945,4.1069335347495795
100010010100,validation,4.002946841924638,4.12634412104406
100010010101,training,3.9270569259325705,4.047281451182082
100010010110,training,3.9233435099060627,4.009359672669005
100010010111,validation,3.850828188967865,3.945666089225312
100010011000,training,3.998079510282248,4.091381377830752
100010011001,validation,3.9205961972818533,4.0032490999294215
100010011010,training,3.9187889656827966,3.967716280636763
100010011011,validation,3.843086555736288,3.8949530891537183
100010011100,training,3.918440738684789,3.939240543886677
100010011101,training,3.8414704136361806,3.8601575881079686
100010011110,training,3.8414704772700157,3.8619042820865763
100010100000,training,4.143780420338725,4.301486054796472
100010100001,validation,4.041080430015219,4.212664691539263
100010100010,validation,4.005539467195638,4.127429689712246
100010100011,training,3.9308592340875417,4.053977412873322
100010100100,training,3.9955944327191673,4.095571972306523
100010100101,validation,3.917603691033436,4.0157999311719355
100010100110,validation,3.916582105554984,3.9678444426161827
100010100111,validation,3.83973506031755,3.903441487899881
100010101000,training,3.9941058703484136,4.058114836817868
100010101001,training,3.9147194361940705,3.969273187643929
100010101010,training,3.9165707035114585,3.923706658308596
100010101011,training,3.8360146171895932,3.850234095552942
100010101100,training,3.9183959284219423,3.916705523424621
100010101101,validation,3.8363726286786153,3.836913196373303
100010101110,training,3.837417621748295,3.8286261803092363
100010101111,training,3.7580099673163727,3.764202939676203
100010110000,validation,3.9944675717005818,4.056247626524636
100010110001,validation,3.914514544763659,3.9667384176842058
100010110010,training,3.918111498559051,3.919534910152147
100010110011,validation,3.835615613392843,3.8453947877300014
100010110100,training,3.92099222509838,3.90758102309899
100010110101,training,3.8369434551322374,3.82712113638118
100010110110,validation,3.8384851902162143,3.817197142120388
100010110111,validation,3.756782005987285,3.7521063418208636
100010111000,training,3.922775311756232,3.899827564138958
100010111001,validation,3.8379197674026213,3.8102980693817967
100010111010,training,3.839674375318159,3.8027630343414236
100010111011,validation,3.757045053521128,3.728602626002547
100010111100,training,3.8407745562985953,3.815665729810014
100010111101,training,3.757681552656736,3.7351855571754737
100011000000,training,4.135799086093041,4.290194529004243
100011000001,training,4.0332705967898805,4.194089565503628
100011000010,training,4.000515376577485,4.119752629717342
100011000011,validation,3.9248058367393592,4.039016752635012
100011000100,training,3.9934412499330625,4.069903044543038
100011000101,training,3.914554646598786,3.9828474031650436
100011000110,validation,3.9152058532610936,3.945789980650025
100011000111,training,3.8361125058824967,3.874103425690316
100011001000,validation,3.9940838709590265,4.036797064983302
100011001001,validation,3.9139736732740538,3.940671815565956
100011001010,validation,3.9181412522885735,3.906003352271357
100011001011,training,3.8350474479373107,3.8252471892722952
100011001100,training,3.921366198041085,3.8810103496187995
100011001101,training,3.8366947165311336,3.7939344223240745
100011001110,training,3.838397514119878,3.7965454723007417
100011001111,training,3.755984718303473,3.724838631424302
100011010000,validation,3.995722851086181,4.050586336388144
100011010001,training,3.9151732697185557,3.953793527304306
100011010010,training,3.9215063187498673,3.9174880858129812
100011010011,training,3.8363060833247635,3.836064363147429
100011010100,training,3.9260584957178994,3.8875423309912414
100011010101,training,3.8391837764905175,3.7997988440300254
100011010110,training,3.841502281759773,3.800772915809967
100011010111,training,3.756539541854969,3.728398515267036
100011011000,training,3.9287634948747563,3.884140027960129
100011011001,training,3.841016373529828,3.7873269329595605
100011011010,validation,3.8435992423236547,3.7906899639599216
100011011011,validation,3.7576109329033223,3.7092459553776376
100011011100,training,3.8451760841051525,3.7856007916599292
100011011101,training,3.7586813979007907,3.697837018781982
100011011110,training,3.7599747973676965,3.7384795630536094
100011100000,training,3.996867534626095,4.027874927290463
100011100001,validation,3.9161559657717047,3.930372746934016
100011100010,training,3.923649775802027,3.884033595400017
100011100011,training,3.83740579690094,3.8019005014618545
100011100100,training,3.928919408227683,3.875562442444388
100011100101,validation,3.8409520008152374,3.7871095842105618
100011100110,training,3.843600731167936,3.778049945947829
100011100111,training,3.7573560102855494,3.7049661741322883
100011101000,training,3.9320227329232433,3.8696657471379297
100011101001,training,3.843156421906761,3.7721432808647513
100011101010,training,3.8460926481828794,3.765472601822438
100011101011,validation,3.7587805728143704,3.683319221967545
100011101100,validation,3.847873119637649,3.7818580313885564
100011101101,validation,3.7600369249962085,3.6933848872379995
100011101110,training,3.7614819002227464,3.723993721466953
100011101111,training,3.677274002573385,3.6508896637346813
100011110000,training,3.933723311761501,3.9014998449407265
100011110001,validation,3.84440141813212,3.8033098190010572
100011110010,validation,3.847488547209183,3.795002161762018
100011110011,training,3.7596317406554927,3.7121812222406336
100011110100,training,3.849356021117421,3.806434839158954
100011110101,training,3.7609674582015398,3.717294135341906
100011110110,training,3.7624764779983044,3.746265991374133
100011110111,validation,3.677715662586432,3.67249437397537
100100000000,validation,4.81395490582241,4.707913397946768
100100000001,validation,4.600192047850307,4.61641585848421
100100000010,validation,4.3787635556069855,4.497361657144262
100100000011,training,4.29562969479353,4.4212332040999875
100100000100,training,4.250827420825605,4.425370659696372
100100000101,training,4.154633888831407,4.342922442356434
100100000110,validation,4.105710527291793,4.261147754287753
100100000111,training,4.045072434429272,4.1940686233661
100100001000,validation,4.183628374632065,4.369102391761766
100100001001,training,4.082067419114433,4.277584566382475
100100001010,training,4.037506863481844,4.198198837534214
100100001011,training,3.9683800730771037,4.122050098573208
100100001100,validation,4.018450058643438,4.151064422608071
100100001101,validation,3.945963409480599,4.068595919351402
100100001110,validation,3.939687152893036,4.026489703774407
100100001111,training,3.8727944105630767,3.959390286936023
100100010000,validation,4.149770171249756,4.343194014831458
100100010001,training,4.04711635785462,4.251008629785677
100100010010,validation,4.009572188623019,4.16998592274069
100100010011,validation,3.935808439572732,4.093169624113193
100100010100,training,3.99752372966127,4.117898755645364
100100010101,training,3.920379449842071,4.034762692722204
100100010110,training,3.918124880732971,3.991019498948483
100100010111,training,3.8431407455430344,3.923252522443608
100100011000,validation,3.994482042798259,4.091334164239381
100100011001,training,3.9158367021101435,3.999128493276868
100100011010,training,3.915990747007794,3.9577742587235667
100100011011,validation,3.8375342956057428,3.8809376741793393
100100011100,training,3.916799269117514,3.9305436741499893
100100011101,training,3.8369657753694177,3.8473873253100974
100100011110,training,3.8375261893622366,3.843312604028063
100100100000,training,4.132946262804189,4.302886960443189
100100100001,training,4.030548004945617,4.209992204124798
100100100010,validation,3.9987187672817632,4.118935787037136
100100100011,training,3.9227256700315816,4.04141011713703
100100100100,training,3.9925584565039913,4.088323221807922
100100100101,training,3.9134369342516933,4.004477787612152
100100100110,training,3.9146106457334473,3.9507008837957565
100100100111,training,3.8348680583533152,3.882224536018272
100100101000,training,3.9938735355050117,4.059264238126593
100100101001,validation,3.913586533418456,3.9663491958914703
100100101010,training,3.9184749106266414,3.9149612512954945
100100101011,training,3.834649548522308,3.837415295478657
100100101100,validation,3.922136789625404,3.909205268588028
100100101101,validation,3.836702677781942,3.825339548475527
100100101110,training,3.8386092121779596,3.8112311171508173
100100101111,validation,3.75532247898212,3.742734483456602
100100110000,validation,3.995915779977802,4.05140068759424
100100110001,validation,3.9152318262651797,3.957818085692627
100100110010,validation,3.9224164226252363,3.9047931628999253
100100110011,validation,3.836437190429012,3.8265796474165965
100100110100,training,3.9274911398523704,3.8940844280232767
100100110101,validation,3.839803192917197,3.8095511482442843
100100110110,training,3.842362766232662,3.793805738722849
100100110111,training,3.756451452269088,3.7246415453621418
100100111000,training,3.930485370619021,3.89472912087057
100100111001,validation,3.8419064328347496,3.8011262330522255
100100111010,training,3.8447465741506806,3.78776978275121
100100111011,training,3.75778047936836,3.7095359813511504
100100111100,training,3.8464716840202673,3.801917630396308
100100111101,validation,3.758986673157817,3.717364064700585
100101000000,training,4.124736258942462,4.280104315707781
100101000001,training,4.022725470678898,4.179925959145983
100101000010,training,3.9943789870198927,4.0997676080990555
100101000011,training,3.917367021020427,4.014958337955541
100101000100,validation,3.9918949437737883,4.051163175101259
100101000101,training,3.91199015258158,3.960034140662082
100101000110,validation,3.9153354369718074,3.9171553028864206
100101000111,training,3.833097787134642,3.8413953548655284
100101001000,training,3.996014069041382,4.026455347348849
100101001001,training,3.9152244995743017,3.926256704870319
100101001010,validation,3.9231823082097255,3.885766826315077
100101001011,validation,3.8365163112593876,3.800937270254833
100101001100,training,3.928732337617185,3.862018975839028
100101001101,training,3.840327849827568,3.7708696554831205
100101001110,validation,3.8431061357305727,3.767659290199145
100101001111,validation,3.756355412970677,3.6918790562615222
100101010000,training,3.99977233692436,4.0342482785145695
100101010001,training,3.9187924136948156,3.9333820763695493
100101010010,validation,3.9296498090773824,3.891255219617582
100101010011,training,3.8406292935028663,3.805758103890846
100101010100,validation,3.9370137816942417,3.862554616972351
100101010101,validation,3.8461413601811554,3.7707377369499513
100101010110,validation,3.849746692948821,3.7658903934692503
100101010111,training,3.7600440839322746,3.6894425998651363
100101011000,validation,3.9412860035319475,3.867550465748563
100101011001,training,3.849444700201933,3.7666639776868114
100101011010,training,3.853406428668938,3.7642055934265297
100101011011,training,3.7625210016195685,3.678688191783063
100101011100,training,3.855779100386804,3.7603615733030455
100101011101,training,3.7643206821428543,3.6685244073639156
100101011110,training,3.766199693171123,3.7033455363749006
100101100000,training,4.002048092471406,4.012733484316984
100101100001,training,3.921051278573672,3.9111579108993535
100101100010,training,3.9334822666515414,3.8589973441047114
100101100011,training,3.843288376286295,3.7727908571053663
100101100100,training,3.9418408492580217,3.8517713433255913
100101100101,training,3.849737605062309,3.759245092030583
100101100110,validation,3.8537930961477826,3.7443640385072072
100101100111,validation,3.762592313481132,3.6672068736304833
100101101000,validation,3.9466729321088923,3.8542727998264583
100101101001,training,3.8535694479685025,3.752676940492097
100101101010,validation,3.858016071359231,3.7401848461891407
100101101011,validation,3.7655780338421376,3.6539580732730648
100101101100,training,3.8606693495629085,3.757815427931768
100101101101,validation,3.7676356049698616,3.6652688907200286
100101101110,validation,3.7697158293517368,3.6900563096883383
100101101111,training,3.680294486681156,3.612878858894884
100101110000,training,3.9492808348173463,3.880110557390135
100101110001,validation,3.855669831141724,3.7778471383892827
100101110010,training,3.860322890578619,3.763718065889601
100101110011,training,3.767251400256175,3.6768237333070335
100101110100,training,3.8630957224152613,3.776395895463046
100101110101,validation,3.7694188084816473,3.6831817985848145
100101110110,validation,3.771583668134438,3.706332239356399
100101110111,training,3.681514170187145,3.628487228896453
100101111000,training,3.864725797367794,3.808601028492535
100101111001,training,3.7707097784935217,3.706317323574952
100101111010,training,3.772920152062149,3.7318567235669553
100101111011,validation,3.682508188449174,3.644942105067657
100110000000,validation,4.120835551891274,4.28544790375227
100110000001,training,4.01907669175537,4.188883488865102
100110000010,training,3.992556716299727,4.109154608127684
100110000011,training,3.9150845783551245,4.027959279658801
100110000100,training,3.9920264001709462,4.05859396738372
100110000101,training,3.9118063005900625,3.971078874619173
100110000110,training,3.9163155066916215,3.9286295071530217
100110000111,training,3.8328586416082038,3.8564835008067604
100110001000,training,3.997660985491114,4.0334147986885345
100110001001,validation,3.916724967436417,3.936830097884636
100110001010,validation,3.9263497820270383,3.896769689638904
100110001011,training,3.838289585068744,3.81555407525329
100110001100,training,3.932937029209972,3.871065631416687
100110001101,training,3.843073148812251,3.7835302527354093
100110001110,validation,3.8463257379965823,3.780749357760944
100110001111,training,3.7578414016031445,3.7085830654979515
100110010000,training,4.002359365982156,4.0355165964023625
100110010001,training,3.9213577566263935,3.9382643359319722
100110010010,training,3.9342268838032104,3.896566949489515
100110010011,training,3.8437096017665504,3.81468377543741
100110010100,training,3.9428612141288095,3.865910139098115
100110010101,validation,3.850420055296919,3.777707200750346
100110010110,training,3.8546003507008626,3.773289327579155
100110010111,validation,3.7629890296222066,3.700455475649672
100110011000,validation,3.9478484308732633,3.870434646931553
100110011001,training,3.8543990517803457,3.7731621005444316
100110011010,training,3.85897982800099,3.7711331865936604
100110011011,training,3.76611712001962,3.6892297266248244
100110011100,training,3.8617108670609923,3.7653329587240085
100110011101,training,3.7682464946154592,3.677109734459508
100110011110,training,3.770382624281038,3.7123603337800035
100110100000,validation,4.0051422285736455,4.024617629589704
100110100001,training,3.92419685204656,3.9266559978467037
100110100010,validation,3.9388361156885585,3.8749249013615716
100110100011,training,3.8470914580617093,3.792332356036857
100110100100,training,3.948599874813631,3.8657426928362835
100110100101,training,3.8548704627726,3.7768303832159047
100110100110,validation,3.859558946691001,3.7623788000020393
100110100111,training,3.766354075212041,3.6888355767999457
100110101000,training,3.9542266736173324,3.8677728083943754
100110101001,training,3.859455713618374,3.7697908907346447
100110101010,training,3.8645854730781535,3.7577282667411986
100110101011,training,3.770068751216509,3.675115435499752
100110101100,training,3.867634873161209,3.7734026407376575
100110101101,training,3.7724914294090675,3.684470045200548
100110101110,training,3.774852565985164,3.7096869344783685
100110101111,validation,3.6833051401823287,3.636123425359544
100110110000,training,3.9572536438469705,3.887919432506158
100110110001,validation,3.8619539356240455,3.789269955179936
100110110010,training,3.8673171706632194,3.7755703529897646
100110110011,training,3.7721278094427677,3.6922899620818272
100110110100,training,3.8705020883233883,3.7862919748170407
100110110101,training,3.774675311189623,3.6966918196134397
100110110110,training,3.7771309468634597,3.720271730694535
100110110111,training,3.6848928873663636,3.6460406619092196
100110111000,training,3.87236508110394,3.818025766903756
100110111001,training,3.7761814077112326,3.7193560036608027
100110111010,training,3.778687466547517,3.7453248739623173
100110111011,validation,3.6860878349412385,3.662024197137649
100110111100,training,3.780300730348665,3.780903078311341
100110111101,training,3.6873985764792767,3.691282637191009
100111000000,training,4.006600361985261,4.028111434789283
100111000001,validation,3.9257045460580575,3.9228662028028767
100111000010,training,3.941234018133481,3.8820331723584784
100111000011,validation,3.848898646864032,3.792157026790356
100111000100,training,3.9515691412543243,3.854859096064608
100111000101,validation,3.857219503888662,3.758663186200822
100111000110,validation,3.8621642077963356,3.7551096690276906
100111000111,training,3.768184162175514,3.67428284558219
100111001000,validation,3.9575207280488693,3.861240367551619
100111001001,validation,3.862113360493221,3.755974849648481
100111001010,training,3.8675204211904464,3.754810291695769
100111001011,validation,3.77219831148112,3.6649138602109157
100111001100,validation,3.870730848397685,3.7524927979236455
100111001101,validation,3.7747695490538455,3.656276602143129
100111001110,training,3.7772434950697087,3.692391557461683
100111001111,training,3.6848700065579556,3.6115444480994516
100111010000,training,3.960719349581533,3.8970434733614754
100111010001,training,3.8647749165629177,3.791110395791846
100111010010,training,3.8704268506609028,3.7883088596424086
100111010011,validation,3.774416197506944,3.697744868491064
100111010100,training,3.8737795432392024,3.7810386137011025
100111010101,validation,3.777118598941745,3.6841548582540944
100111010110,training,3.7796911690537915,3.7186328353759235
100111010111,training,3.6866097341352595,3.6371181663472005
100111011000,validation,3.8757373208018704,3.8171235617167363
100111011001,validation,3.778712322307837,3.7111701982303766
100111011010,training,3.7813373540808017,3.748037134572624
100111011011,validation,3.687886626461786,3.6574528575045493
100111011100,training,3.7830253052383944,3.765623471153066
100111011101,training,3.68926681685402,3.668719429789327
100111011110,validation,3.691114718121844,3.7428658794028413
100111100000,training,3.962398395962879,3.9049367667394996
100111100001,training,3.8661849000074575,3.798294317897261
100111100010,training,3.871962604437174,3.785459071705149
100111100011,validation,3.7756046893253736,3.6941857092811947
100111100100,training,3.875388403547271,3.7996634276299543
100111100101,validation,3.778374509620942,3.7020703009103366
100111100110,training,3.780997501133434,3.726514567989491
100111100111,training,3.6875585855780306,3.6442905276881583
100111101000,training,3.8773874385362053,3.833253983370242
100111101001,training,3.7800063379323685,3.7265912486112724
100111101010,training,3.7826826966393416,3.753424474910846
100111101011,validation,3.6888710803557028,3.6621308265701615
100111101100,validation,3.784402838726836,3.7924854133573986
100111101101,training,3.690281191028527,3.69487200072105
100111101110,training,3.6921652483570218,3.7589847402918903
100111101111,training,3.6021217236765914,3.676740414073827
101000000000,training,4.8103702381842455,4.690051828492802
101000000001,training,4.596182183978229,4.6019299558659785
101000000010,training,4.374290668921818,4.485874823813125
101000000011,training,4.290848968107175,4.413122037604586
101000000100,training,4.2460970144341825,4.413077833514126
101000000101,training,4.149592269841621,4.3340052830099225
101000000110,training,4.1008065875164545,4.255229664228336
101000000111,training,4.039717803813849,4.191526200142419
101000001000,training,4.178781875519946,4.358905412580522
101000001001,training,4.077057034347875,4.270763254036967
101000001010,training,4.033180670868357,4.1943765944758
101000001011,validation,3.9634932805052503,4.121603522350529
101000001100,training,4.0147607814262125,4.146436186698548
101000001101,training,3.9416921538293916,4.067343350277614
101000001110,training,3.9357717148046008,4.0282362039877135
101000001111,training,3.8679863374440195,3.964512453985065
101000010000,validation,4.144811799132288,4.32243737193858
101000010001,validation,4.0422090180695305,4.233627653728534
101000010010,validation,4.006051456050478,4.155604015970642
101000010011,validation,3.9316914270234435,4.082163384178879
101000010100,training,3.9953749100323015,4.102710856024207
101000010101,validation,3.917676520966897,4.022950459936782
101000010110,training,3.9162054664216464,3.982206335450156
101000010111,validation,3.840024498693662,3.9178150257810156
101000011000,validation,3.993322396853595,4.078242111619226
101000011001,validation,3.9141852623503675,3.989412107492449
101000011010,training,3.915402100302392,3.9510569422262423
101000011011,training,3.835605000489359,3.8775960245177497
101000011100,training,3.9168429813645536,3.9230203648015554
101000011101,validation,3.835614005697064,3.8432396827973987
101000011110,validation,3.836476635573322,3.8421640308024587
101000100000,training,4.127848423831617,4.2863741833533275
101000100001,validation,4.0256846179889125,4.1968550938706715
101000100010,validation,3.995834952910623,4.108797746070104
101000100011,validation,3.919250028615036,4.034647743005733
101000100100,validation,3.9917218252834243,4.077379187989781
101000100101,validation,3.912131805759355,3.996909420629746
101000100110,validation,3.9145027394278737,3.946131586100446
101000100111,validation,3.8333453473489616,3.881030905158696
101000101000,training,3.9945806881906054,4.050416051309455
101000101001,training,3.9139724178347977,3.9608766759100673
101000101010,training,3.9205397623418476,3.9124878006011863
101000101011,training,3.8351088551558465,3.8383175116200836
101000101100,validation,3.92522936908259,3.90592582504261
101000101101,training,3.8381179550080846,3.8254357717658443
101000101110,validation,3.8405006260447925,3.8143264097282303
101000101111,training,3.755270038004008,3.749205442869749
101000110000,training,3.997561373645394,4.031992837065468
101000110001,validation,3.9166642185724707,3.941785901999589
101000110010,training,3.9258493164271324,3.8917600484939827
101000110011,training,3.838154089357224,3.816922199846389
101000110100,validation,3.932164320252407,3.8802453207662246
101000110101,training,3.842681220067144,3.7990877078229675
101000110110,training,3.8458093042431587,3.7863413675886273
101000110111,training,3.757776377786515,3.720552841063655
101000111000,training,3.935848879980704,3.8829858606145207
101000111001,validation,3.845431762456319,3.792758639631911
101000111010,training,3.8488806067475707,3.7824012586179907
101000111011,training,3.759723363439243,3.7075431240536663
101000111100,training,3.850956919050626,3.79574311341198
101000111101,validation,3.7612512394808104,3.7145652145519916
101001000000,validation,4.1195136237596675,4.277606875290399
101001000001,training,4.01785573931123,4.180804185564336
101001000010,training,3.9918709738207676,4.103644903804502
101001000011,validation,3.9142789413453873,4.022211300496725
101001000100,training,3.991888879442328,4.054234477955597
101001000101,training,3.911590005619859,3.9664811103521553
101001000110,training,3.916419534078616,3.9266013418635883
101001000111,training,3.8326378284701463,3.854217060678432
101001001000,training,3.9979434840637866,4.031622497204189
101001001001,training,3.9169755309847156,3.9347995215613953
101001001010,training,3.9270561024065196,3.8973087122932486
101001001011,validation,3.8386262624212897,3.815854823068739
101001001100,training,3.9339270073431125,3.87275486896609
101001001101,training,3.8436768618064243,3.7849812154459173
101001001110,training,3.8470588667930814,3.7847699194490363
101001001111,training,3.758113908194668,3.7123653523471485
101001010000,training,4.002901804389213,4.028855764658276
101001010001,training,3.9219027744515365,3.931365229348991
101001010010,training,3.9353209999247736,3.892237441884118
101001010011,training,3.844407695574221,3.8101159929931177
101001010100,validation,3.944302540388488,3.8627308463877776
101001010101,training,3.8514470286852704,3.7742896332011133
101001010110,training,3.855784137762841,3.772441359007507
101001010111,training,3.763666280798046,3.699369232239128
101001011000,training,3.949485559555575,3.869822542164993
101001011001,training,3.8556117637445144,3.7723117209389767
101001011010,training,3.8603613773828913,3.7728524059657893
101001011011,training,3.766974131719924,3.690710671158058
101001011100,training,3.8631903152910922,3.7682023929911965
101001011101,training,3.7691938593699588,3.6797408938878013
101001011110,training,3.771399962449237,3.7175610921858806
101001100000,validation,4.00582492794302,4.011584836263706
101001100001,training,3.9249023719329386,3.913384929681812
101001100010,training,3.9401441788059333,3.864223432174265
101001100011,training,3.8479895589112028,3.781392612010655
101001100100,validation,3.950292079491294,3.8561914385440352
101001100101,training,3.856133515101167,3.7670408540847617
101001100110,validation,3.8609946860217716,3.7551588698484806
101001100111,training,3.7672581419050797,3.681377371807492
101001101000,validation,3.95613664155565,3.8607887420459046
101001101001,training,3.8609259697627603,3.7625685495472787
101001101010,training,3.866242130850733,3.7530755245314174
101001101011,validation,3.771174111996817,3.670224418451076
101001101100,training,3.8693998151226765,3.7699001134229353
101001101101,training,3.7736969000470633,3.6807292430469305
101001101110,validation,3.7761345257713197,3.7085157313023354
101001101111,training,3.684022701606406,3.6347139473446157
101001110000,training,3.9592786254323813,3.8760668358979466
101001110001,training,3.863533759512371,3.77717908373283
101001110010,training,3.869090812866291,3.7660490805202427
101001110011,validation,3.7733398053926925,3.68253041477341
101001110100,training,3.8723884103939143,3.777920917242578
101001110101,training,3.7759915500920957,3.6880824872000817
101001110110,training,3.7785263784996617,3.7142319972587616
101001110111,training,3.6857126621917455,3.6397626536345506
101001111000,training,3.874315140250362,3.81222189727307
101001111001,training,3.7775566736043684,3.713313859191222
101001111010,validation,3.7801432704858873,3.7418523284703213
101001111011,validation,3.6869629071649963,3.6583133768067575
101010000000,training,4.115529339173301,4.27211979293193
101010000001,training,4.014188378592456,4.178931044880498
101010000010,validation,3.990239016797328,4.102201233430175
101010000011,training,3.912195111331125,4.024381571797027
101010000100,training,3.99246408711042,4.050834599835101
101010000101,training,3.9118952261657296,3.966695173906289
101010000110,validation,3.9180509494672644,3.9272448757272325
101010000111,validation,3.832982224573603,3.8584745362167063
101010001000,validation,4.000257898924436,4.027751278140919
101010001001,training,3.9192303296384936,3.9345422441727544
101010001010,training,3.9312339382334014,3.8974809052141177
101010001011,training,3.8413267222993697,3.8196409576642387
101010001100,validation,3.9393138852492027,3.8709708541407917
101010001101,training,3.84751601494634,3.786811142295249
101010001110,training,3.8514467654253246,3.787029316607878
101010001111,training,3.7606318616316208,3.718238691180621
101010010000,training,4.006308942146412,4.019293412143112
101010010001,training,3.925406776367979,3.925416818508457
101010010010,training,3.9411643382418413,3.8867185013530943
101010010011,training,3.8486612029037,3.8082109941367235
101010010100,training,3.9516408672783268,3.855255698110585
101010010101,validation,3.857117942029223,3.770428426598551
101010010110,validation,3.8621268076308652,3.769009622714455
101010010111,training,3.76793876817541,3.6995514376207064
101010011000,training,3.957671801347955,3.861876052945026
101010011001,training,3.8620880272588383,3.76797917339364
101010011010,validation,3.8675635387584695,3.768949328729963
101010011011,validation,3.7720276054987725,3.6904215355968617
101010011100,validation,3.870813874318616,3.7623431080092016
101010011101,training,3.774636186603539,3.677495550580437
101010011110,training,3.777139281321333,3.7157452191880265
101010100000,training,4.009826359240812,4.012638311133469
101010100001,training,3.929092926464275,3.9180523462262045
101010100010,training,3.9469140495312685,3.8693203190281675
101010100011,validation,3.853110047983124,3.7901034405391876
101010100100,validation,3.9587243613979255,3.8593321176517694
101010100101,training,3.862835232678095,3.773795474867126
101010100110,training,3.8684399823926476,3.762342960940356
101010100111,training,3.7725230685667244,3.692175404573997
101010101000,training,3.9655170073743693,3.8634580802108642
101010101001,training,3.8685311355725043,3.7688518293868687
101010101010,validation,3.8746529570883004,3.759788274680518
101010101011,training,3.777318694990887,3.680551110274807
101010101100,training,3.8782792956483116,3.7746566558258676
101010101101,validation,3.780274754916818,3.6890997271244927
101010101110,validation,3.7830386647062437,3.717315685689408
101010101111,validation,3.688598863338012,3.647127843406319
101010110000,training,3.9691609931683236,3.873045040611013
101010110001,training,3.87161793822605,3.7777712301205257
101010110010,training,3.878014308855505,3.767070697217449
101010110011,training,3.7799517161560545,3.687165973145247
101010110100,training,3.8818005543622878,3.776986326193616
101010110101,training,3.783055542325593,3.6907618378257503
101010110110,training,3.785928800385991,3.7173408181939402
101010110111,training,3.69073756993328,3.6464854162443596
101010111000,training,3.884003470919329,3.8108159652813343
101010111001,training,3.784876477480978,3.7155218688741165
101010111010,validation,3.7878074912203243,3.744489808462726
101010111011,training,3.6922275593116995,3.6645647984737924
101010111100,validation,3.789687582048098,3.7792620199606404
101010111101,training,3.6937866788701985,3.6930172456760433
101011000000,training,4.0116523906391155,4.030147453005528
101011000001,validation,3.9310272494113323,3.9282778878548568
101011000010,training,3.949890174784302,3.8904439266975532
101011000011,training,3.8554591285105166,3.8039434479651666
101011000100,training,3.962378277542998,3.862463857552573
101011000101,training,3.8658304734065503,3.769643614524523
101011000110,training,3.871737054781632,3.7690891666384863
101011000111,validation,3.7749766769770545,3.6916380100287207
101011001000,training,3.9695596798397514,3.8709409760405866
101011001001,validation,3.871897730983443,3.7690511249731844
101011001010,training,3.8783476116740925,3.770885636307567
101011001011,training,3.7801350266144196,3.684364871658449
101011001100,validation,3.8821651230915677,3.767762149684334
101011001101,training,3.783268007339431,3.6749216207395525
101011001110,training,3.7861633107739627,3.7140356453452017
101011001111,validation,3.6908184011017697,3.6365642028187057
101011010000,training,3.973410059165537,3.896184418138809
101011010001,training,3.875181964302735,3.7936270074049148
101011010010,training,3.881920656769926,3.793824540542572
101011010011,training,3.7829612900793217,3.706636216226963
101011010100,validation,3.885906575387096,3.7857483017501568
101011010101,training,3.786250041564122,3.692240213138884
101011010110,training,3.7892597993978625,3.729717259547807
101011010111,training,3.693143206178334,3.65157825735482
101011011000,training,3.888222318760329,3.8239290967667934
101011011001,validation,3.788175586312348,3.7213514001161685
101011011010,validation,3.7912455986541818,3.761217405745511
101011011011,training,3.6947313652907363,3.6740087955131715
101011011100,validation,3.7932128981387043,3.7779977494748436
101011011101,training,3.6963717245419367,3.68446937494684
101011011110,validation,3.6985334322333485,3.761614893847449
101011100000,training,3.975421897202627,3.9083215773198496
101011100001,validation,3.8769104132906183,3.8050547953133464
101011100010,training,3.8837975960129407,3.795218618408329
101011100011,training,3.7844615407739832,3.7073209228201103
101011100100,validation,3.8878701553951016,3.808616981482025
101011100101,training,3.7878304565928067,3.7143995215981427
101011100110,training,3.7908987863617116,3.7418428579643916
101011100111,training,3.694392418710464,3.6629944844987947
101011101000,training,3.8902348047046655,3.844303384223316
101011101001,training,3.789801309038694,3.7410163163000814
101011101010,validation,3.7929309985650925,3.7708486118867497
101011101011,training,3.6960230664669504,3.6829306303818
101011101100,training,3.79493570242284,3.809103557482193
101011101101,training,3.6976982570472434,3.71486581168158
101011101110,training,3.6999015856813022,3.7819776205395144
101011101111,training,3.606812226704077,3.703108961157186
101011110000,validation,3.891612735142512,3.887591652719493
101011110001,training,3.7909585817755684,3.7836370251297673
101011110010,training,3.794122990027292,3.81183234251971
101011110011,validation,3.6969898300888646,3.723246801348269
101011110100,validation,3.7961494149834523,3.845134535945971
101011110101,training,3.698685221350447,3.7502292304788662
101011110110,training,3.7009125470252298,3.8157040611400754
101011110111,training,3.6076012859682764,3.736167842091256
101100000000,validation,4.113678830760332,4.289545810074718
101100000001,training,4.01250207096974,4.192283668962102
101100000010,training,3.98954263725572,4.109732442251136
101100000011,training,3.911295571512675,4.027839387556806
101100000100,training,3.992849539518387,4.059610960832572
101100000101,validation,3.9121718851007494,3.971398141842577
101100000110,training,3.918980984792018,3.9261264284028776
101100000111,training,3.8333062357357433,3.8532826958311683
101100001000,training,4.001503974159208,4.044925790945714
101100001001,training,3.920476564335633,3.9476433639163675
101100001010,training,3.9334348431940382,3.904760609697088
101100001011,training,3.8428304612084068,3.8228472690860262
101100001100,validation,3.9421188686587914,3.8794957108002697
101100001101,training,3.8495903395258653,3.7912626058935444
101100001110,training,3.853794103744338,3.7856593649455315
101100001111,training,3.7620868925417885,3.712795346457091
101100010000,validation,4.008100028224601,4.030471584708787
101100010001,training,3.9272794749891724,3.9325215980129493
101100010010,training,3.94420420624029,3.888001865596944
101100010011,validation,3.8509498111551372,3.8054209653193904
101100010100,training,3.955432184707714,3.857784214530944
101100010101,training,3.8601211119941503,3.768883549957727
101100010110,training,3.865466263331659,3.7616433308129875
101100010111,training,3.770286954307744,3.6881117526580565
101100011000,validation,3.9618913962323954,3.872802721172709
101100011001,training,3.8654991939410954,3.77483244856014
101100011010,validation,3.8713389300516896,3.7699811886358208
101100011011,validation,3.774772894752102,3.6873800024415364
101100011100,training,3.8748010995375077,3.7646201200915677
101100011101,training,3.777577295315256,3.67569916960162
101100011110,training,3.7802281038714995,3.708127422948567
101100100000,validation,4.011915409639837,4.02501309859924
101100100001,training,3.9313118113873897,3.926353740630792
101100100010,training,3.9504234573955697,3.8718002981721122
101100100011,training,3.8558394488897036,3.7885100266219496
101100100100,training,3.9630721866883194,3.8630572489722232
101100100101,training,3.8663644986885446,3.773447213126397
101100100110,validation,3.8723427752252184,3.7561732839389834
101100100111,training,3.7753797793277424,3.6819323345114423
101100101000,validation,3.9703455288724774,3.875581363338643
101100101001,training,3.8725198601443784,3.7769017194534644
101100101010,training,3.879047410435821,3.7620167494864707
101100101011,validation,3.78062444012996,3.6787061920195767
101100101100,training,3.882910262285457,3.7781302828083283
101100101101,training,3.783799545261854,3.6884999610457707
101100101110,training,3.7867263155300876,3.7108945043500436
101100101111,training,3.6911650745892195,3.636633269005771
101100110000,validation,3.9742447305104722,3.8791719834996714
101100110001,training,3.875850926603854,3.7798247799480014
101100110010,training,3.8826705439978655,3.763302831784282
101100110011,training,3.783496661747451,3.679324714650897
101100110100,training,3.886703750346998,3.7744636129369575
101100110101,training,3.786829374355128,3.684165731507909
101100110110,validation,3.7898717751788147,3.7049232966154557
101100110111,training,3.6935343117689308,3.6299945016046924
101100111000,training,3.8890462751479262,3.8166914038320003
101100111001,training,3.7887798329654596,3.7173239143635994
101100111010,validation,3.7918830687166243,3.740470438691566
101100111011,training,3.6951459328557648,3.6564720356414497
101100111100,training,3.7938712464437225,3.7764878023659887
101100111101,validation,3.696805776259369,3.686169635020209
101101000000,training,4.013891186881605,4.0310311215281205
101101000001,validation,3.933421119803279,3.925088163316266
101101000010,validation,3.9536385763944435,3.88143278689832
101101000011,training,3.858413275994807,3.7908589151047503
101101000100,training,3.967010612251436,3.8546978699298484
101101000101,training,3.86962922069378,3.757804233840615
101101000110,training,3.875928796454941,3.7514283706939353
101101000111,training,3.77809455917293,3.669903821022987
101101001000,training,3.9747003145343847,3.871573140225187
101101001001,training,3.876183092585285,3.765609896096602
101101001010,training,3.8830604617388307,3.7616229921703415
101101001011,validation,3.7837294214950394,3.6710288344600404
101101001100,validation,3.887127465263848,3.7597446577236173
101101001101,validation,3.7870936745417274,3.662830735717653
101101001110,validation,3.790159741970455,3.696123345062659
101101001111,training,3.6936609802497635,3.61457850947498
101101010000,training,3.9788209812977082,3.890820242084289
101101010001,training,3.879726423958896,3.7841894382892125
101101010010,training,3.886911405837628,3.7785655561662264
101101010011,training,3.78680991656423,3.6873038387894344
101101010100,validation,3.891158053593914,3.77173446955032
101101010101,training,3.790340532239399,3.6741529878778643
101101010110,validation,3.793527773359524,3.7058086190261443
101101010111,validation,3.696231270383722,3.6235962237719743
101101011000,training,3.893621206972154,3.8183134163742816
101101011001,training,3.792402953703876,3.7116623266624735
101101011010,validation,3.7956537323543778,3.745706917031174
101101011011,validation,3.6979480981985806,3.654424913737651
101101011100,training,3.7977344635032972,3.7637324129370144
101101011101,training,3.699694218043844,3.666130645347828
101101011110,training,3.701982526508846,3.737454748987794
101101100000,training,3.9809709221870078,3.904154016165425
101101100001,training,3.8815874682106415,3.796813841097739
101101100010,training,3.888930676647333,3.7811562489320782
101101100011,validation,3.788440521677407,3.689185160282677
101101100100,validation,3.893269792434193,3.795799764182283
101101100101,training,3.7920567970165324,3.6975089112372173
101101100110,training,3.7953060754646337,3.719130832342824
101101100111,training,3.697606573595157,3.6362090658160438
101101101000,training,3.89578515154527,3.8398843187308986
101101101001,validation,3.7941676377979046,3.7325238577464814
101101101010,training,3.797481647259352,3.7565347380725065
101101101011,training,3.6993688700474467,3.6645433635063744
101101101100,validation,3.7996020026232085,3.796034835844459
101101101101,training,3.7011519138787423,3.6977236969826626
101101101110,validation,3.7034841522524573,3.7590140905799547
101101101111,training,3.609208502280963,3.6760720381364433
101101110000,training,3.897247582255512,3.877176246987956
101101110001,training,3.795403562241522,3.7691482263370473
101101110010,training,3.7987541812219314,3.7915221284663474
101101110011,training,3.7004097597875876,3.6988631942337236
101101110100,training,3.800897434808703,3.826069474069117
101101110101,training,3.7022141143856975,3.7270907755408293
101101110110,training,3.7045715490533806,3.7867441909413957
101101110111,training,3.610067551533585,3.7031345788313934
101101111000,training,3.8022686712610985,3.8998577051463554
101101111001,training,3.7033735407779553,3.791809398578716
101101111010,validation,3.7057539978825105,3.8538517731997013
101101111011,training,3.6110425410905673,3.7611725530503466
101110000000,training,4.014872770429204,4.07079619531212
101110000001,training,3.9344732845041777,3.9684671787748953
101110000010,training,3.9552268813369973,3.9252412726664594
101110000011,training,3.859698157234038,3.83828134254752
101110000100,validation,3.968950916275875,3.8965501479518196
101110000101,training,3.8712506882024016,3.8032704535372166
101110000110,validation,3.877706372533905,3.7973240607000474
101110000111,validation,3.7794569713440445,3.719413452703729
101110001000,training,3.9768437274318837,3.912954077304384
101110001001,training,3.8779991785721286,3.8106047748504284
101110001010,training,3.885046725399145,3.8070473412336785
101110001011,training,3.7852826656224186,3.720067125198008
101110001100,validation,3.8892131294942995,3.8032127990407867
101110001101,training,3.7887390647976256,3.7099128187094523
101110001110,training,3.791872615206445,3.7436348983639687
101110001111,validation,3.694926206092387,3.66570400445092
101110010000,training,3.9810725601032186,3.9265100457115913
101110010001,training,3.881646299038057,3.823493183591145
101110010010,training,3.8890091384634022,3.8182987717776697
101110010011,training,3.7884651455555454,3.730650996075508
101110010100,training,3.8933597833001814,3.8095114774155947
101110010101,training,3.792092241309509,3.7155439374177694
101110010110,training,3.795349695911272,3.7476290388755604
101110010111,training,3.697595077233369,3.6690305852960203
101110011000,validation,3.895881713742417,3.855619083296782
101110011001,training,3.7942092463385295,3.752581935259604
101110011010,training,3.7975315661802957,3.7870559959378145
101110011011,validation,3.699363229065622,3.6993879343189224
101110011100,training,3.7996571671038364,3.8031252840974874
101110011101,training,3.70115118984754,3.709137458182931
101110011110,training,3.703489386934001,3.780891032132408
101110100000,training,3.983277774574915,3.950459647177655
101110100001,validation,3.8835604661402447,3.846733413784598
101110100010,validation,3.8910855105173145,3.8315052919284485
101110100011,training,3.7901480527579223,3.743148144953677
101110100100,training,3.895531007977032,3.8441925994324846
101110100101,training,3.7938630576735437,3.7495156881620497
101110100110,validation,3.797183958368344,3.7715670795771663
101110100111,training,3.699021027990824,3.6922592547250166
101110101000,training,3.898106495012828,3.8878058130383266
101110101001,validation,3.7960297562484078,3.7840592937285393
101110101010,validation,3.7994167521763793,3.8084996443640753
101110101011,training,3.700835869341413,3.7201222114725727
101110101100,training,3.8015828799711673,3.846043534389859
101110101101,training,3.7026616051458414,3.7513463372026923
101110101110,training,3.7050446670618737,3.8130662011094953
101110101111,training,3.6103079053790745,3.7337380903406143
101110110000,validation,3.899602596045569,3.9194066078434893
101110110001,validation,3.7972970255709546,3.8149925288672106
101110110010,training,3.80072139547813,3.837795901306021
101110110011,training,3.7019063096526694,3.7487509087480273
101110110100,training,3.802910897325128,3.8703870391626225
101110110101,training,3.70375380500528,3.775022282308965
101110110110,training,3.706162545650437,3.8351051680190418
101110110111,training,3.6111948644474676,3.7551094975836694
101110111000,training,3.8043110599476373,3.9437039292970866
101110111001,training,3.7049402514733973,3.839269564404077
101110111010,training,3.7073724089445523,3.9017414093345737
101110111011,validation,3.6121953629167463,3.812676130859849
101110111100,training,3.7089891657311163,3.959189129712922
101110111101,training,3.6135512827052434,3.8638040869425336
101111000000,training,3.9844289693659536,3.982754120041523
101111000001,validation,3.8845659652678615,3.8717442864050597
101111000010,training,3.8921738342857406,3.8674142305896435
101111000011,training,3.7910381198739636,3.771773483371465
101111000100,training,3.896667776979477,3.862109670325098
101111000101,training,3.7947980160773978,3.760149158811256
101111000110,training,3.7981511808964896,3.7930986162671054
101111000111,training,3.6997822791424597,3.706507191171549
101111001000,training,3.899270609021049,3.9100740398598575
101111001001,validation,3.7969900839109387,3.7990439203066635
101111001010,training,3.8004099765684676,3.8343823369829333
101111001011,training,3.7016209542905694,3.738721303848024
101111001100,training,3.802596710501229,3.8539343592401347
101111001101,validation,3.703465895944924,3.751953561809562
101111001110,validation,3.705871722248956,3.8245714917570974
101111001111,training,3.6109298335950073,3.7379597807448097
101111010000,validation,3.900781990866147,3.9573313163630943
101111010001,training,3.7982715628228134,3.8456336371434094
101111010010,training,3.8017291831763536,3.879335075622953
101111010011,validation,3.702704776570297,3.783006482821553
101111010100,training,3.80393951104854,3.8939343457109716
101111010101,training,3.7045716850775725,3.791285988613908
101111010110,validation,3.707003411732692,3.862266940364718
101111010111,validation,3.6118294157711945,3.774987669685939
101111011000,training,3.805352681954434,3.971602391774355
101111011001,training,3.7057702762892175,3.859884426637939
101111011010,validation,3.7082255987950172,3.9332543376091684
101111011011,validation,3.6128413741761163,3.836905458891037
101111011100,training,3.7098576123061497,3.9727101902189346
101111011101,validation,3.6142115843322298,3.8700415472051395
101111011110,validation,3.6161836641947698,3.9806909714476357
110000000000,training,4.808682038015483,4.706130725840524
110000000001,training,4.594306211414419,4.612564124332463
110000000010,training,4.372214559850108,4.494265164545845
110000000011,training,4.288634233260994,4.41606764945607
110000000100,training,4.243913049180085,4.429937225845865
110000000101,training,4.147270809683029,4.345419946460427
110000000110,validation,4.098556560605215,4.264400499945075
110000000111,training,4.037261419139443,4.195252306977921
110000001000,training,4.176551872418236,4.369350706989861
110000001001,training,4.074761670489481,4.2757638195650705
110000001010,training,4.0312186701327555,4.197133332270138
110000001011,training,3.9612755886450395,4.1189155312636325
110000001100,training,4.013108294296736,4.157661976091905
110000001101,validation,3.939775612362053,4.073124410789736
110000001110,training,3.9340276602944213,4.03177343676607
110000001111,validation,3.865828566809319,3.962604957882186
110000010000,training,4.142532832792582,4.3441399139187515
110000010001,training,4.039969220851583,4.24988546682747
110000010010,validation,4.004484857389055,4.169618001335811
110000010011,training,3.9298549154388325,4.090732640662814
110000010100,training,3.9944769946876466,4.1251938929883964
110000010101,training,3.916532892167354,4.039988768019736
110000010110,validation,3.9154444847459122,3.9970008157993444
110000010111,training,3.83870610925048,3.9271647772489686
110000011000,training,3.99290957011276,4.094311050661016
110000011001,training,3.913560042255011,4.000036317653002
110000011010,training,3.915298280909951,3.959437324653031
110000011011,training,3.8348755768386207,3.880531678063303
110000011100,training,3.9170507592478563,3.939869798827363
110000011101,training,3.8351702269414325,3.8546443879419714
110000011110,training,3.836180885807042,3.8513249082132655
110000100000,validation,4.12550288996779,4.295388212809735
110000100001,training,4.023468052650918,4.200424394445844
110000100010,training,3.994581659609618,4.110123218911511
110000100011,validation,3.917731237307765,4.030528486965904
110000100100,validation,3.991471848521591,4.087173712430207
110000100101,validation,3.911682367191283,4.001259216188937
110000100110,training,3.9146426020033442,3.9482375539258707
110000100111,validation,3.8328237489219954,3.8776921441028858
110000101000,training,3.9950941676770353,4.053796477827481
110000101001,training,3.9143639960576944,3.9588123735468583
110000101010,training,3.921763547895319,3.9081796705042118
110000101011,validation,3.83558021072297,3.828564652641874
110000101100,validation,3.926965707289152,3.910086746544655
110000101101,validation,3.839067771548808,3.8241519643866537
110000101110,training,3.8416865948161263,3.8107987746152734
110000101111,training,3.755535636755971,3.740233078875557
110000110000,training,3.998542311901497,4.046630511154326
110000110001,validation,3.9175802387337266,3.950978847207213
110000110010,training,3.927761366028536,3.8987091659678406
110000110011,validation,3.839260754691848,3.8184265884390114
110000110100,training,3.9346982326799096,3.8956634898391016
110000110101,training,3.8443721215152657,3.8090611480146084
110000110110,validation,3.847783727315537,3.7940709800465027
110000110111,training,3.7587431438846783,3.722837724640295
110000111000,training,3.938730415263915,3.8919899317649977
110000111001,training,3.8474497783847177,3.796317981901153
110000111010,training,3.8512028072287006,3.7837167731534667
110000111011,training,3.761003746362469,3.7034139097079066
110000111100,training,3.85345486309036,3.8055276795464748
110000111101,training,3.7626929428455647,3.718905051805251
110001000000,training,4.117106153090326,4.279463772441212
110001000001,training,4.015635737257825,4.177216353833914
110001000010,training,3.9908030170384743,4.097813244340315
110001000011,training,3.912952613887603,4.010934912151301
110001000100,training,3.9920520995687077,4.056871870090429
110001000101,training,3.9115934680839364,3.9636737736057515
110001000110,validation,3.917157452509722,3.921550177383419
110001000111,training,3.8326520408000384,3.843721167317027
110001001000,training,3.999069440322487,4.02784579141662
110001001001,validation,3.9180554155323413,3.9255780868925916
110001001010,training,3.929195364141734,3.8858434498906784
110001001011,training,3.83993668101982,3.798944831784934
110001001100,training,3.9367302815150143,3.8697586581625396
110001001101,training,3.845612379171254,3.776540275761132
110001001110,training,3.8492962668831368,3.774085152030485
110001001111,training,3.7593073412311697,3.696235856047362
110001010000,training,4.004629977465703,4.03633630644154
110001010001,training,3.9236692070463115,3.9334010422510195
110001010010,training,3.9383725277678656,3.892029427052381
110001010011,training,3.8465683484822493,3.8044632492801447
110001010100,training,3.9481726344045236,3.8709918831550594
110001010101,training,3.854383326168251,3.77710594108716
110001010110,validation,3.8590888521054434,3.773013839159788
110001010111,training,3.765817491074932,3.6944969835101733
110001011000,training,3.953819052853613,3.8716694810098744
110001011001,training,3.858987913519332,3.768713930902623
110001011010,training,3.864135196748268,3.7670107881956705
110001011011,training,3.76955150662558,3.6794243245067033
110001011100,validation,3.867194881642426,3.7708298268200964
110001011101,training,3.7719841251213615,3.6769235988354665
110001011110,training,3.774353588512444,3.7124999693997798
110001100000,training,4.007879833350096,4.006376865523207
110001100001,training,3.927045172718413,3.902732230060077
110001100010,validation,3.943701883972183,3.8513269048187637
110001100011,validation,3.850623568701522,3.7630513557739187
110001100100,training,3.954758602180538,3.8517639627875537
110001100101,training,3.8596314177526185,3.7571686494470447
110001100110,training,3.8648997466976898,3.743042837476998
110001100111,training,3.769949537785204,3.6638166105547745
110001101000,training,3.9611204378142606,3.8499471683670228
110001101001,training,3.8649164459636696,3.746282246987162
110001101010,training,3.8706732467707465,3.734545394237535
110001101011,validation,3.774344648090169,3.646249559275958
110001101100,training,3.8740871139167155,3.7598390347280715
110001101101,training,3.777104228983841,3.665223435470832
110001101110,validation,3.779721044331584,3.690766095992471
110001101111,training,3.6863157194139116,3.611519583153516
110001110000,training,3.964536070324774,3.8764825097898976
110001110001,training,3.8677851606352847,3.772150028743545
110001110010,training,3.873800987661496,3.758776197797192
110001110011,validation,3.7767646451560135,3.6698128031691244
110001110100,training,3.8773655298026135,3.7791170861185472
110001110101,training,3.7796633042938863,3.683833927194816
110001110110,training,3.7823838864135384,3.7077396095197295
110001110111,validation,3.688249666024505,3.6278255370142833
110001111000,training,3.8794431643465477,3.8070039682266392
110001111001,validation,3.7813681684320275,3.702651201263556
110001111010,training,3.784143763949519,3.728945842808889
110001111011,training,3.689630832063871,3.6399621622640903
110010000000,training,4.113079508329696,4.27912768619941
110010000001,training,4.011958352488222,4.180494209266742
110010000010,training,3.989264964821927,4.101520570082654
110010000011,training,3.91096748636839,4.0182561795682705
110010000100,training,3.992849131552329,4.058622988086599
110010000101,validation,3.9121446764004513,3.9690388332765516
110010000110,training,3.919117567567597,3.927344707363729
110010000111,training,3.8332922714449316,3.853129638971968
110010001000,training,4.001720504998485,4.0291255684700165
110010001001,training,3.920693108807736,3.9304718056206176
110010001010,training,3.9338883594269274,3.891166638928215
110010001011,training,3.8431119192089014,3.8078819624971003
110010001100,training,3.9427220033515513,3.8731256394539075
110010001101,training,3.8500135355580776,3.7835211987271293
110010001110,training,3.8542849206820256,3.781495545305993
110010001111,training,3.762358179914432,3.7072601909975003
110010010000,training,4.008453188686099,4.031924950043042
110010010001,training,3.9276526364402824,3.9326036275271514
110010010010,training,3.9448660418688584,3.8916614826380234
110010010011,training,3.85142678824477,3.8077092465404174
110010010100,validation,3.956279609662991,3.868667730994533
110010010101,training,3.8607750119749995,3.778395730601264
110010010110,training,3.86620321921246,3.7747330989834023
110010010111,validation,3.770780728405874,3.6998301850084183
110010011000,validation,3.962844626564188,3.868873987906574
110010011001,training,3.8662541170859654,3.769532379473953
110010011010,training,3.872183731210424,3.7682587070765106
110010011011,training,3.7753652248991343,3.6842861850621738
110010011100,training,3.8756982380072578,3.770121537954768
110010011101,training,3.7782181149376863,3.679829251644768
110010011110,training,3.7809054719646693,3.7158350925185917
110010100000,training,4.012343153083563,4.012581336509636
110010100001,training,3.9317713870170548,3.9125506427211363
110010100010,validation,3.9512017757774176,3.8615747877893334
110010100011,training,3.8564260897075044,3.7769131804191183
110010100100,validation,3.964057369464697,3.860055638011955
110010100101,training,3.8671489543322584,3.7690742663460757
110010100110,training,3.873219391762988,3.7553779246855394
110010100111,validation,3.7760000757886254,3.679765639437946
110010101000,training,3.9714493800332584,3.8577675026486498
110010101001,training,3.8734179810790734,3.7577165229434186
110010101010,validation,3.88004556384586,3.7464091405033018
110010101011,training,3.7813560679991878,3.661727247216356
110010101100,training,3.8839668066516553,3.7697465732476707
110010101101,validation,3.7845853655538417,3.6787449156650607
110010101110,training,3.787552398594717,3.70471704649621
110010101111,training,3.6917166784194944,3.6290844753318856
110010110000,validation,3.975411639513855,3.8786117106196305
110010110001,validation,3.8768095170830366,3.777893171247908
110010110010,validation,3.8837334566953716,3.764948810611066
110010110011,training,3.784287627062829,3.679599357657628
110010110100,training,3.8878276191320293,3.783333491186252
110010110101,training,3.787676950803005,3.6916642739371506
110010110110,training,3.7907611563619854,3.7159994265715746
110010110111,training,3.694143250135206,3.639699295740759
110010111000,validation,3.890204639528773,3.81074903235157
110010111001,training,3.7896594720171652,3.7100102070631165
110010111010,training,3.792805269852031,3.7367343189179594
110010111011,training,3.6957850404012347,3.651364580047791
110010111100,validation,3.794820176814385,3.7799755820148935
110010111101,training,3.697469817941998,3.6882860788490612
110011000000,validation,4.014356403616626,4.0229333460761
110011000001,training,3.9339243629997376,3.9156190520441934
110011000010,training,3.95447618617856,3.8755412631531243
110011000011,training,3.8590558220376416,3.783596055539502
110011000100,training,3.96806623807512,3.8560302456071636
110011000101,validation,3.870480554198099,3.7577652736978777
110011000110,training,3.876877057745691,3.754966998078075
110011000111,validation,3.778779828745299,3.672071112587074
110011001000,training,3.975881393831034,3.8580932661727774
110011001001,training,3.877154773551196,3.7507586862241395
110011001010,training,3.884137507582259,3.750349369824756
110011001011,training,3.784532793458528,3.658383876294403
110011001100,validation,3.888266091037049,3.755694934800543
110011001101,training,3.787954246181762,3.657409676974526
110011001110,training,3.7910625175359427,3.6942798738464093
110011001111,training,3.694281474549928,3.6113637024386778
110011010000,validation,3.9800688315752524,3.8945939558418314
110011010001,validation,3.8807622329254916,3.7865918162267023
110011010010,training,3.888057186699082,3.7845455216305934
110011010011,training,3.7876763380488603,3.691912468433749
110011010100,training,3.8923681753710544,3.7849383344371974
110011010101,training,3.7912667584553383,3.6859855169446893
110011010110,training,3.7944978536939504,3.721218735619847
110011010111,training,3.696912798138669,3.6376350045456243
110011011000,validation,3.89486774570892,3.816705031531434
110011011001,validation,3.7933630551046154,3.708682605999574
110011011010,training,3.7966584956726903,3.7463047838951513
110011011011,training,3.698661531668349,3.653651444781576
110011011100,training,3.798767271045509,3.771554179223503
110011011101,validation,3.7004338256860745,3.672581075814264
110011011110,training,3.7027534492304803,3.7474827669811073
110011100000,validation,3.9822529144146683,3.894042602499109
110011100001,training,3.882656114729067,3.7853310916113703
110011100010,training,3.8901116839101477,3.773251086972587
110011100011,training,3.789339285799696,3.679908662503133
110011100100,training,3.894516574246579,3.795118501645302
110011100101,training,3.7930167191545903,3.695456312880185
110011100110,training,3.796310703951848,3.720655821512668
110011100111,training,3.698319459785044,3.6363627191658354
110011101000,training,3.89706916360387,3.8243908064641934
110011101001,training,3.795162202730786,3.7156590096597233
110011101010,training,3.7985217481974174,3.743247477512626
110011101011,training,3.7001143978971607,3.649884767126441
110011101100,training,3.800670694438596,3.7899714747070887
110011101101,validation,3.7019241315748066,3.69028900002524
110011101110,training,3.7042882536319994,3.755156981149409
110011101111,training,3.60972253798509,3.6708435928858454
110011110000,validation,3.898552483247943,3.8789363225312026
110011110001,training,3.796417600289948,3.7695369660602416
110011110010,training,3.799814221265357,3.7954884557164186
110011110011,validation,3.7011736712499514,3.701458185663742
110011110100,validation,3.801986356204775,3.837259700741699
110011110101,training,3.703004989804126,3.736909666393359
110011110110,training,3.7053946042078634,3.800140669320802
110011110111,validation,3.6105989776725935,3.7151597213907475
110100000000,training,4.111205185796381,4.298920643994784
110100000001,validation,4.010264450801134,4.196213774000933
110100000010,training,3.988612912957668,4.111418719556202
110100000011,training,3.9101148409296074,4.024080935980635
110100000100,training,3.993343326220949,4.0697662897366556
110100000101,training,3.9125426427737637,3.9761087418654255
110100000110,training,3.920210841730406,3.92859320069196
110100000111,training,3.8337634377272556,3.8503047392390157
110100001000,training,4.0031338730111825,4.048667021927398
110100001001,training,3.9221307651763886,3.9459398660168157
110100001010,validation,3.936348458605787,3.90081328406377
110100001011,training,3.844855100823259,3.813455214571473
110100001100,training,3.945832525900926,3.884017436765972
110100001101,validation,3.8523724765130076,3.790339602978011
110100001110,training,3.856936862754725,3.7824925342962317
110100001111,training,3.7640839775137174,3.704183786926556
110100010000,validation,4.010452533858084,4.045470063261303
110100010001,validation,3.929766791787513,3.94207534768423
110100010010,training,3.9482355059901915,3.8953117875344585
110100010011,training,3.854022859046945,3.8072861583756703
110100010100,training,3.960462285119767,3.8735631880674775
110100010101,training,3.864146176390384,3.779217794613025
110100010110,training,3.8699371713722224,3.7697337477345205
110100010111,training,3.773482837596529,3.690757440698354
110100011000,training,3.967492688429316,3.882167596786843
110100011001,training,3.870069678759502,3.7787525952930388
110100011010,training,3.876392982580092,3.771657507634954
110100011011,training,3.778501125965638,3.6836115925594344
110100011100,validation,3.880136836565204,3.7747654906897194
110100011101,validation,3.7815663180104186,3.6803998113185368
110100011110,training,3.7844122403391998,3.710584236931718
110100100000,training,4.014664288558391,4.027323064627993
110100100001,training,3.9342611210781175,3.9232189777783093
110100100010,training,3.9550827896029825,3.8664217075858636
110100100011,training,3.85950361095672,3.7776867071544658
110100100100,training,3.9688483008753406,3.8661477099849937
110100100101,validation,3.8710966091803063,3.771092945257932
110100100110,training,3.877571189820671,3.7515751883367527
110100100111,training,3.7792611666197264,3.671889510027976
110100101000,training,3.9767643499795735,3.8722577264290137
110100101001,training,3.877867729526577,3.7681333536625994
110100101010,validation,3.884935228546614,3.7510045559618397
110100101011,training,3.785109328732218,3.662249269613711
110100101100,training,3.889113391350925,3.775587140882717
110100101101,training,3.78857690272452,3.6805120902389246
110100101110,training,3.7917192884904827,3.700662805809431
110100101111,training,3.6947103021826924,3.6209568415839235
110100110000,training,3.9810054955370213,3.887105594160874
110100110001,training,3.881526824287361,3.782313661727969
110100110010,validation,3.888910198027819,3.7635478858304836
110100110011,training,3.7883036887492847,3.6741250398158636
110100110100,training,3.8932729599476223,3.7831777185821784
110100110101,training,3.7919423017557645,3.687435108271895
110100110110,training,3.795208825522868,3.7059488456456755
110100110111,training,3.697390888359139,3.625575321753677
110100111000,training,3.895801862557478,3.818991411554821
110100111001,validation,3.794065918159445,3.714179193205185
110100111010,training,3.7973974326307918,3.7350818897993854
110100111011,training,3.699165387651404,3.645638757868034
110100111100,training,3.799528875330587,3.7795683050728277
110100111101,training,3.70095885225209,3.6838054088458128
110101000000,validation,4.016839645504669,4.026183955251279
110101000001,validation,3.93660441192385,3.9147962681581885
110101000010,validation,3.9586182970759403,3.8688970640064766
110101000011,training,3.862379494304114,3.7728784633316717
110101000100,training,3.973169062166283,3.8506311986370245
110101000101,validation,3.8747243835161584,3.7482928336665555
110101000110,training,3.8815467288726606,3.7396731427861103
110101000111,training,3.78232886712471,3.6527038642339265
110101001000,training,3.981539265820775,3.861092371009963
110101001001,training,3.88193126482641,3.749684398000142
110101001010,validation,3.889378244915733,3.743453666340116
110101001011,validation,3.788605018333027,3.64741477974858
110101001100,validation,3.893778308386471,3.7500443834924115
110101001101,validation,3.79227847802965,3.647685732605212
110101001110,validation,3.795570896551228,3.6787345142164525
110101001111,training,3.697581466128861,3.5917449497475373
110101010000,training,3.986022588434047,3.891596720439897
110101010001,training,3.8858230481853697,3.7795211877635846
110101010010,validation,3.8936032447185545,3.7716534779068334
110101010011,validation,3.7920283989771773,3.674947031648806
110101010100,training,3.898198307031446,3.7732914428899464
110101010101,training,3.7958827091264706,3.670265232336255
110101010110,training,3.799305419121285,3.6996770357507702
110101010111,training,3.7004837958354924,3.612019911615364
110101011000,validation,3.9008585417484953,3.8134562917915074
110101011001,training,3.7981283862798385,3.701360473198464
110101011010,validation,3.8016190732036614,3.7331612358333985
110101011011,training,3.7023731772555037,3.6364345036586405
110101011100,training,3.803850348506758,3.759655783338259
110101011101,validation,3.704259782035536,3.6566092868678366
110101011110,training,3.7067155391355047,3.725689562774038
110101100000,training,3.9883579547880657,3.8922419819972696
110101100001,training,3.8878625250597207,3.779457078048348
110101100010,validation,3.895814224042596,3.7615556581489216
110101100011,training,3.7938349140597003,3.664139840618285
110101100100,training,3.9005097276733154,3.784668224998146
110101100101,validation,3.7977824106803135,3.680932643171845
110101100110,training,3.8012718669241687,3.7003107365436856
110101100111,validation,3.702029732517619,3.6119442411356704
110101101000,training,3.9032266909685776,3.8223386816243616
110101101001,validation,3.8000807762254554,3.709533491758709
110101101010,training,3.80363952558727,3.7313005443509684
110101101011,training,3.703968676144375,3.6338644409036003
110101101100,training,3.8059134453236223,3.7792696937219397
110101101101,validation,3.705895053764064,3.6755138259789084
110101101110,training,3.7083978688715993,3.734560391842434
110101101111,training,3.612587318006861,3.646173610517688
110101110000,training,3.9048020764481954,3.8708878574522507
110101110001,validation,3.801421971017577,3.7574151079201066
110101110010,training,3.8050198890170153,3.7775451823156407
110101110011,validation,3.7051089309658165,3.6794415192017818
110101110100,validation,3.807318301372145,3.8205615795174297
110101110101,training,3.707058123818109,3.716138152107907
110101110110,training,3.7095877521854796,3.773547739774708
110101110111,validation,3.613540342533316,3.68449339878347
110101111000,training,3.8087866102188133,3.8879357126722685
110101111001,training,3.70830828176586,3.774442677223393
110101111010,training,3.7108622576428574,3.834241224110613
110101111011,training,3.6146010483137907,3.7361172750800233
110110000000,validation,4.017917447697614,4.071100025151944
110110000001,training,3.937769774479418,3.963326279733484
110110000010,validation,3.9603621699374876,3.9178565458912824
110110000011,training,3.8638112281967114,3.8254518868911074
110110000100,validation,3.9752954588531915,3.8976344727756618
110110000101,training,3.876522792492043,3.798910049479823
110110000110,training,3.8835142787250874,3.7907198289088884
110110000111,training,3.7838635733220936,3.7073644920313344
110110001000,validation,3.9838874591607736,3.907624304205826
110110001001,training,3.883942731548883,3.7998302728706355
110110001010,validation,3.891574521092955,3.79402901152012
110110001011,training,3.790349289273293,3.701604066603214
110110001100,training,3.8960827547273675,3.7986635209262465
110110001101,training,3.7941231693824684,3.699918811713677
110110001110,validation,3.797488350303388,3.731397063634428
110110001111,training,3.699030466829059,3.6480214408401435
110110010000,training,3.9884892100125455,3.9324375201838664
110110010001,validation,3.8879484346866877,3.8239759291821844
110110010010,validation,3.8959220211428978,3.816537689634943
110110010011,training,3.793884961306028,3.7234451850515464
110110010100,validation,3.900630407962292,3.8162194468718873
110110010101,training,3.7978445568944434,3.716807177992827
110110010110,training,3.8013430652143962,3.746648451716852
110110010111,training,3.702041669776982,3.6626052692560767
110110011000,training,3.903354717398427,3.855912954830675
110110011001,training,3.8001498180004054,3.747431077912262
110110011010,training,3.803717772566691,3.7796613108567065
110110011011,training,3.703987169454994,3.6865485203565784
110110011100,training,3.805997502560326,3.804199650615398
110110011101,validation,3.705918996460827,3.7047670958196064
110110011110,training,3.708428386177661,3.7742768420353174
110110100000,training,3.9908851393023945,3.943698609126166
110110100001,training,3.8900462600755317,3.8345276468518747
110110100010,validation,3.898195799827894,3.817055697261959
110110100011,validation,3.79574910219086,3.723253821405952
110110100100,validation,3.9030073058111983,3.8382120563650144
110110100101,validation,3.7998044130637516,3.7380904162133435
110110100110,validation,3.803371236296981,3.757897979894694
110110100111,training,3.7036435762682274,3.673145426161309
110110101000,validation,3.9057898635732764,3.8754111720484556
110110101001,validation,3.8021637975444844,3.766219923857433
110110101010,training,3.805801424988914,3.788416446759203
110110101011,validation,3.7056400148543007,3.6945942849864655
110110101100,training,3.80812480584915,3.834429388384006
110110101101,training,3.7076125641350597,3.7342874623156046
110110101110,validation,3.7101700486912903,3.793763498488641
110110101111,validation,3.6138759451896765,3.708990658838525
110110110000,training,3.9074019429486397,3.918269214424451
110110110001,training,3.8035391944488555,3.8084104065669373
110110110010,training,3.807216837227616,3.828969951271982
110110110011,validation,3.7068125635296387,3.734480229832753
110110110100,validation,3.809565238087869,3.870030140727602
110110110101,training,3.708808425733928,3.7692206549927096
110110110110,training,3.7113932551426214,3.82705971296902
110110110111,training,3.614859520507622,3.741619313652413
110110111000,training,3.8110647876612096,3.9369329329396665
110110111001,training,3.710087788983223,3.827053839165422
110110111010,validation,3.7126973972211403,3.8872818563621516
110110111011,training,3.615947825715637,3.792771849006192
110110111100,validation,3.7144310733473977,3.9531986283395195
110110111101,training,3.617413328232476,3.852368856687896
110111000000,training,3.9921325210355327,3.968835949684439
110111000001,training,3.891144588567246,3.8523813871667407
110111000010,training,3.8993839410600044,3.845807503617559
110111000011,training,3.796730981891467,3.744722027518145
110111000100,training,3.904248097495787,3.8489719949520325
110111000101,training,3.8008351561460496,3.741566754556955
110111000110,validation,3.804436705736687,3.772272384279039
110111000111,training,3.7044941559294258,3.6802362303022473
110111001000,training,3.907060386980107,3.8905222665643926
110111001001,training,3.803222163963598,3.774047418129963
110111001010,training,3.8068952159776694,3.807142007072467
110111001011,training,3.706516591349717,3.706036245056322
110111001100,training,3.8092407828483235,3.8351630809286874
110111001101,validation,3.7085098372047463,3.7277375546168794
110111001110,validation,3.7110917135440626,3.7981116568306494
110111001111,training,3.614583391453389,3.7060552169371266
110111010000,training,3.9086890634616847,3.9490367906384614
110111010001,training,3.804613014759425,3.831894382537541
110111010010,training,3.8083264724931913,3.8633519932833185
110111010011,training,3.70770371736115,3.761578671600683
110111010100,training,3.8106973022188266,3.886420314970357
110111010101,training,3.7097205052347215,3.7783272289920578
110111010110,validation,3.7123299697464303,3.8470643530091024
110111010111,training,3.615580741176713,3.754340353449088
110111011000,validation,3.8122108493960685,3.95767426311134
110111011001,validation,3.711012947549554,3.8405115690936884
110111011010,validation,3.7136473859625956,3.9116376523311525
110111011011,validation,3.6166814005841146,3.809844044731786
110111011100,training,3.7153974139907198,3.9595625565399386
110111011101,training,3.6181622304718797,3.851449184644908
110111011110,training,3.620289586261825,3.9598547811536386
110111100000,validation,3.909646645338241,3.9790901397714444
110111100001,training,3.8054357856999443,3.861238360397914
110111100010,training,3.8091723258653776,3.882662261101018
110111100011,training,3.7084110519591635,3.780179568145772
110111100100,training,3.8115575801524297,3.9272051846541673
110111100101,validation,3.7104412789724486,3.8184027274032584
110111100110,validation,3.7130664582820687,3.877106141377628
110111100111,training,3.6161805088714307,3.7836727705450044
110111101000,validation,3.8130801095416023,3.995964740519805
110111101001,training,3.7117421049331325,3.878092675229543
110111101010,training,3.714392384920549,3.939185048424333
110111101011,training,3.617289078741639,3.8366820695523565
110111101100,training,3.7161528393550523,4.00858455449923
110111101101,training,3.6187796789813453,3.8997618113315897
110111101110,training,3.6209207119002587,3.9981336977976456
111000000000,training,4.110354849724867,4.290151722558276
111000000001,training,4.0094998307969405,4.190820519400161
111000000010,training,3.9883351090825,4.109024534242524
111000000011,training,3.9097467375279913,4.025062417502692
111000000100,validation,3.993604167188294,4.066566111571868
111000000101,training,3.9127635221757844,3.9762842305363737
111000000110,training,3.9207595878146484,3.931767758650003
111000000111,training,3.8340251367300375,3.856854964032794
111000001000,training,4.003829029462933,4.0475626907636135
111000001001,training,3.9228441529994584,3.9482112016887667
111000001010,training,3.937546052678659,3.906083689022816
111000001011,training,3.8457214853639434,3.822101286366254
111000001100,training,3.94733919235346,3.888481848873908
111000001101,training,3.853531839437374,3.7981796819216824
111000001110,validation,3.858235184555496,3.793331682526998
111000001111,training,3.76495187704765,3.7183986019930573
111000010000,training,4.011425774137852,4.033806068385884
111000010001,training,3.9308021122111545,3.933787019644546
111000010010,validation,3.9498669608948647,3.89002252878187
111000010011,validation,3.8552967422039846,3.805372566458816
111000010100,training,3.9624814393833576,3.8674679364637794
111000010101,validation,3.865790081872142,3.7764982098450623
111000010110,training,3.871753714186638,3.7700132322536524
111000010111,training,3.7748189157347585,3.694412592053221
111000011000,training,3.969734288511711,3.8781681921841478
111000011001,training,3.87192628902395,3.7781288575260787
111000011010,validation,3.878437169600385,3.7740328391550886
111000011011,training,3.7800451873610155,3.689362590915304
111000011100,training,3.882290408317342,3.7763348293587455
111000011101,training,3.7832117123741904,3.6853448168232976
111000011110,training,3.786132860474139,3.7185283117235732
111000100000,validation,4.015790676613078,4.01990293555559
111000100001,validation,3.935475706649687,3.919174515541642
111000100010,training,3.956959102885902,3.8653763146362916
111000100011,training,3.861008278741532,3.780016981040628
111000100100,training,3.9711592156956828,3.8642963241843122
111000100101,training,3.8730174468398677,3.7726172262929856
111000100110,validation,3.879684706957663,3.756098538658901
111000100111,training,3.7808662561644426,3.6797885271858597
111000101000,validation,3.979326265273672,3.872502187629335
111000101001,training,3.880029394782392,3.771753481698656
111000101010,training,3.8873069149186428,3.757623753284991
111000101011,training,3.7869509022600583,3.672244133772597
111000101100,training,3.8916078749598455,3.7814003453547596
111000101101,training,3.7905324514158307,3.6897009615467016
111000101110,training,3.7937581889084706,3.7128507464043032
111000101111,validation,3.69620109364419,3.6365204490145304
111000110000,validation,3.9837011882584696,3.8767903916495605
111000110001,validation,3.8838170137768886,3.775374126052391
111000110010,training,3.8914198873643393,3.759607419442
111000110011,training,3.790271725882574,3.673560240263115
111000110100,validation,3.89591113015237,3.778431259342586
111000110101,validation,3.7940296764109562,3.686064315868037
111000110110,training,3.7973829244355795,3.707577122528913
111000110111,training,3.6990041229952655,3.630579265472649
111000111000,training,3.898512696176497,3.8163407993162313
111000111001,training,3.796220845269619,3.7149042478023304
111000111010,validation,3.7996407246934347,3.7388060136836256
111000111011,validation,3.700842217154096,3.6527385485880095
111000111100,training,3.8018276094533956,3.782486436105959
111000111101,training,3.7026874140467716,3.6900992067146787
111001000000,validation,4.018043302439193,4.032779162851355
111001000001,training,3.9379099806674165,3.9247671425940003
111001000010,validation,3.9606198073317387,3.881867007729383
111001000011,validation,3.864002362555304,3.7892240738903133
111001000100,training,3.975629864973347,3.862795149508822
111001000101,training,3.8767877662386367,3.763832451374088
111001000110,validation,3.8838133311149154,3.7582118297807376
111001000111,training,3.7840727981211697,3.6746182180642895
111001001000,training,3.9842662032771985,3.8753521688827632
111001001001,training,3.8842504123171513,3.7673198627086775
111001001010,training,3.891919254888144,3.7640882003357463
111001001011,validation,3.7906006146338953,3.6714249805799453
111001001100,training,3.8964492162289774,3.7698729246369322
111001001101,training,3.7943947495036445,3.670889940585468
111001001110,validation,3.7977747872125565,3.704937791483803
111001001111,training,3.6992204712398578,3.6213238938506236
111001010000,training,3.988891620011571,3.8952968546010625
111001010001,training,3.888278932351813,3.786596988760486
111001010010,validation,3.896291203333993,3.7817283481908293
111001010011,training,3.79415881753723,3.688397568768537
111001010100,training,3.9010223016443693,3.7825603203228324
111001010101,training,3.7981395979654073,3.682909776604877
111001010110,validation,3.8016535481426192,3.715320649306486
111001010111,training,3.7022535942431687,3.6310391920068157
111001011000,training,3.903759491701676,3.824821016225397
111001011001,training,3.8004568789567656,3.716100864468089
111001011010,training,3.8040405618539226,3.7509006963901177
111001011011,training,3.70421045533871,3.6575496310510944
111001011100,validation,3.80633017841652,3.7765892510438688
111001011101,validation,3.706151526993993,3.6769184214091823
111001011110,training,3.7086719423520953,3.7489977666024776
111001100000,training,3.9912996697844294,3.9001859819614517
111001100001,training,3.8903884574743532,3.7907767448482654
111001100010,validation,3.898577529997912,3.7758743942359336
111001100011,training,3.796034529606887,3.681834243541032
111001100100,training,3.9034122597101,3.798180968234049
111001100101,training,3.8001115097999345,3.6978210532434836
111001100110,training,3.8036940779123873,3.7201982159024185
111001100111,training,3.703866773563,3.635207387330138
111001101000,validation,3.906207989788685,3.837947271861267
111001101001,training,3.802483189990582,3.72851774883135
111001101010,training,3.806136856758925,3.753283870710704
111001101011,training,3.7058748386178224,3.6592234340990717
111001101100,training,3.808470319108596,3.8004470272305664
111001101101,training,3.7078568166567694,3.7000668263232703
111001101110,validation,3.710425529068913,3.762112461473891
111001101111,validation,3.6140323098379183,3.67710134698488
111001110000,training,3.9078274647106097,3.875936783977522
111001110001,training,3.8038655004961797,3.7658397012811133
111001110010,validation,3.8075593483336316,3.7889688449637418
111001110011,training,3.707053934705124,3.694240848685618
111001110100,training,3.809917934239248,3.831179249314422
111001110101,training,3.709059323510919,3.7301314887406343
111001110110,training,3.7116554860754363,3.7905401456945294
111001110111,training,3.6150221003718235,3.704861471539027
111001111000,validation,3.811423863434406,3.9006492294702633
111001111001,training,3.7103446596815015,3.7905318608571235
111001111010,validation,3.712965688211374,3.853329477031438
111001111011,training,3.6161160588164507,3.758581194836583
111010000000,training,4.019158381314811,4.066864562349063
111010000001,training,3.939119391400037,3.962466483766339
111010000010,training,3.9624245220669807,3.9199958192112323
111010000011,validation,3.8654916107004516,3.830966827046792
111010000100,training,3.977829283999791,3.898967753244502
111010000101,validation,3.8786557123843766,3.803618996784399
111010000110,validation,3.885855614512762,3.7984278455005587
111010000111,training,3.7856753499797744,3.71844817545874
111010001000,training,3.986694911742268,3.9110534316756693
111010001001,training,3.886338819824017,3.806635067176214
111010001010,training,3.8941983202945085,3.8038328751127928
111010001011,training,3.7924202672633514,3.714783597031622
111010001100,validation,3.898839964860245,3.8076613916678106
111010001101,training,3.7963181391651437,3.712292349290976
111010001110,training,3.799773040647185,3.7467696704988214
111010001111,training,3.7007421307966033,3.6667697145402722
111010010000,training,3.9914428831634003,3.925306983942075
111010010001,training,3.8904853389452865,3.820221059776128
111010010010,training,3.898697216528721,3.8157818895159816
111010010011,training,3.796094919843281,3.7260650517683196
111010010100,validation,3.903545381197851,3.8146576539018167
111010010101,validation,3.8001845202717734,3.718621051858491
111010010110,training,3.8037764946862977,3.751461394869611
111010010111,validation,3.70388828682124,3.6707938792445702
111010011000,training,3.9063487733299964,3.8564470088616067
111010011001,training,3.8025633943656114,3.751340798778929
111010011010,training,3.806226628376355,3.786570101010468
111010011011,training,3.7059031939823375,3.6968329773460753
111010011100,training,3.8085661294671413,3.8103024479180507
111010011101,validation,3.7078908369128425,3.714245559957994
111010011110,training,3.7104663721450097,3.7867543754608
111010100000,training,3.9939136255129797,3.9408119386873914
111010100001,training,3.8926553195374853,3.8350166432488346
111010100010,training,3.9010486429436804,3.8205437629460137
111010100011,validation,3.7980304084359346,3.7301175539257416
111010100100,validation,3.906003237308177,3.8408941291979604
111010100101,training,3.802218852231388,3.7441481558820247
111010100110,training,3.805881078542198,3.76695478885047
111010100111,validation,3.7055595898571516,3.68557790195282
111010101000,training,3.908866758699759,3.880189091882404
111010101001,validation,3.804653626688117,3.774373510527117
111010101010,training,3.808388522499968,3.7995691027159815
111010101011,training,3.7076271418774516,3.709122607778979
111010101100,training,3.810772918246899,3.844776051489675
111010101101,training,3.70965668087512,3.748009792257009
111010101110,training,3.712281591486913,3.8104848977171404
111010101111,validation,3.6153960176803075,3.7290877249027594
111010110000,training,3.910524142429379,3.912487470546765
111010110001,validation,3.806071288009144,3.8060043295249866
111010110010,training,3.8098472450467282,3.8295629435171255
111010110011,validation,3.708839635532694,3.738448888913632
111010110100,training,3.8122573127232156,3.8698171401216372
111010110101,validation,3.7108931029102075,3.7723833212224793
111010110110,training,3.7135460151915836,3.833221448485885
111010110111,training,3.6164174223653154,3.751156716005013
111010111000,training,3.8137954063468436,3.9388157793347043
111010111001,validation,3.7122085167320122,3.832312352396194
111010111010,validation,3.7148867411740647,3.8955394388800197
111010111011,training,3.6175398151380853,3.8044050983597946
111010111100,validation,3.7166656233677906,3.9606502180062786
111010111101,training,3.6190477066564197,3.8631961131903894
111011000000,validation,3.9951987136946974,3.9799646159181434
111011000001,training,3.893790092946638,3.86688572023618
111011000010,training,3.902276020367852,3.863310905974093
111011000011,training,3.7990484067661323,3.765601096710414
111011000100,training,3.907284949059819,3.865669404457457
111011000101,training,3.8032873054671823,3.761639830898115
111011000110,training,3.806985237596735,3.7953445299072937
111011000111,training,3.7064453741786805,3.706684042766237
111011001000,validation,3.910179158947888,3.90931552307082
111011001001,training,3.8057506074060736,3.796216341472126
111011001010,training,3.809521933876295,3.8323099997017236
111011001011,validation,3.708539791353346,3.7345799045213144
111011001100,training,3.811929144603143,3.8595250807068355
111011001101,validation,3.71059062059291,3.7554752212307627
111011001110,training,3.713240568100811,3.8288483927316275
111011001111,training,3.616137219350146,3.7401676196738394
111011010000,training,3.9118536674112194,3.9572703834332543
111011010001,validation,3.8071842216681633,3.843503642168069
111011010010,training,3.810997014634292,3.8779603222009413
111011010011,validation,3.7097673421340764,3.779562667354041
111011010100,validation,3.8134301494770133,3.900222651036871
111011010101,training,3.7118423377040437,3.7955052318943068
111011010110,training,3.714520538975326,3.867241425198446
111011010111,training,3.6171728608994465,3.7778930924741663
111011011000,validation,3.8149826345278517,3.9735724461788564
111011011001,training,3.7131712026317083,3.8597854189969403
111011011010,training,3.7158749175841304,3.9339105715214986
111011011011,training,3.618307964114162,3.8354926307578667
111011011100,training,3.717670585990455,3.9810294828791757
111011011101,validation,3.619831594353659,3.87629177781988
111011011110,validation,3.6220189753041994,3.9876964436157056
111011100000,training,3.9128370865174458,3.9915675983692536
111011100001,training,3.808031164680544,3.8770914858314587
111011100010,validation,3.8118676359069696,3.901514455821657
111011100011,training,3.710497588791102,3.802407429702147
111011100100,training,3.8143155664661146,3.9452513865236973
111011100101,training,3.7125863739631164,3.8398245961085236
111011100110,training,3.715280661491275,3.901527079369988
111011100111,training,3.6177943914369006,3.8114693753731
111011101000,training,3.8158772615697427,4.016106789390338
111011101001,validation,3.713923837868597,3.9016103909358115
111011101010,training,3.7166437696912014,3.9657018334176954
111011101011,training,3.6189376114559106,3.8665745213814544
111011101100,validation,3.7184501110099104,4.034295346641484
111011101101,training,3.6204712457648336,3.9288482703095786
111011101110,validation,3.6226726236644655,4.030219226062728
111011110000,training,3.816878482324554,4.082106476150727
111011110001,training,3.7147840644965022,3.9669425180297098
111011110010,training,3.717520176488565,4.029396982314868
111011110011,validation,3.619675737106035,3.9296021106121355
111011110100,validation,3.719337161452157,4.093037743369473
111011110101,training,3.621219345803687,3.9869231073710782
111011110110,validation,3.623434663723121,4.086657084927502
111100000000,validation,4.019706438507629,4.097631401963491
111100000001,training,3.9397143237726184,3.989159930319584
111100000010,training,3.9633037126582633,3.940867850503834
111100000011,training,3.8662224288774465,3.8477654652782114
111100000100,training,3.978897424836865,3.921084936713613
111100000101,training,3.8795678888368506,3.8216627871923268
111100000110,training,3.8868511693704164,3.8106502206478434
111100000111,training,3.786462993142895,3.7265971575448424
111100001000,validation,3.987872980235099,3.9415687669521047
111100001001,training,3.8873567385917918,3.8330770093914666
111100001010,training,3.8953075063679385,3.8244534020674026
111100001011,training,3.7933121066247546,3.7313307309250487
111100001100,validation,3.900002635062692,3.829527070798929
111100001101,training,3.7972596614526335,3.7300846353609116
111100001110,training,3.800750293484842,3.7587405413081143
111100001111,training,3.701493703442487,3.674667192288382
111100010000,training,3.9926797489142327,3.94982597897939
111100010001,training,3.891559896058741,3.8406666617522607
111100010010,validation,3.899867369612423,3.8304060762314713
111100010011,training,3.797042691114631,3.7366158454226266
111100010100,training,3.904771624145752,3.830526992793815
111100010101,training,3.8011844352940662,3.7304169976893067
111100010110,training,3.8048136659420413,3.7574359254397836
111100010111,training,3.7046941789897097,3.67269501675356
111100011000,training,3.9076067329691613,3.8807144995609297
111100011001,training,3.803592821039821,3.7715348964170694
111100011010,training,3.807294046982769,3.800942783387965
111100011011,training,3.706736903008484,3.70713226666239
111100011100,training,3.809657367396189,3.8259202824720564
111100011101,training,3.7087467849677562,3.725790001450817
111100011110,training,3.7113485956943584,3.79247740169298
111100100000,training,3.995180572229303,3.9665275486248017
111100100001,validation,3.8937588981916065,3.856658860125062
111100100010,training,3.902250064560167,3.8363645645615985
111100100011,validation,3.799006894928526,3.741864962480144
111100100100,validation,3.907262103642928,3.8579600829900533
111100100101,validation,3.8032487626414637,3.7571407166129354
111100100110,training,3.8069490341529164,3.774125934320738
111100100111,training,3.7063934184456193,3.6886756543619046
111100101000,validation,3.9101581113900514,3.9056531974818225
111100101001,validation,3.80571377587494,3.795764223065352
111100101010,training,3.809487473978383,3.8151383999935744
111100101011,training,3.708489485412474,3.7206185119953883
111100101100,training,3.811896195590269,3.8615905009437763
111100101101,training,3.710541741429216,3.760750848649927
111100101110,training,3.7131934473631536,3.8174045388494156
111100101111,training,3.616074537990302,3.7319339729738514
111100110000,training,3.91183365272522,3.931955235907063
111100110001,training,3.8071483714825827,3.8213987018241014
111100110010,training,3.8109635548882745,3.839135900555598
111100110011,validation,3.7097179805842093,3.743948452890921
111100110100,training,3.8133982126419155,3.880635249336618
111100110101,validation,3.711794414388289,3.7791280373762772
111100110110,training,3.714474387176785,3.83414474937904
111100110111,training,3.6171110923821583,3.748006623836985
111100111000,validation,3.814951664135865,3.9580320403570095
111100111001,training,3.713124191007623,3.847455220357317
111100111010,training,3.7158296898194423,3.9048608915804994
111100111011,validation,3.6182470651055025,3.8096531579990915
111100111100,validation,3.7176265380408076,3.9712168228832665
111100111101,training,3.619771804605563,3.869689325006195
111101000000,validation,3.9964808093553,3.9941891069123754
111101000001,training,3.894908319250696,3.877036818169229
111101000010,validation,3.9034932308659855,3.867640588646499
111101000011,training,3.8000394200722005,3.7658573863216374
111101000100,training,3.9085602930324406,3.871244239306372
111101000101,training,3.8043323936706535,3.763141272685847
111101000110,training,3.8080687697122664,3.791024556434383
111101000111,validation,3.7072933661614633,3.6982906762321432
111101001000,training,3.911487380575831,3.92328850972706
111101001001,training,3.806826304163341,3.8061159350671825
111101001010,validation,3.810636842598995,3.836388178036138
111101001011,validation,3.709416653429077,3.734584689794546
111101001100,training,3.8130686351931007,3.8648484112177584
111101001101,training,3.71149044130034,3.7567251586805024
111101001110,training,3.714167445838228,3.8242769149207243
111101001111,training,3.6168293188526803,3.7315227488017535
111101010000,training,3.9131802623036824,3.965247029850374
111101010001,validation,3.8082770566914568,3.8474068955240055
111101010010,training,3.812129491824774,3.876042160296236
111101010011,training,3.7106604018461007,3.773571112388152
111101010100,validation,3.8145874765863583,3.899549641308673
111101010101,validation,3.7127586090988283,3.790758829104926
111101010110,training,3.715464136183688,3.856673607148423
111101010111,training,3.61788029914715,3.7632518813629607
111101011000,training,3.816155479724212,3.9812975882579837
111101011001,validation,3.714101988167433,3.863437168014885
111101011010,training,3.716833245428524,3.931740905278801
111101011011,training,3.619029127222327,3.8292495714539863
111101011100,training,3.7186470560581055,3.9801049688129853
111101011101,training,3.620569772318718,3.8712938706925075
111101011110,validation,3.622781000798027,3.9768771212276897
111101100000,validation,3.914174023586226,4.000740859686469
111101100001,training,3.8091336733979446,3.8821913540874906
111101100010,training,3.8130100281115924,3.9007929088170465
111101100011,validation,3.7113998168538163,3.797612489636353
111101100100,validation,3.8154829588419275,3.945774991695595
111101100101,training,3.7135119555721583,3.8362748082192377
111101100110,training,3.7162337186917553,3.8921558762200603
111101100111,training,3.6185105365621255,3.7980247791619886
111101101000,validation,3.8170602641994305,4.02502854636956
111101101001,training,3.7148640207190446,3.906458754853851
111101101010,training,3.7176116461867945,3.9647287820750927
111101101011,validation,3.619667564902417,3.861528076977668
111101101100,training,3.7194362291102383,4.034567447475389
111101101101,validation,3.6212183082923475,3.9250469780823014
111101101110,training,3.623443662531303,4.020596518574809
111101110000,training,3.8180712802916195,4.08503189289083
111101110001,training,3.7157334238228303,3.9657945417086293
111101110010,training,3.718497365422761,4.0224275907331455
111101110011,validation,3.6204143823513153,3.9185593259692295
111101110100,training,3.720332681155294,4.087313503964259
111101110101,training,3.6219751847536683,3.9771254749046796
111101110110,training,3.6242145940282118,4.071038037200462
111101111000,validation,3.7215476571574384,4.196270735166847
111101111001,validation,3.6230101854532153,4.077013098067916
111101111010,validation,3.625267765879956,4.173314619584117
