method,repeat,unique_evaluation,schedule,objective,best_objective
exact,0,1,000000000000,7.755587660344856,7.755587660344856
exact,0,2,000000000001,7.406231375011384,7.406231375011384
exact,0,3,000000000010,6.9213381776763,6.9213381776763
exact,0,4,000000000011,6.804424514172646,6.804424514172646
exact,0,5,000000000100,6.580768523358551,6.580768523358551
exact,0,6,000000000101,6.4026770165098466,6.4026770165098466
exact,0,7,000000000110,6.205379304950492,6.205379304950492
exact,0,8,000000000111,6.16638059926041,6.16638059926041
exact,0,9,000000001000,6.371654953754823,6.16638059926041
exact,0,10,000000001001,6.141028494349627,6.141028494349627
exact,0,11,000000001010,5.870552655904319,5.870552655904319
exact,0,12,000000001011,5.8094476023934085,5.8094476023934085
exact,0,13,000000001100,5.713877124180844,5.713877124180844
exact,0,14,000000001101,5.639112082724998,5.639112082724998
exact,0,15,000000001110,5.569899611606627,5.569899611606627
exact,0,16,000000001111,5.552496600138164,5.552496600138164
exact,0,17,000000010000,6.256041060427685,5.552496600138164
exact,0,18,000000010001,5.9902795717755914,5.552496600138164
exact,0,19,000000010010,5.663849571405267,5.552496600138164
exact,0,20,000000010011,5.5845512999679325,5.552496600138164
exact,0,21,000000010100,5.462065127488792,5.462065127488792
exact,0,22,000000010101,5.359801802777284,5.359801802777284
exact,0,23,000000010110,5.264766394085145,5.264766394085145
exact,0,24,000000010111,5.2370718989038885,5.2370718989038885
exact,0,25,000000011000,5.351393645725286,5.2370718989038885
exact,0,26,000000011001,5.234046286457472,5.234046286457472
exact,0,27,000000011010,5.123899634649705,5.123899634649705
exact,0,28,000000011011,5.090224714474726,5.090224714474726
exact,0,29,000000011100,5.067723368473272,5.067723368473272
exact,0,30,000000011101,5.031369970888033,5.031369970888033
exact,0,31,000000011110,5.008995818937378,5.008995818937378
exact,0,32,000000100000,6.1954418789566335,5.008995818937378
exact,0,33,000000100001,5.910041905704301,5.008995818937378
exact,0,34,000000100010,5.549360762492031,5.008995818937378
exact,0,35,000000100011,5.458252932186626,5.008995818937378
exact,0,36,000000100100,5.316565376747349,5.008995818937378
exact,0,37,000000100101,5.194571216997843,5.008995818937378
exact,0,38,000000100110,5.0796741043345035,5.008995818937378
exact,0,39,000000100111,5.044052907419728,5.008995818937378
exact,0,40,000000101000,5.183527992227867,5.008995818937378
exact,0,41,000000101001,5.039693199906476,5.008995818937378
exact,0,42,000000101010,4.901372544556057,4.901372544556057
exact,0,43,000000101011,4.856337636470496,4.856337636470496
exact,0,44,000000101100,4.828403328465108,4.828403328465108
exact,0,45,000000101101,4.7788748263986385,4.7788748263986385
exact,0,46,000000101110,4.749457081693673,4.749457081693673
exact,0,47,000000101111,4.724950543651811,4.724950543651811
exact,0,48,000000110000,5.1142524443396935,4.724950543651811
exact,0,49,000000110001,4.957736970480278,4.724950543651811
exact,0,50,000000110010,4.8051336460121234,4.724950543651811
exact,0,51,000000110011,4.754220245477198,4.724950543651811
exact,0,52,000000110100,4.723201725435311,4.723201725435311
exact,0,53,000000110101,4.666621300334933,4.666621300334933
exact,0,54,000000110110,4.6333615002919,4.6333615002919
exact,0,55,000000110111,4.604545080958189,4.604545080958189
exact,0,56,000000111000,4.682374436220231,4.604545080958189
exact,0,57,000000111001,4.622777445092633,4.604545080958189
exact,0,58,000000111010,4.587863408653725,4.587863408653725
exact,0,59,000000111011,4.557165623805219,4.557165623805219
exact,0,60,000000111100,4.570785633713084,4.557165623805219
exact,0,61,000000111101,4.539337555716461,4.539337555716461
exact,0,62,000001000000,6.163686602224704,4.539337555716461
exact,0,63,000001000001,5.868450530272736,4.539337555716461
exact,0,64,000001000010,5.489701711770793,4.539337555716461
exact,0,65,000001000011,5.392111744226519,4.539337555716461
exact,0,66,000001000100,5.2392617084480895,4.539337555716461
exact,0,67,000001000101,5.105712810534117,4.539337555716461
exact,0,68,000001000110,4.978666536597254,4.539337555716461
exact,0,69,000001000111,4.938108572402804,4.539337555716461
exact,0,70,000001001000,5.092296701424262,4.539337555716461
exact,0,71,000001001001,4.9321848706332565,4.539337555716461
exact,0,72,000001001010,4.775490287300049,4.539337555716461
exact,0,73,000001001011,4.722794022627622,4.539337555716461
exact,0,74,000001001100,4.6909249008775475,4.539337555716461
exact,0,75,000001001101,4.632181901751618,4.539337555716461
exact,0,76,000001001110,4.597787272523305,4.539337555716461
exact,0,77,000001001111,4.5675813035666115,4.539337555716461
exact,0,78,000001010000,5.013541199954165,4.539337555716461
exact,0,79,000001010001,4.837524227293928,4.539337555716461
exact,0,80,000001010010,4.662036219294767,4.539337555716461
exact,0,81,000001010011,4.601321616521323,4.539337555716461
exact,0,82,000001010100,4.565097448196365,4.539337555716461
exact,0,83,000001010101,4.496423959913803,4.496423959913803
exact,0,84,000001010110,4.456693693507185,4.456693693507185
exact,0,85,000001010111,4.420016779044122,4.420016779044122
exact,0,86,000001011000,4.515808248513029,4.420016779044122
exact,0,87,000001011001,4.442780171318068,4.420016779044122
exact,0,88,000001011010,4.400763324606575,4.400763324606575
exact,0,89,000001011011,4.361097722915312,4.361097722915312
exact,0,90,000001011100,4.37998888289292,4.361097722915312
exact,0,91,000001011101,4.339116679276974,4.339116679276974
exact,0,92,000001011110,4.33058250331382,4.33058250331382
exact,0,93,000001100000,4.97386955420724,4.33058250331382
exact,0,94,000001100001,4.789556326641361,4.33058250331382
exact,0,95,000001100010,4.603991592841309,4.33058250331382
exact,0,96,000001100011,4.538824499979273,4.33058250331382
exact,0,97,000001100100,4.5002218004521275,4.33058250331382
exact,0,98,000001100101,4.4259347184057765,4.33058250331382
exact,0,99,000001100110,4.383316376418375,4.33058250331382
exact,0,100,000001100111,4.342723817923033,4.33058250331382
exact,0,101,000001101000,4.446972703753515,4.33058250331382
exact,0,102,000001101001,4.367659740001888,4.33058250331382
exact,0,103,000001101010,4.322554974194003,4.322554974194003
exact,0,104,000001101011,4.278282183302067,4.278282183302067
exact,0,105,000001101100,4.300166724579623,4.278282183302067
exact,0,106,000001101101,4.254397139051659,4.254397139051659
exact,0,107,000001101110,4.245301073908356,4.245301073908356
exact,0,108,000001101111,4.208020509163787,4.208020509163787
exact,0,109,000001110000,4.421125186390915,4.208020509163787
exact,0,110,000001110001,4.339308778563894,4.208020509163787
exact,0,111,000001110010,4.293046812335049,4.208020509163787
exact,0,112,000001110011,4.246842533287512,4.208020509163787
exact,0,113,000001110100,4.270061233965774,4.208020509163787
exact,0,114,000001110101,4.222226533779533,4.208020509163787
exact,0,115,000001110110,4.212932300160965,4.208020509163787
exact,0,116,000001110111,4.173740264480539,4.173740264480539
exact,0,117,000001111000,4.259008127001491,4.173740264480539
exact,0,118,000001111001,4.2103619815666,4.173740264480539
exact,0,119,000001111010,4.200993791817327,4.173740264480539
exact,0,120,000001111011,4.161045490356264,4.161045490356264
exact,0,121,000010000000,6.146360832109543,4.161045490356264
exact,0,122,000010000001,5.8465028250098365,4.161045490356264
exact,0,123,000010000010,5.459038624387481,4.161045490356264
exact,0,124,000010000011,5.358230749572311,4.161045490356264
exact,0,125,000010000100,5.199699036487547,4.161045490356264
exact,0,126,000010000101,5.06021380558453,4.161045490356264
exact,0,127,000010000110,4.926797029890134,4.161045490356264
exact,0,128,000010000111,4.883581580105491,4.161045490356264
exact,0,129,000010001000,5.045245341377908,4.161045490356264
exact,0,130,000010001001,4.87654078065865,4.161045490356264
exact,0,131,000010001010,4.709852288653044,4.161045490356264
exact,0,132,000010001011,4.652833924157495,4.161045490356264
exact,0,133,000010001100,4.618759173914998,4.161045490356264
exact,0,134,000010001101,4.554707232391341,4.161045490356264
exact,0,135,000010001110,4.517495814594017,4.161045490356264
exact,0,136,000010001111,4.483841028594804,4.161045490356264
exact,0,137,000010010000,4.960799411396021,4.161045490356264
exact,0,138,000010010001,4.774318647028899,4.161045490356264
exact,0,139,000010010010,4.5861529348247805,4.161045490356264
exact,0,140,000010010011,4.51973159682604,4.161045490356264
exact,0,141,000010010100,4.4805951922045635,4.161045490356264
exact,0,142,000010010101,4.404729711620385,4.161045490356264
exact,0,143,000010010110,4.361382538617206,4.161045490356264
exact,0,144,000010010111,4.319598872380414,4.161045490356264
exact,0,145,000010011000,4.426296567309092,4.161045490356264
exact,0,146,000010011001,4.345223991587283,4.161045490356264
exact,0,147,000010011010,4.299373934295541,4.161045490356264
exact,0,148,000010011011,4.253687744325391,4.161045490356264
exact,0,149,000010011100,4.276599411447813,4.161045490356264
exact,0,150,000010011101,4.229322634368815,4.161045490356264
exact,0,151,000010011110,4.220100224551948,4.161045490356264
exact,0,152,000010100000,4.917035538713609,4.161045490356264
exact,0,153,000010100001,4.721206820267845,4.161045490356264
exact,0,154,000010100010,4.521472746753338,4.161045490356264
exact,0,155,000010100011,4.449731016425306,4.161045490356264
exact,0,156,000010100100,4.40794039938901,4.161045490356264
exact,0,157,000010100101,4.325325303883545,4.161045490356264
exact,0,158,000010100110,4.278867885772505,4.161045490356264
exact,0,159,000010100111,4.23189683228684,4.161045490356264
exact,0,160,000010101000,4.34894144088703,4.161045490356264
exact,0,161,000010101001,4.260378642833854,4.161045490356264
exact,0,162,000010101010,4.211593725268757,4.161045490356264
exact,0,163,000010101011,4.159613003463312,4.159613003463312
exact,0,164,000010101100,4.187378666282912,4.159613003463312
exact,0,165,000010101101,4.1333376262416825,4.1333376262416825
exact,0,166,000010101110,4.1237005522819645,4.1237005522819645
exact,0,167,000010101111,4.078521549256183,4.078521549256183
exact,0,168,000010110000,4.320003548833147,4.078521549256183
exact,0,169,000010110001,4.228538791026285,4.078521549256183
exact,0,170,000010110010,4.178930957725492,4.078521549256183
exact,0,171,000010110011,4.1242400818511795,4.078521549256183
exact,0,172,000010110100,4.154393556417572,4.078521549256183
exact,0,173,000010110101,4.097421086697875,4.078521549256183
exact,0,174,000010110110,4.087748805325353,4.078521549256183
exact,0,175,000010110111,4.0396153873790315,4.0396153873790315
exact,0,176,000010111000,4.142629383720245,4.0396153873790315
exact,0,177,000010111001,4.084507550938836,4.0396153873790315
exact,0,178,000010111010,4.07484711524305,4.0396153873790315
exact,0,179,000010111011,4.025529574354768,4.025529574354768
exact,0,180,000010111100,4.0700192550421965,4.025529574354768
exact,0,181,000010111101,4.020211306541426,4.020211306541426
exact,0,182,000011000000,4.895205980182069,4.020211306541426
exact,0,183,000011000001,4.694856822416865,4.020211306541426
exact,0,184,000011000010,4.489505689301131,4.020211306541426
exact,0,185,000011000011,4.415079249406316,4.020211306541426
exact,0,186,000011000100,4.372097100881925,4.020211306541426
exact,0,187,000011000101,4.286103323852018,4.020211306541426
exact,0,188,000011000110,4.238321258470305,4.020211306541426
exact,0,189,000011000111,4.188512716506126,4.020211306541426
exact,0,190,000011001000,4.310806852859418,4.020211306541426
exact,0,191,000011001001,4.21858557290743,4.020211306541426
exact,0,192,000011001010,4.168884603462813,4.020211306541426
exact,0,193,000011001011,4.113390570713413,4.020211306541426
exact,0,194,000011001100,4.144341847772496,4.020211306541426
exact,0,195,000011001101,4.086502035442908,4.020211306541426
exact,0,196,000011001110,4.076858298184148,4.020211306541426
exact,0,197,000011001111,4.027817701219649,4.020211306541426
exact,0,198,000011010000,4.280604877960401,4.020211306541426
exact,0,199,000011010001,4.185426667518502,4.020211306541426
exact,0,200,000011010010,4.135374888104606,4.020211306541426
exact,0,201,000011010011,4.076766235201082,4.020211306541426
exact,0,202,000011010100,4.1108924968487,4.020211306541426
exact,0,203,000011010101,4.0496738012850075,4.020211306541426
exact,0,204,000011010110,4.040200112608674,4.020211306541426
exact,0,205,000011010111,3.987558620438862,3.987558620438862
exact,0,206,000011011000,4.099245880487596,3.987558620438862
exact,0,207,000011011001,4.0367077719977535,3.987558620438862
exact,0,208,000011011010,4.027353422464805,3.987558620438862
exact,0,209,000011011011,3.973255979947477,3.973255979947477
exact,0,210,000011011100,4.02270038451752,3.973255979947477
exact,0,211,000011011101,3.9680057961984643,3.9680057961984643
exact,0,212,000011011110,3.9656770548562257,3.9656770548562257
exact,0,213,000011100000,4.266250565905239,3.9656770548562257
exact,0,214,000011100001,4.169732239079665,3.9656770548562257
exact,0,215,000011100010,4.11973908409315,3.9656770548562257
exact,0,216,000011100011,4.059575196110161,3.9656770548562257
exact,0,217,000011100100,4.095464139084328,3.9656770548562257
exact,0,218,000011100101,4.03255799257452,3.9656770548562257
exact,0,219,000011100110,4.0232573029896335,3.9656770548562257
exact,0,220,000011100111,3.968738222672637,3.9656770548562257
exact,0,221,000011101000,4.0839788626181335,3.9656770548562257
exact,0,222,000011101001,4.019685799016642,3.9656770548562257
exact,0,223,000011101010,4.010568632680457,3.9656770548562257
exact,0,224,000011101011,3.9544673852447634,3.9544673852447634
exact,0,225,000011101100,4.00604842268621,3.9544673852447634
exact,0,226,000011101101,3.9493006600243303,3.9493006600243303
exact,0,227,000011101110,3.947069660129284,3.947069660129284
exact,0,228,000011101111,3.8942176258249552,3.8942176258249552
exact,0,229,000011110000,4.078616527384796,3.8942176258249552
exact,0,230,000011110001,4.013650863573362,3.8942176258249552
exact,0,231,000011110010,4.0046420947337875,3.8942176258249552
exact,0,232,000011110011,3.947756489812602,3.8942176258249552
exact,0,233,000011110100,4.000182788714385,3.8942176258249552
exact,0,234,000011110101,3.942630341623752,3.8942176258249552
exact,0,235,000011110110,3.940441895333718,3.8942176258249552
exact,0,236,000011110111,3.8867879718623226,3.8867879718623226
exact,0,237,000100000000,6.13641561482417,3.8867879718623226
exact,0,238,000100000001,5.834471905353518,3.8867879718623226
exact,0,239,000100000010,5.443026902551041,3.8867879718623226
exact,0,240,000100000011,5.340708485375691,3.8867879718623226
exact,0,241,000100000100,5.179510078928141,3.8867879718623226
exact,0,242,000100000101,5.037197060829421,3.8867879718623226
exact,0,243,000100000110,4.900734171329145,3.8867879718623226
exact,0,244,000100000111,4.856202142704337,3.8867879718623226
exact,0,245,000100001000,5.021392327687925,3.8867879718623226
exact,0,246,000100001001,4.848541921117172,3.8867879718623226
exact,0,247,000100001010,4.676987484727887,3.8867879718623226
exact,0,248,000100001011,4.6177835083015335,3.8867879718623226
exact,0,249,000100001100,4.582658399842215,3.8867879718623226
exact,0,250,000100001101,4.515898255005555,3.8867879718623226
exact,0,251,000100001110,4.477297203484825,3.8867879718623226
exact,0,252,000100001111,4.441806624616634,3.8867879718623226
exact,0,253,000100010000,4.933907361876648,3.8867879718623226
exact,0,254,000100010001,4.742341117123433,3.8867879718623226
exact,0,255,000100010010,4.547967472545511,3.8867879718623226
exact,0,256,000100010011,4.478619382850252,3.8867879718623226
exact,0,257,000100010100,4.438133150601157,3.8867879718623226
exact,0,258,000100010101,4.358566665202955,3.8867879718623226
exact,0,259,000100010110,4.313522406676746,3.8867879718623226
exact,0,260,000100010111,4.2689041507695915,3.8867879718623226
exact,0,261,000100011000,4.381316693551748,3.8867879718623226
exact,0,262,000100011001,4.29612744587788,3.8867879718623226
exact,0,263,000100011010,4.248617995293457,3.8867879718623226
exact,0,264,000100011011,4.199523051844854,3.8867879718623226
exact,0,265,000100011100,4.225005956268263,3.8867879718623226
exact,0,266,000100011101,4.174077189077786,3.8867879718623226
exact,0,267,000100011110,4.164598500863899,3.8867879718623226
exact,0,268,000100100000,4.887581093315164,3.8867879718623226
exact,0,269,000100100001,4.6861460775477735,3.8867879718623226
exact,0,270,000100100010,4.4795058766027385,3.8867879718623226
exact,0,271,000100100011,4.404370284726839,3.8867879718623226
exact,0,272,000100100100,4.361214588647069,3.8867879718623226
exact,0,273,000100100101,4.274349482183693,3.8867879718623226
exact,0,274,000100100110,4.226322648724458,3.8867879718623226
exact,0,275,000100100111,4.175698094184569,3.8867879718623226
exact,0,276,000100101000,4.299405580530175,3.8867879718623226
exact,0,277,000100101001,4.206269841392969,3.8867879718623226
exact,0,278,000100101010,4.1565098772388565,3.8867879718623226
exact,0,279,000100101011,4.100005514431836,3.8867879718623226
exact,0,280,000100101100,4.132000390742313,3.8867879718623226
exact,0,281,000100101101,4.073069187683254,3.8867879718623226
exact,0,282,000100101110,4.063480240123925,3.8867879718623226
exact,0,283,000100101111,4.013281242410962,3.8867879718623226
exact,0,284,000100110000,4.268911291427523,3.8867879718623226
exact,0,285,000100110001,4.172832531613889,3.8867879718623226
exact,0,286,000100110010,4.122919976044598,3.8867879718623226
exact,0,287,000100110011,4.063184536373088,3.8867879718623226
exact,0,288,000100110100,4.098632394425531,3.8867879718623226
exact,0,289,000100110101,4.036195171123467,3.8867879718623226
exact,0,290,000100110110,4.026861428686395,3.8867879718623226
exact,0,291,000100110111,3.9728550685606114,3.8867879718623226
exact,0,292,000100111000,4.087122246943838,3.8867879718623226
exact,0,293,000100111001,4.023318673092611,3.8867879718623226
exact,0,294,000100111010,4.014149107494943,3.8867879718623226
exact,0,295,000100111011,3.9585990026852107,3.8867879718623226
exact,0,296,000100111100,4.009598072791835,3.8867879718623226
exact,0,297,000100111101,3.9534164139720103,3.8867879718623226
exact,0,298,000101000000,4.8636969737541875,3.8867879718623226
exact,0,299,000101000001,4.657502515074437,3.8867879718623226
exact,0,300,000101000010,4.444973399021179,3.8867879718623226
exact,0,301,000101000011,4.366907310287193,3.8867879718623226
exact,0,302,000101000100,4.322678937358428,3.8867879718623226
exact,0,303,000101000101,4.232214270225594,3.8867879718623226
exact,0,304,000101000110,4.18316443324709,3.8867879718623226
exact,0,305,000101000111,4.129179074676844,3.8867879718623226
exact,0,306,000101001000,4.258533802867989,3.8867879718623226
exact,0,307,000101001001,4.161714929367346,3.8867879718623226
exact,0,308,000101001010,4.1120243931843605,3.8867879718623226
exact,0,309,000101001011,4.051290454010381,3.8867879718623226
exact,0,310,000101001100,4.0879801214740725,3.8867879718623226
exact,0,311,000101001101,4.024464496876764,3.8867879718623226
exact,0,312,000101001110,4.0152885851531375,3.8867879718623226
exact,0,313,000101001111,3.9600453056212643,3.8867879718623226
exact,0,314,000101010000,4.226703491812819,3.8867879718623226
exact,0,315,000101010001,4.127125975219668,3.8867879718623226
exact,0,316,000101010010,4.078491437968549,3.8867879718623226
exact,0,317,000101010011,4.01400931375027,3.8867879718623226
exact,0,318,000101010100,4.055703248665797,3.8867879718623226
exact,0,319,000101010101,3.9881341878712315,3.8867879718623226
exact,0,320,000101010110,3.979765012723305,3.8867879718623226
exact,0,321,000101010111,3.9196691930468996,3.8867879718623226
exact,0,322,000101011000,4.045228837520004,3.8867879718623226
exact,0,323,000101011001,3.976104712565745,3.8867879718623226
exact,0,324,000101011010,3.9681995692297742,3.8867879718623226
exact,0,325,000101011011,3.9061076294032127,3.8867879718623226
exact,0,326,000101011100,3.9643544392634955,3.8867879718623226
exact,0,327,000101011101,3.901454577002709,3.8867879718623226
exact,0,328,000101011110,3.899641014265793,3.8867879718623226
exact,0,329,000101100000,4.211438228832618,3.8867879718623226
exact,0,330,000101100001,4.110727982303295,3.8867879718623226
exact,0,331,000101100010,4.063150309624385,3.8867879718623226
exact,0,332,000101100011,3.9967873297758323,3.8867879718623226
exact,0,333,000101100100,4.041445897223086,3.8867879718623226
exact,0,334,000101100101,3.9718598716067377,3.8867879718623226
exact,0,335,000101100110,3.9641340666913645,3.8867879718623226
exact,0,336,000101100111,3.9014181280874647,3.8867879718623226
exact,0,337,000101101000,4.031709062949505,3.8867879718623226
exact,0,338,000101101001,3.960509254146814,3.8867879718623226
exact,0,339,000101101010,3.9534414894997005,3.8867879718623226
exact,0,340,000101101011,3.8885066659724314,3.8867879718623226
exact,0,341,000101101100,3.950068038771845,3.8867879718623226
exact,0,342,000101101101,3.884238816303734,3.884238816303734
exact,0,343,000101101110,3.8826916085577805,3.8826916085577805
exact,0,344,000101101111,3.820647571917284,3.820647571917284
exact,0,345,000101110000,4.027321664270691,3.820647571917284
exact,0,346,000101110001,3.9553462947515707,3.820647571917284
exact,0,347,000101110010,3.948658472373886,3.820647571917284
exact,0,348,000101110011,3.882605005103508,3.820647571917284
exact,0,349,000101110100,3.9455006903312673,3.820647571917284
exact,0,350,000101110101,3.878516692175636,3.820647571917284
exact,0,351,000101110110,3.8770876950463706,3.820647571917284
exact,0,352,000101110111,3.813852109916247,3.813852109916247
exact,0,353,000101111000,3.944019638977958,3.813852109916247
exact,0,354,000101111001,3.876558636154945,3.813852109916247
exact,0,355,000101111010,3.875180017078103,3.813852109916247
exact,0,356,000101111011,3.811450783761751,3.811450783761751
exact,0,357,000110000000,4.851750523953185,3.811450783761751
exact,0,358,000110000001,4.643365175630207,3.811450783761751
exact,0,359,000110000010,4.428160342319883,3.811450783761751
exact,0,360,000110000011,4.348701522846203,3.811450783761751
exact,0,361,000110000100,4.30408555428893,3.811450783761751
exact,0,362,000110000101,4.211959772409319,3.811450783761751
exact,0,363,000110000110,4.162624449863167,3.811450783761751
exact,0,364,000110000111,4.106941800893331,3.811450783761751
exact,0,365,000110001000,4.238923100215898,3.811450783761751
exact,0,366,000110001001,4.140519273488458,3.811450783761751
exact,0,367,000110001010,4.091385147209771,3.811450783761751
exact,0,368,000110001011,4.028501836351016,3.811450783761751
exact,0,369,000110001100,4.067984588311151,3.811450783761751
exact,0,370,000110001101,4.002144637234506,3.811450783761751
exact,0,371,000110001110,3.9933831352807747,3.811450783761751
exact,0,372,000110001111,3.9354025851897125,3.811450783761751
exact,0,373,000110010000,4.206485020859736,3.811450783761751
exact,0,374,000110010001,4.105542543409391,3.811450783761751
exact,0,375,000110010010,4.058412895893254,3.811450783761751
exact,0,376,000110010011,3.9915205121456045,3.811450783761751
exact,0,377,000110010100,4.03711796738755,3.811450783761751
exact,0,378,000110010101,3.966970290540783,3.811450783761751
exact,0,379,000110010110,3.9594744382221276,3.811450783761751
exact,0,380,000110010111,3.8959892663174074,3.811450783761751
exact,0,381,000110011000,4.0276517356159935,3.811450783761751
exact,0,382,000110011001,3.955878062617145,3.811450783761751
exact,0,383,000110011010,3.949104820844418,3.811450783761751
exact,0,384,000110011011,3.8833350285400305,3.811450783761751
exact,0,385,000110011100,3.945896907670672,3.811450783761751
exact,0,386,000110011101,3.8792072077665702,3.811450783761751
exact,0,387,000110011110,3.8777498038347145,3.811450783761751
exact,0,388,000110100000,4.190844855181003,3.811450783761751
exact,0,389,000110100001,4.088957601313649,3.811450783761751
exact,0,390,000110100010,4.043581162312525,3.811450783761751
exact,0,391,000110100011,3.974680080547701,3.811450783761751
exact,0,392,000110100100,4.024022115713196,3.811450783761751
exact,0,393,000110100101,3.9517529229708885,3.811450783761751
exact,0,394,000110100110,3.9452593620889265,3.811450783761751
exact,0,395,000110100111,3.8787491549740407,3.811450783761751
exact,0,396,000110101000,4.015744550711919,3.811450783761751
exact,0,397,000110101001,3.9418164653635768,3.811450783761751
exact,0,398,000110101010,3.9363534324383127,3.811450783761751
exact,0,399,000110101011,3.86727404813006,3.811450783761751
exact,0,400,000110101100,3.933891855867254,3.811450783761751
exact,0,401,000110101101,3.863782479934927,3.811450783761751
exact,0,402,000110101110,3.8627217203321083,3.811450783761751
exact,0,403,000110101111,3.7962285549533976,3.7962285549533976
exact,0,404,000110110000,4.012176699822041,3.7962285549533976
exact,0,405,000110110001,3.9374619049393975,3.7962285549533976
exact,0,406,000110110010,3.9325984960215736,3.7962285549533976
exact,0,407,000110110011,3.862212247243307,3.7962285549533976
exact,0,408,000110110100,3.930481835888808,3.7962285549533976
exact,0,409,000110110101,3.8590192345532977,3.7962285549533976
exact,0,410,000110110110,3.8581370332960567,3.7962285549533976
exact,0,411,000110110111,3.7902188926544036,3.7902188926544036
exact,0,412,000110111000,3.9295568740423175,3.7902188926544036
exact,0,413,000110111001,3.857540977299982,3.7902188926544036
exact,0,414,000110111010,3.8567349612183115,3.7902188926544036
exact,0,415,000110111011,3.788231418301083,3.788231418301083
exact,0,416,000110111100,3.856363590474087,3.788231418301083
exact,0,417,000110111101,3.787547876082962,3.787547876082962
exact,0,418,000111000000,4.18348767866445,3.787547876082962
exact,0,419,000111000001,4.081242685338826,3.787547876082962
exact,0,420,000111000010,4.036923456609134,3.787547876082962
exact,0,421,000111000011,3.9670684707118724,3.787547876082962
exact,0,422,000111000100,4.018402535909394,3.787547876082962
exact,0,423,000111000101,3.9451406997315153,3.787547876082962
exact,0,424,000111000110,3.939241528510023,3.787547876082962
exact,0,425,000111000111,3.871214449419277,3.787547876082962
exact,0,426,000111001000,4.010841451555419,3.787547876082962
exact,0,427,000111001001,3.9359187341541277,3.787547876082962
exact,0,428,000111001010,3.9312369610227997,3.787547876082962
exact,0,429,000111001011,3.860489193343749,3.787547876082962
exact,0,430,000111001100,3.9292239909925373,3.787547876082962
exact,0,431,000111001101,3.8573877521400037,3.787547876082962
exact,0,432,000111001110,3.856558343890994,3.787547876082962
exact,0,433,000111001111,3.788244912647792,3.787547876082962
exact,0,434,000111010000,4.007680090514892,3.787547876082962
exact,0,435,000111010001,3.9319763842981392,3.787547876082962
exact,0,436,000111010010,3.9280062900800066,3.787547876082962
exact,0,437,000111010011,3.855869323034348,3.787547876082962
exact,0,438,000111010100,3.926405244515633,3.787547876082962
exact,0,439,000111010101,3.8531287088396153,3.787547876082962
exact,0,440,000111010110,3.8525086331455998,3.787547876082962
exact,0,441,000111010111,3.7826647307013546,3.7826647307013546
exact,0,442,000111011000,3.9257566978091987,3.7826647307013546
exact,0,443,000111011001,3.851893621748209,3.7826647307013546
exact,0,444,000111011010,3.8513628954442796,3.7826647307013546
exact,0,445,000111011011,3.7808922276763326,3.7808922276763326
exact,0,446,000111011100,3.8511501271301225,3.7808922276763326
exact,0,447,000111011101,3.7803484525618742,3.7803484525618742
exact,0,448,000111011110,3.7802172100939693,3.7802172100939693
exact,0,449,000111100000,4.006322738266045,3.7802172100939693
exact,0,450,000111100001,3.9302553927859116,3.7802172100939693
exact,0,451,000111100010,3.9266552306128433,3.7802172100939693
exact,0,452,000111100011,3.853841218276721,3.7802172100939693
exact,0,453,000111100100,3.925269164992882,3.7802172100939693
exact,0,454,000111100101,3.8512901271036695,3.7802172100939693
exact,0,455,000111100110,3.850778180233232,3.7802172100939693
exact,0,456,000111100111,3.780183461276667,3.780183461276667
exact,0,457,000111101000,3.924736189978913,3.780183461276667
exact,0,458,000111101001,3.850157203106753,3.780183461276667
exact,0,459,000111101010,3.849740245857386,3.780183461276667
exact,0,460,000111101011,3.778501833928135,3.778501833928135
exact,0,461,000111101100,3.8495929807599087,3.778501833928135
exact,0,462,000111101101,3.7780159242440865,3.7780159242440865
exact,0,463,000111101110,3.7779409877313994,3.7779409877313994
exact,0,464,000111101111,3.709849117061007,3.709849117061007
exact,0,465,001000000000,6.130605853886288,3.709849117061007
exact,0,466,001000000001,5.8277470991669,3.709849117061007
exact,0,467,001000000010,5.43454690839946,3.709849117061007
exact,0,468,001000000011,5.331541129670572,3.709849117061007
exact,0,469,001000000100,5.169151264218465,3.709849117061007
exact,0,470,001000000101,5.0255468201139255,3.709849117061007
exact,0,471,001000000110,4.8877026697780455,3.709849117061007
exact,0,472,001000000111,4.842545664151379,3.709849117061007
exact,0,473,001000001000,5.009339605179834,3.709849117061007
exact,0,474,001000001001,4.834586823762826,3.709849117061007
exact,0,475,001000001010,4.660807116822752,3.709849117061007
exact,0,476,001000001011,4.600561155161841,3.709849117061007
exact,0,477,001000001100,4.564983853911321,3.709849117061007
exact,0,478,001000001101,4.496930382901017,3.709849117061007
exact,0,479,001000001110,4.457692568693367,3.709849117061007
exact,0,480,001000001111,4.421293607676022,3.709849117061007
exact,0,481,001000010000,4.920363591853538,3.709849117061007
exact,0,482,001000010001,4.726458178342604,3.709849117061007
exact,0,483,001000010010,4.529245215304975,3.709849117061007
exact,0,484,001000010011,4.458496593799131,3.709849117061007
exact,0,485,001000010100,4.417448951758458,3.709849117061007
exact,0,486,001000010101,4.336119014636991,3.709849117061007
exact,0,487,001000010110,4.29034122579074,3.709849117061007
exact,0,488,001000010111,4.244294137075435,3.709849117061007
exact,0,489,001000011000,4.359472957655894,3.709849117061007
exact,0,490,001000011001,4.272340776201966,3.709849117061007
exact,0,491,001000011010,4.224184127085668,3.709849117061007
exact,0,492,001000011011,4.173355252827368,3.709849117061007
exact,0,493,001000011100,4.200265134334566,3.709849117061007
exact,0,494,001000011101,4.147473058854325,3.709849117061007
exact,0,495,001000011110,4.137917657405971,3.709849117061007
exact,0,496,001000100000,4.872622242528026,3.709849117061007
exact,0,497,001000100001,4.6686116722537205,3.709849117061007
exact,0,498,001000100010,4.458838437946258,3.709849117061007
exact,0,499,001000100011,4.3820775179798455,3.709849117061007
exact,0,500,001000100100,4.338413869834458,3.709849117061007
exact,0,501,001000100101,4.249553252447732,3.709849117061007
exact,0,502,001000100110,4.2009678851620675,3.709849117061007
exact,0,503,001000100111,4.148472013603478,3.709849117061007
exact,0,504,001000101000,4.2753579072863035,3.709849117061007
exact,0,505,001000101001,4.180160064753563,3.709849117061007
exact,0,506,001000101010,4.130376783313913,3.709849117061007
exact,0,507,001000101011,4.071531961845404,3.709849117061007
exact,0,508,001000101100,4.1060552023522785,3.709849117061007
exact,0,509,001000101101,4.044590031440379,3.709849117061007
exact,0,510,001000101110,4.035189372755007,3.709849117061007
exact,0,511,001000101111,3.9822411909499826,3.709849117061007
exact,0,512,001000110000,4.244155168600997,3.709849117061007
exact,0,513,001000110001,4.1460881013829605,3.709849117061007
exact,0,514,001000110010,4.096734014228339,3.709849117061007
exact,0,515,001000110011,4.0343776207162945,3.709849117061007
exact,0,516,001000110100,4.073122117357353,3.709849117061007
exact,0,517,001000110101,4.007849523101009,3.709849117061007
exact,0,518,001000110110,3.998962575487013,3.709849117061007
exact,0,519,001000110111,3.9416694542738613,3.709849117061007
exact,0,520,001000111000,4.06207800219366,3.709849117061007
exact,0,521,001000111001,3.9953316264157004,3.709849117061007
exact,0,522,001000111010,3.986747429258289,3.709849117061007
exact,0,523,001000111011,3.9276795548618124,3.709849117061007
exact,0,524,001000111100,3.9825214844447276,3.709849117061007
exact,0,525,001000111101,3.922731818538585,3.709849117061007
exact,0,526,001001000000,4.847403407452214,3.709849117061007
exact,0,527,001001000001,4.638537231499992,3.709849117061007
exact,0,528,001001000010,4.422798558448808,3.709849117061007
exact,0,529,001001000011,4.342990825538393,3.709849117061007
exact,0,530,001001000100,4.298384929773746,3.709849117061007
exact,0,531,001001000101,4.20586239399877,3.709849117061007
exact,0,532,001001000110,4.1565362332718125,3.709849117061007
exact,0,533,001001000111,4.100386867997338,3.709849117061007
exact,0,534,001001001000,4.233038542049195,3.709849117061007
exact,0,535,001001001001,4.1342853612764925,3.709849117061007
exact,0,536,001001001010,4.08543891492855,3.709849117061007
exact,0,537,001001001011,4.021970634173369,3.709849117061007
exact,0,538,001001001100,4.062304508751337,3.709849117061007
exact,0,539,001001001101,3.995835934240799,3.709849117061007
exact,0,540,001001001110,3.987228822273371,3.709849117061007
exact,0,541,001001001111,3.928473997047017,3.709849117061007
exact,0,542,001001010000,4.20048373207654,3.709849117061007
exact,0,543,001001010001,4.099275125896723,3.709849117061007
exact,0,544,001001010010,4.052743607753174,3.709849117061007
exact,0,545,001001010011,3.9852000944577823,3.709849117061007
exact,0,546,001001010100,4.0319964542423605,3.709849117061007
exact,0,547,001001010101,3.961160445650465,3.709849117061007
exact,0,548,001001010110,3.953971461244836,3.709849117061007
exact,0,549,001001010111,3.8895229485302627,3.709849117061007
exact,0,550,001001011000,4.022893765304591,3.709849117061007
exact,0,551,001001011001,3.9504189996696337,3.709849117061007
exact,0,552,001001011010,3.9440397295482845,3.709849117061007
exact,0,553,001001011011,3.8772221889258796,3.709849117061007
exact,0,554,001001011100,3.941053971930607,3.709849117061007
exact,0,555,001001011101,3.8732838004111345,3.709849117061007
exact,0,556,001001011110,3.8719454612499673,3.709849117061007
exact,0,557,001001100000,4.1847620622226165,3.709849117061007
exact,0,558,001001100001,4.082676070946629,3.709849117061007
exact,0,559,001001100010,4.0381274882429015,3.709849117061007
exact,0,560,001001100011,3.968544257277846,3.709849117061007
exact,0,561,001001100100,4.01933571714838,3.709849117061007
exact,0,562,001001100101,3.946358191992548,3.709849117061007
exact,0,563,001001100110,3.940293265371112,3.709849117061007
exact,0,564,001001100111,3.8727000690269087,3.709849117061007
exact,0,565,001001101000,4.011576524179756,3.709849117061007
exact,0,566,001001101001,3.9369385597192337,3.709849117061007
exact,0,567,001001101010,3.932031928714426,3.709849117061007
exact,0,568,001001101011,3.8617658374547164,3.709849117061007
exact,0,569,001001101100,3.929888047137195,3.709849117061007
exact,0,570,001001101101,3.8585518935989014,3.709849117061007
exact,0,571,001001101110,3.8576548340986143,3.709849117061007
exact,0,572,001001101111,3.789869914007414,3.709849117061007
exact,0,573,001001110000,4.008300106274802,3.709849117061007
exact,0,574,001001110001,3.9328790996541128,3.709849117061007
exact,0,575,001001110010,3.9286484273015896,3.709849117061007
exact,0,576,001001110011,3.857019150049724,3.709849117061007
exact,0,577,001001110100,3.9268950147169135,3.709849117061007
exact,0,578,001001110101,3.8541461093924316,3.709849117061007
exact,0,579,001001110110,3.853448569045378,3.709849117061007
exact,0,580,001001110111,3.784166681261024,3.709849117061007
exact,0,581,001001111000,3.926164293281343,3.709849117061007
exact,0,582,001001111001,3.8528393113047885,3.709849117061007
exact,0,583,001001111010,3.852226926316506,3.709849117061007
exact,0,584,001001111011,3.7823313592765717,3.709849117061007
exact,0,585,001010000000,4.834368778586862,3.709849117061007
exact,0,586,001010000001,4.623286740239815,3.709849117061007
exact,0,587,001010000010,4.404889046385588,3.709849117061007
exact,0,588,001010000011,4.3236341284956135,3.709849117061007
exact,0,589,001010000100,4.278763612141275,3.709849117061007
exact,0,590,001010000101,4.18458068010892,3.709849117061007
exact,0,591,001010000110,4.135200175647639,3.709849117061007
exact,0,592,001010000111,4.077187175940561,3.709849117061007
exact,0,593,001010001000,4.212473575757821,3.709849117061007
exact,0,594,001010001001,4.112296012925925,3.709849117061007
exact,0,595,001010001010,4.064704675017091,3.709849117061007
exact,0,596,001010001011,3.998873832427908,3.709849117061007
exact,0,597,001010001100,4.042816792646887,3.709849117061007
exact,0,598,001010001101,3.9738112479232206,3.709849117061007
exact,0,599,001010001110,3.9659387454126898,3.709849117061007
exact,0,600,001010001111,3.9039561984962723,3.709849117061007
exact,0,601,001010010000,4.179313221094862,3.709849117061007
exact,0,602,001010010001,4.077098537415202,3.709849117061007
exact,0,603,001010010010,4.033355364687579,3.709849117061007
exact,0,604,001010010011,3.9631823553626915,3.709849117061007
exact,0,605,001010010100,4.015301404210914,3.709849117061007
exact,0,606,001010010101,3.9417168863882304,3.709849117061007
exact,0,607,001010010110,3.9360611010403064,3.709849117061007
exact,0,608,001010010111,3.867507324515815,3.709849117061007
exact,0,609,001010011000,4.008040718124755,3.709849117061007
exact,0,610,001010011001,3.932799015993796,3.709849117061007
exact,0,611,001010011010,3.928423621145597,3.709849117061007
exact,0,612,001010011011,3.8571035570445833,3.709849117061007
exact,0,613,001010011100,3.9265839141356884,3.709849117061007
exact,0,614,001010011101,3.8541577422851137,3.709849117061007
exact,0,615,001010011110,3.853415560789387,3.709849117061007
exact,0,616,001010100000,4.163159420747047,3.709849117061007
exact,0,617,001010100001,4.060413355621155,3.709849117061007
exact,0,618,001010100010,4.019825747403305,3.709849117061007
exact,0,619,001010100011,3.947497546517369,3.709849117061007
exact,0,620,001010100100,4.004898763200462,3.709849117061007
exact,0,621,001010100101,3.9291359329150333,3.709849117061007
exact,0,622,001010100110,3.9252700693686413,3.709849117061007
exact,0,623,001010100111,3.8530017192507993,3.709849117061007
exact,0,624,001010101000,3.9998366012149265,3.709849117061007
exact,0,625,001010101001,3.9224733937045837,3.709849117061007
exact,0,626,001010101010,3.920480334153345,3.709849117061007
exact,0,627,001010101011,3.8450426151240586,3.709849117061007
exact,0,628,001010101100,3.9200273555714755,3.709849117061007
exact,0,629,001010101101,3.843328556296568,3.709849117061007
exact,0,630,001010101110,3.8432778209395746,3.709849117061007
exact,0,631,001010101111,3.7697504982038272,3.709849117061007
exact,0,632,001010110000,3.9981055652053565,3.709849117061007
exact,0,633,001010110001,3.920019465289039,3.709849117061007
exact,0,634,001010110010,3.919138975372124,3.709849117061007
exact,0,635,001010110011,3.842064955528916,3.709849117061007
exact,0,636,001010110100,3.9193424996296407,3.709849117061007
exact,0,637,001010110101,3.840941336504194,3.709849117061007
exact,0,638,001010110110,3.841210494936661,3.709849117061007
exact,0,639,001010110111,3.7658227039567893,3.709849117061007
exact,0,640,001010111000,3.9196661463373057,3.709849117061007
exact,0,641,001010111001,3.8405790769028467,3.709849117061007
exact,0,642,001010111010,3.8409849681887316,3.709849117061007
exact,0,643,001010111011,3.764841165995726,3.709849117061007
exact,0,644,001010111100,3.841310374766162,3.709849117061007
exact,0,645,001010111101,3.7647774899838216,3.709849117061007
exact,0,646,001011000000,4.1554728314987335,3.709849117061007
exact,0,647,001011000001,4.052620832394101,3.709849117061007
exact,0,648,001011000010,4.0139238583866454,3.709849117061007
exact,0,649,001011000011,3.940580996385594,3.709849117061007
exact,0,650,001011000100,4.000886931492513,3.709849117061007
exact,0,651,001011000101,3.924137799897469,3.709849117061007
exact,0,652,001011000110,3.921356890872436,3.709849117061007
exact,0,653,001011000111,3.847192568093009,3.709849117061007
exact,0,654,001011001000,3.9971767402017293,3.709849117061007
exact,0,655,001011001001,3.9188919557932604,3.709849117061007
exact,0,656,001011001010,3.9183609882726746,3.709849117061007
exact,0,657,001011001011,3.840807042036461,3.709849117061007
exact,0,658,001011001100,3.9187698353359823,3.709849117061007
exact,0,659,001011001101,3.8398704727862984,3.709849117061007
exact,0,660,001011001110,3.840238786324541,3.709849117061007
exact,0,661,001011001111,3.764303814733586,3.709849117061007
exact,0,662,001011010000,3.9962336912757626,3.709849117061007
exact,0,663,001011010001,3.917277348325405,3.709849117061007
exact,0,664,001011010010,3.9180951000820436,3.709849117061007
exact,0,665,001011010011,3.838781825262333,3.709849117061007
exact,0,666,001011010100,3.9193076559604214,3.709849117061007
exact,0,667,001011010101,3.8385750602877833,3.709849117061007
exact,0,668,001011010110,3.8393288790684776,3.709849117061007
exact,0,669,001011010111,3.7613612876977798,3.709849117061007
exact,0,670,001011011000,3.9201793870873436,3.709849117061007
exact,0,671,001011011001,3.8387117352878426,3.709849117061007
exact,0,672,001011011010,3.8396304778610517,3.709849117061007
exact,0,673,001011011011,3.760839575394651,3.709849117061007
exact,0,674,001011011100,3.8402504144726732,3.709849117061007
exact,0,675,001011011101,3.7610407760694953,3.709849117061007
exact,0,676,001011011110,3.7615964560128936,3.709849117061007
exact,0,677,001011100000,3.996022443440402,3.709849117061007
exact,0,678,001011100001,3.916769045708707,3.709849117061007
exact,0,679,001011100010,3.918298352316152,3.709849117061007
exact,0,680,001011100011,3.838120309105175,3.709849117061007
exact,0,681,001011100100,3.919937533326018,3.709849117061007
exact,0,682,001011100101,3.838303022294447,3.709849117061007
exact,0,683,001011100110,3.8392596937657304,3.709849117061007
exact,0,684,001011100111,3.7602827490313335,3.709849117061007
exact,0,685,001011101000,3.9210420518405438,3.709849117061007
exact,0,686,001011101001,3.8386526277418724,3.709849117061007
exact,0,687,001011101010,3.839786581111391,3.709849117061007
exact,0,688,001011101011,3.7599584419058885,3.709849117061007
exact,0,689,001011101100,3.840530142607278,3.709849117061007
exact,0,690,001011101101,3.7602711054858404,3.709849117061007
exact,0,691,001011101110,3.7609245585360664,3.709849117061007
exact,0,692,001011101111,3.6842607046981244,3.6842607046981244
exact,0,693,001011110000,3.921700202570841,3.6842607046981244
exact,0,694,001011110001,3.838928608864954,3.6842607046981244
exact,0,695,001011110010,3.840154988944109,3.6842607046981244
exact,0,696,001011110011,3.7598939244445275,3.6842607046981244
exact,0,697,001011110100,3.840951662871364,3.6842607046981244
exact,0,698,001011110101,3.7602544061022676,3.6842607046981244
exact,0,699,001011110110,3.7609495252410974,3.6842607046981244
exact,0,700,001011110111,3.6838508739281726,3.6838508739281726
exact,0,701,001100000000,4.827877267346949,3.6838508739281726
exact,0,702,001100000001,4.6158060760462485,3.6838508739281726
exact,0,703,001100000010,4.396249454234415,3.6838508739281726
exact,0,704,001100000011,4.314328507791408,3.6838508739281726
exact,0,705,001100000100,4.2694027147703935,3.6838508739281726
exact,0,706,001100000101,4.1744821681065325,3.6838508739281726
exact,0,707,001100000110,4.125172904538605,3.6838508739281726
exact,0,708,001100000111,4.0662648360513,3.6838508739281726
exact,0,709,001100001000,4.202730600290089,3.6838508739281726
exact,0,710,001100001001,4.101985153930112,3.6838508739281726
exact,0,711,001100001010,4.055235675136887,3.6838508739281726
exact,0,712,001100001011,3.9882740111214896,3.6838508739281726
exact,0,713,001100001100,4.034150849367947,3.6838508739281726
exact,0,714,001100001101,3.963940862596283,3.6838508739281726
exact,0,715,001100001110,3.9565280911009517,3.6838508739281726
exact,0,716,001100001111,3.892921196767108,3.6838508739281726
exact,0,717,001100010000,4.169304198501139,3.6838508739281726
exact,0,718,001100010001,4.066790283877745,3.6838508739281726
exact,0,719,001100010010,4.024817604273483,3.6838508739281726
exact,0,720,001100010011,3.9533986668293735,3.6838508739281726
exact,0,721,001100010100,4.008473537233825,3.6838508739281726
exact,0,722,001100010101,3.9336200593076867,3.6838508739281726
exact,0,723,001100010110,3.9289328465381095,3.6838508739281726
exact,0,724,001100010111,3.8582760483419385,3.6838508739281726
exact,0,725,001100011000,4.002399010504919,3.6838508739281726
exact,0,726,001100011001,3.925910522644213,3.6838508739281726
exact,0,727,001100011010,3.9228133457591885,3.6838508739281726
exact,0,728,001100011011,3.8491702586905685,3.6838508739281726
exact,0,729,001100011100,3.9217134079684386,3.6838508739281726
exact,0,730,001100011101,3.8468795164821645,3.6838508739281726
exact,0,731,001100011110,3.8465090381835316,3.6838508739281726
exact,0,732,001100100000,4.152930946139347,3.6838508739281726
exact,0,733,001100100001,4.0501079010665055,3.6838508739281726
exact,0,734,001100100010,4.012022606720942,3.6838508739281726
exact,0,735,001100100011,3.9384076547950513,3.6838508739281726
exact,0,736,001100100100,3.999568882310594,3.6838508739281726
exact,0,737,001100100101,3.9225617838974753,3.6838508739281726
exact,0,738,001100100110,3.9201086124962052,3.6838508739281726
exact,0,739,001100100111,3.845416431797241,3.6838508739281726
exact,0,740,001100101000,3.996271014652552,3.6838508739281726
exact,0,741,001100101001,3.917750936548369,3.6838508739281726
exact,0,742,001100101010,3.9176589623056484,3.6838508739281726
exact,0,743,001100101011,3.839516951178161,3.6838508739281726
exact,0,744,001100101100,3.9183268443341546,3.6838508739281726
exact,0,745,001100101101,3.838816404857408,3.6838508739281726
exact,0,746,001100101110,3.839309422692198,3.6838508739281726
exact,0,747,001100101111,3.7627008128083754,3.6838508739281726
exact,0,748,001100110000,3.9955678129425913,3.6838508739281726
exact,0,749,001100110001,3.916393377469723,3.6838508739281726
exact,0,750,001100110010,3.9177202931173194,3.6838508739281726
exact,0,751,001100110011,3.837785111565259,3.6838508739281726
exact,0,752,001100110100,3.919235994415043,3.6838508739281726
exact,0,753,001100110101,3.837856305682816,3.6838508739281726
exact,0,754,001100110110,3.8387544045508677,3.6838508739281726
exact,0,755,001100110111,3.7600648162684,3.6838508739281726
exact,0,756,001100111000,3.920272636453721,3.6838508739281726
exact,0,757,001100111001,3.83814439466396,3.6838508739281726
exact,0,758,001100111010,3.839215842913908,3.6838508739281726
exact,0,759,001100111011,3.75968401662525,3.6838508739281726
exact,0,760,001100111100,3.839923461682833,3.6838508739281726
exact,0,761,001100111101,3.7599645529214336,3.6838508739281726
exact,0,762,001101000000,4.1450882212682885,3.6838508739281726
exact,0,763,001101000001,4.042296607289951,3.6838508739281726
exact,0,764,001101000010,4.0065481282424,3.6838508739281726
exact,0,765,001101000011,3.931906171427915,3.6838508739281726
exact,0,766,001101000100,3.9964663917090912,3.6838508739281726
exact,0,767,001101000101,3.9185093634983543,3.6838508739281726
exact,0,768,001101000110,3.9174275180798324,3.6838508739281726
exact,0,769,001101000111,3.8406585885978064,3.6838508739281726
exact,0,770,001101001000,3.9948978099700105,3.6838508739281726
exact,0,771,001101001001,3.9155417948241436,3.6838508739281726
exact,0,772,001101001010,3.9173235309331225,3.6838508739281726
exact,0,773,001101001011,3.8368485710990603,3.6838508739281726
exact,0,774,001101001100,3.9191100940281207,3.6838508739281726
exact,0,775,001101001101,3.8371690717679137,3.6838508739281726
exact,0,776,001101001110,3.8381956743905388,3.6838508739281726
exact,0,777,001101001111,3.7588779069480327,3.6838508739281726
exact,0,778,001101010000,3.995216906095244,3.6838508739281726
exact,0,779,001101010001,3.915292338135332,3.6838508739281726
exact,0,780,001101010010,3.9188142308946685,3.6838508739281726
exact,0,781,001101010011,3.8364012196175543,3.6838508739281726
exact,0,782,001101010100,3.9216528230959287,3.6838508739281726
exact,0,783,001101010101,3.837688151458387,3.6838508739281726
exact,0,784,001101010110,3.8392099392097467,3.6838508739281726
exact,0,785,001101010111,3.757599289447481,3.6838508739281726
exact,0,786,001101011000,3.9234135270987145,3.6838508739281726
exact,0,787,001101011001,3.838642804130826,3.6838508739281726
exact,0,788,001101011010,3.8403767892654357,3.6838508739281726
exact,0,789,001101011011,3.757841092602491,3.6838508739281726
exact,0,790,001101011100,3.8414651331261647,3.6838508739281726
exact,0,791,001101011101,3.7584663676048518,3.6838508739281726
exact,0,792,001101011110,3.7593884134104396,3.6838508739281726
exact,0,793,001101100000,3.9956658235556115,3.6838508739281726
exact,0,794,001101100001,3.915504290144112,3.6838508739281726
exact,0,795,001101100010,3.9199516284728912,3.6838508739281726
exact,0,796,001101100011,3.836582056042027,3.6838508739281726
exact,0,797,001101100100,3.9233537882304277,3.6838508739281726
exact,0,798,001101100101,3.838389384749975,3.6838508739281726
exact,0,799,001101100110,3.840174261239765,3.6838508739281726
exact,0,800,001101100111,3.7574178998461356,3.6838508739281726
exact,0,801,001101101000,3.9254246606654273,3.6838508739281726
exact,0,802,001101101001,3.839630972654252,3.6838508739281726
exact,0,803,001101101010,3.841645286698917,3.6838508739281726
exact,0,804,001101101011,3.7579293281214827,3.6838508739281726
exact,0,805,001101101100,3.8428948458509855,3.6838508739281726
exact,0,806,001101101101,3.758700962902302,3.6838508739281726
exact,0,807,001101101110,3.7597464002592083,3.6838508739281726
exact,0,808,001101101111,3.679172583690108,3.679172583690108
exact,0,809,001101110000,3.9265860333853726,3.679172583690108
exact,0,810,001101110001,3.840372327517506,3.679172583690108
exact,0,811,001101110010,3.842506658058615,3.679172583690108
exact,0,812,001101110011,3.7583018673904918,3.679172583690108
exact,0,813,001101110100,3.8438252638792045,3.679172583690108
exact,0,814,001101110101,3.759136122264765,3.679172583690108
exact,0,815,001101110110,3.7602338915008082,3.679172583690108
exact,0,816,001101110111,3.67916648229098,3.67916648229098
exact,0,817,001101111000,3.844632063506573,3.67916648229098
exact,0,818,001101111001,3.7596710009045458,3.67916648229098
exact,0,819,001101111010,3.760797874153242,3.67916648229098
exact,0,820,001101111011,3.67945912350219,3.67916648229098
exact,0,821,001110000000,4.141420914238434,3.67916648229098
exact,0,822,001110000001,4.038689506302805,3.67916648229098
exact,0,823,001110000010,4.004152807085666,3.67916648229098
exact,0,824,001110000011,3.9290399212096543,3.67916648229098
exact,0,825,001110000100,3.995312103744102,3.67916648229098
exact,0,826,001110000101,3.916936727519676,3.67916648229098
exact,0,827,001110000110,3.916575856141023,3.67916648229098
exact,0,828,001110000111,3.838803442315908,3.67916648229098
exact,0,829,001110001000,3.9946590911576005,3.67916648229098
exact,0,830,001110001001,3.9149545973295043,3.67916648229098
exact,0,831,001110001010,3.917730229623436,3.67916648229098
exact,0,832,001110001011,3.836123678883539,3.67916648229098
exact,0,833,001110001100,3.9201150251337302,3.67916648229098
exact,0,834,001110001101,3.8369937631434317,3.67916648229098
exact,0,835,001110001110,3.8383027155964644,3.67916648229098
exact,0,836,001110001111,3.75765315517245,3.67916648229098
exact,0,837,001110010000,3.995524402973638,3.67916648229098
exact,0,838,001110010001,3.915303177293254,3.67916648229098
exact,0,839,001110010010,3.9199958799282864,3.67916648229098
exact,0,840,001110010011,3.8363782707421583,3.67916648229098
exact,0,841,001110010100,3.9235465615151957,3.67916648229098
exact,0,842,001110010101,3.8383237821450615,3.67916648229098
exact,0,843,001110010110,3.840177882073952,3.67916648229098
exact,0,844,001110010111,3.757125460918678,3.67916648229098
exact,0,845,001110011000,3.925699018167961,3.67916648229098
exact,0,846,001110011001,3.8396413577243464,3.67916648229098
exact,0,847,001110011010,3.8417292518344928,3.67916648229098
exact,0,848,001110011011,3.7577088026113277,3.67916648229098
exact,0,849,001110011100,3.8430211386449247,3.67916648229098
exact,0,850,001110011101,3.7585190954170606,3.67916648229098
exact,0,851,001110011110,3.759596900977186,3.67916648229098
exact,0,852,001110100000,3.9962609709929255,3.67916648229098
exact,0,853,001110100001,3.9158329071599574,3.67916648229098
exact,0,854,001110100010,3.9215486178494294,3.67916648229098
exact,0,855,001110100011,3.8369367403247554,3.67916648229098
exact,0,856,001110100100,3.9257262980442404,3.67916648229098
exact,0,857,001110100101,3.8394635750862314,3.67916648229098
exact,0,858,001110100110,3.841608490246606,3.67916648229098
exact,0,859,001110100111,3.7573522573082148,3.67916648229098
exact,0,860,001110101000,3.928225114674214,3.67916648229098
exact,0,861,001110101001,3.841102864389851,3.67916648229098
exact,0,862,001110101010,3.8435012003229385,3.67916648229098
exact,0,863,001110101011,3.7582393665392253,3.67916648229098
exact,0,864,001110101100,3.844971753400055,3.67916648229098
exact,0,865,001110101101,3.7592122605617138,3.67916648229098
exact,0,866,001110101110,3.760425120552907,3.67916648229098
exact,0,867,001110101111,3.6782907984509983,3.6782907984509983
exact,0,868,001110110000,3.929609808014393,3.6782907984509983
exact,0,869,001110110001,3.842052118855743,3.6782907984509983
exact,0,870,001110110010,3.8445832067693377,3.6782907984509983
exact,0,871,001110110011,3.758808729968419,3.6782907984509983
exact,0,872,001110110100,3.8461301931248126,3.6782907984509983
exact,0,873,001110110101,3.759851123488252,3.6782907984509983
exact,0,874,001110110110,3.761121161853483,3.6782907984509983
exact,0,875,001110110111,3.6784680416165556,3.6782907984509983
exact,0,876,001110111000,3.847066494132334,3.6782907984509983
exact,0,877,001110111001,3.7605043001750342,3.6782907984509983
exact,0,878,001110111010,3.7618059381420563,3.6782907984509983
exact,0,879,001110111011,3.6788697270146473,3.6782907984509983
exact,0,880,001110111100,3.7626616530013046,3.6782907984509983
exact,0,881,001110111101,3.679478146833224,3.6782907984509983
exact,0,882,001111000000,3.9967027019230477,3.6782907984509983
exact,0,883,001111000001,3.916187527187759,3.6782907984509983
exact,0,884,001111000010,3.922411991499955,3.6782907984509983
exact,0,885,001111000011,3.837323754918378,3.6782907984509983
exact,0,886,001111000100,3.9269027985339187,3.6782907984509983
exact,0,887,001111000101,3.8401415621466723,3.6782907984509983
exact,0,888,001111000110,3.842431160536216,3.6782907984509983
exact,0,889,001111000111,3.757594118080196,3.6782907984509983
exact,0,890,001111001000,3.9295750075073834,3.6782907984509983
exact,0,891,001111001001,3.8419422713774267,3.6782907984509983
exact,0,892,001111001010,3.844495246352855,3.6782907984509983
exact,0,893,001111001011,3.758634059619842,3.6782907984509983
exact,0,894,001111001100,3.8460548426719594,3.6782907984509983
exact,0,895,001111001101,3.7596880977513596,3.6782907984509983
exact,0,896,001111001110,3.760967750488971,3.6782907984509983
exact,0,897,001111001111,3.6782272936479097,3.6782272936479097
exact,0,898,001111010000,3.9310502906083107,3.6782272936479097
exact,0,899,001111010001,3.842976011023202,3.6782272936479097
exact,0,900,001111010010,3.845667032482895,3.6782272936479097
exact,0,901,001111010011,3.75928359601861,3.6782272936479097
exact,0,902,001111010100,3.847306137395428,3.6782272936479097
exact,0,903,001111010101,3.760409999803198,3.6782272936479097
exact,0,904,001111010110,3.761748830283072,3.6782272936479097
exact,0,905,001111010111,3.678479378323684,3.6782272936479097
exact,0,906,001111011000,3.8482946258122053,3.6782272936479097
exact,0,907,001111011001,3.761110880511489,3.6782272936479097
exact,0,908,001111011010,3.7624823333696678,3.6782272936479097
exact,0,909,001111011011,3.6789250754183294,3.6782272936479097
exact,0,910,001111011100,3.7633820284899717,3.6782272936479097
exact,0,911,001111011101,3.6795741034128224,3.6782272936479097
exact,0,912,001111011110,3.680520357948892,3.6782272936479097
exact,0,913,010000000000,6.127335976256955,3.6782272936479097
exact,0,914,010000000001,5.824081940528066,3.6782272936479097
exact,0,915,010000000010,5.430122322769685,3.6782272936479097
exact,0,916,010000000011,5.326808815668849,3.6782272936479097
exact,0,917,010000000100,5.163900091105064,3.6782272936479097
exact,0,918,010000000101,5.019718444321719,3.6782272936479097
exact,0,919,010000000110,4.8812646155397506,3.6782272936479097
exact,0,920,010000000111,4.835817658596838,3.6782272936479097
exact,0,921,010000001000,5.003328540515508,3.6782272936479097
exact,0,922,010000001001,4.827724760943605,3.6782272936479097
exact,0,923,010000001010,4.652958836410944,3.6782272936479097
exact,0,924,010000001011,4.5922310719795965,3.6782272936479097
exact,0,925,010000001100,4.556469482175059,3.6782272936479097
exact,0,926,010000001101,4.487818824347438,3.6782272936479097
exact,0,927,010000001110,4.448299185523816,3.6782272936479097
exact,0,928,010000001111,4.411468469217742,3.6782272936479097
exact,0,929,010000010000,4.913658029631368,3.6782272936479097
exact,0,930,010000010001,4.718705967868903,3.6782272936479097
exact,0,931,010000010010,4.520236653388372,3.6782272936479097
exact,0,932,010000010011,4.448841078650625,3.6782272936479097
exact,0,933,010000010100,4.4075722613141775,3.6782272936479097
exact,0,934,010000010101,4.3254323974891715,3.6782272936479097
exact,0,935,010000010110,4.279345674316329,3.6782272936479097
exact,0,936,010000010111,4.232615884365663,3.6782272936479097
exact,0,937,010000011000,4.349082840791838,3.6782272936479097
exact,0,938,010000011001,4.261065514200434,3.6782272936479097
exact,0,939,010000011010,4.212661967122452,3.6782272936479097
exact,0,940,010000011011,4.161002123492627,3.6782272936479097
exact,0,941,010000011100,4.188634184468774,3.6782272936479097
exact,0,942,010000011101,4.134948346596503,3.6782272936479097
exact,0,943,010000011110,4.125373176837646,3.6782272936479097
exact,0,944,010000100000,4.865207449404837,3.6782272936479097
exact,0,945,010000100001,4.660046662259079,3.6782272936479097
exact,0,946,010000100010,4.448897560343799,3.6782272936479097
exact,0,947,010000100011,4.37138686428563,3.6782272936479097
exact,0,948,010000100100,4.327547976533568,3.6782272936479097
exact,0,949,010000100101,4.2377823707639015,3.6782272936479097
exact,0,950,010000100110,4.189006210610538,3.6782272936479097
exact,0,951,010000100111,4.135610493925969,3.6782272936479097
exact,0,952,010000101000,4.263957840588693,3.6782272936479097
exact,0,953,010000101001,4.1678551325115,3.6782272936479097
exact,0,954,010000101010,4.118211015739875,3.6782272936479097
exact,0,955,010000101011,4.058237695023692,3.6782272936479097
exact,0,956,010000101100,4.09408893087245,3.6782272936479097
exact,0,957,010000101101,4.031402852187943,3.6782272936479097
exact,0,958,010000101110,4.022145552731455,3.6782272936479097
exact,0,959,010000101111,3.967826678872142,3.6782272936479097
exact,0,960,010000110000,4.232445677701018,3.6782272936479097
exact,0,961,010000110001,4.133540574540118,3.6782272936479097
exact,0,962,010000110010,4.084683718942048,3.6782272936479097
exact,0,963,010000110011,4.0210632868595,3.6782272936479097
exact,0,964,010000110100,4.061577811464958,3.6782272936479097
exact,0,965,010000110101,3.9949425668147485,3.6782272936479097
exact,0,966,010000110110,3.986361817180446,3.6782272936479097
exact,0,967,010000110111,3.927410908590998,3.6782272936479097
exact,0,968,010000111000,4.050871936319105,3.6782272936479097
exact,0,969,010000111001,3.982715350141972,3.6782272936479097
exact,0,970,010000111010,3.974526002855636,3.6782272936479097
exact,0,971,010000111011,3.91367563790915,3.6782272936479097
exact,0,972,010000111100,3.9705196475561952,3.6782272936479097
exact,0,973,010000111101,3.908898888488442,3.6782272936479097
exact,0,974,010001000000,4.839244907856748,3.6782272936479097
exact,0,975,010001000001,4.6291919366594065,3.6782272936479097
exact,0,976,010001000010,4.412063449920979,3.6782272936479097
exact,0,977,010001000011,4.331453647010302,3.6782272936479097
exact,0,978,010001000100,4.286759433421442,3.6782272936479097
exact,0,979,010001000101,4.193319289613056,3.6782272936479097
exact,0,980,010001000110,4.143979815900182,3.6782272936479097
exact,0,981,010001000111,4.086783980480039,3.6782272936479097
exact,0,982,010001001000,4.220924942513868,3.6782272936479097
exact,0,983,010001001001,4.121376343049789,3.6782272936479097
exact,0,984,010001001010,4.073209259109672,3.6782272936479097
exact,0,985,010001001011,4.008419390648755,3.6782272936479097
exact,0,986,010001001100,4.050733511814609,3.6782272936479097
exact,0,987,010001001101,3.98284495672559,3.6782272936479097
exact,0,988,010001001110,3.974624015677058,3.6782272936479097
exact,0,989,010001001111,3.914085358454555,3.6782272936479097
exact,0,990,010001010000,4.188059006891709,3.6782272936479097
exact,0,991,010001010001,4.086270942668075,3.6782272936479097
exact,0,992,010001010010,4.041215144139124,3.6782272936479097
exact,0,993,010001010011,3.972199996719635,3.6782272936479097
exact,0,994,010001010100,4.02186696974797,3.6782272936479097
exact,0,995,010001010101,3.94948494985788,3.6782272936479097
exact,0,996,010001010110,3.9430877243877567,3.6782272936479097
exact,0,997,010001010111,3.8763888186733064,3.6782272936479097
exact,0,998,010001011000,4.013710608291271,3.6782272936479097
exact,0,999,010001011001,3.939671426318292,3.6782272936479097
exact,0,1000,010001011010,3.934320046926927,3.6782272936479097
exact,0,1001,010001011011,3.8650420158829606,3.6782272936479097
exact,0,1002,010001011100,3.931919031426216,3.6782272936479097
exact,0,1003,010001011101,3.8616070979092005,3.6782272936479097
exact,0,1004,010001011110,3.86057634543617,3.6782272936479097
exact,0,1005,010001100000,4.172117888186136,3.6782272936479097
exact,0,1006,010001100001,4.06962960461211,3.6782272936479097
exact,0,1007,010001100010,4.027158112111809,3.6782272936479097
exact,0,1008,010001100011,3.956035951493662,3.6782272936479097
exact,0,1009,010001100100,4.010355963896648,3.6782272936479097
exact,0,1010,010001100101,3.935800944339445,3.6782272936479097
exact,0,1011,010001100110,3.9308602560051407,3.6782272936479097
exact,0,1012,010001100111,3.8607166781790534,3.6782272936479097
exact,0,1013,010001101000,4.003968416606578,3.6782272936479097
exact,0,1014,010001101001,3.9277703922147844,3.6782272936479097
exact,0,1015,010001101010,3.924341568727483,3.6782272936479097
exact,0,1016,010001101011,3.8512642277681755,3.6782272936479097
exact,0,1017,010001101100,3.923049958786894,3.6782272936479097
exact,0,1018,010001101101,3.8488020265214145,3.6782272936479097
exact,0,1019,010001101110,3.8483361820299313,3.6782272936479097
exact,0,1020,010001101111,3.777454017005097,3.6782272936479097
exact,0,1021,010001110000,4.001472184057125,3.6782272936479097
exact,0,1022,010001110001,3.924513675210394,3.6782272936479097
exact,0,1023,010001110010,3.921974905137819,3.6782272936479097
exact,0,1024,010001110011,3.847391594509336,3.6782272936479097
exact,0,1025,010001110100,3.921203123335603,3.6782272936479097
exact,0,1026,010001110101,3.8453912152044882,3.6782272936479097
exact,0,1027,010001110110,3.8451837877853765,3.6782272936479097
exact,0,1028,010001110111,3.772617686646718,3.6782272936479097
exact,0,1029,010001111000,3.9209996709726216,3.6782272936479097
exact,0,1030,010001111001,3.8445541371883825,3.6782272936479097
exact,0,1031,010001111010,3.844457083425767,3.6782272936479097
exact,0,1032,010001111011,3.771204021436164,3.6782272936479097
exact,0,1033,010010000000,4.825531093386183,3.6782272936479097
exact,0,1034,010010000001,4.613260818932775,3.6782272936479097
exact,0,1035,010010000010,4.393505809909451,3.6782272936479097
exact,0,1036,010010000011,4.311425160434041,3.6782272936479097
exact,0,1037,010010000100,4.2665500510673375,3.6782272936479097
exact,0,1038,010010000101,4.1714642102566435,3.6782272936479097
exact,0,1039,010010000110,4.12221854099183,3.6782272936479097
exact,0,1040,010010000111,4.063073166516906,3.6782272936479097
exact,0,1041,010010001000,4.199829792244324,3.6782272936479097
exact,0,1042,010010001001,4.098975992047871,3.6782272936479097
exact,0,1043,010010001010,4.052512660935879,3.6782272936479097
exact,0,1044,010010001011,3.9852558983487323,3.6782272936479097
exact,0,1045,010010001100,4.031680813563745,3.6782272936479097
exact,0,1046,010010001101,3.961159213440079,3.6782272936479097
exact,0,1047,010010001110,3.9538858616159422,3.6782272936479097
exact,0,1048,010010001111,3.8898432380704824,3.6782272936479097
exact,0,1049,010010010000,4.166362000890652,3.6782272936479097
exact,0,1050,010010010001,4.063820594435439,3.6782272936479097
exact,0,1051,010010010010,4.022399612803632,3.6782272936479097
exact,0,1052,010010010011,3.950659215867741,3.6782272936479097
exact,0,1053,010010010100,4.006569312816936,3.6782272936479097
exact,0,1054,010010010101,3.9313941989342056,3.6782272936479097
exact,0,1055,010010010110,3.926992931930138,3.6782272936479097
exact,0,1056,010010010111,3.855772701765175,3.6782272936479097
exact,0,1057,010010011000,4.0008485880259785,3.6782272936479097
exact,0,1058,010010011001,3.924048890141927,3.6782272936479097
exact,0,1059,010010011010,3.9213276838622373,3.6782272936479097
exact,0,1060,010010011011,3.8470621948392365,3.6782272936479097
exact,0,1061,010010011100,3.9204457865662206,3.6782272936479097
exact,0,1062,010010011101,3.844966820762518,3.6782272936479097
exact,0,1063,010010011110,3.844704371823776,3.6782272936479097
exact,0,1064,010010100000,4.149943507404209,3.6782272936479097
exact,0,1065,010010100001,4.047158751840863,3.6782272936479097
exact,0,1066,010010100010,4.009835545981834,3.6782272936479097
exact,0,1067,010010100011,3.935891384853369,3.6782272936479097
exact,0,1068,010010100100,3.9981175849923356,3.6782272936479097
exact,0,1069,010010100101,3.9208017200164473,3.6782272936479097
exact,0,1070,010010100110,3.9187643584024,3.6782272936479097
exact,0,1071,010010100111,3.8434220331210502,3.6782272936479097
exact,0,1072,010010101000,3.9953439635870924,3.6782272936479097
exact,0,1073,010010101001,3.9165461091528346,3.6782272936479097
exact,0,1074,010010101010,3.917013998270214,3.6782272936479097
exact,0,1075,010010101011,3.838146084996265,3.6782272936479097
exact,0,1076,010010101100,3.9180134881542874,3.6782272936479097
exact,0,1077,010010101101,3.8377482261050364,3.6782272936479097
exact,0,1078,010010101110,3.8384002399288115,3.6782272936479097
exact,0,1079,010010101111,3.7609559146094154,3.6782272936479097
exact,0,1080,010010110000,3.994947145184769,3.6782272936479097
exact,0,1081,010010110001,3.9155182709566922,3.6782272936479097
exact,0,1082,010010110010,3.917496378330501,3.6782272936479097
exact,0,1083,010010110011,3.8367925952011155,3.6782272936479097
exact,0,1084,010010110100,3.9194013598780564,3.6782272936479097
exact,0,1085,010010110101,3.8372213839380445,3.6782272936479097
exact,0,1086,010010110110,3.838304012463908,3.6782272936479097
exact,0,1087,010010110111,3.758717082967577,3.6782272936479097
exact,0,1088,010010111000,3.920650219381788,3.6782272936479097
exact,0,1089,010010111001,3.8377046913295803,3.6782272936479097
exact,0,1090,010010111010,3.8389716670543033,3.6782272936479097
exact,0,1091,010010111011,3.7585183889782496,3.6782272936479097
exact,0,1092,010010111100,3.8397915897320303,3.6782272936479097
exact,0,1093,010010111101,3.758900643565559,3.6782272936479097
exact,0,1094,010011000000,4.142063967628303,3.6782272936479097
exact,0,1095,010011000001,4.039351265227406,3.6782272936479097
exact,0,1096,010011000010,4.004494046898618,3.6782272936479097
exact,0,1097,010011000011,3.9295214690791185,3.6782272936479097
exact,0,1098,010011000100,3.99528961694743,3.6782272936479097
exact,0,1099,010011000101,3.9170377599453086,3.6782272936479097
exact,0,1100,010011000110,3.91645648072735,3.6782272936479097
exact,0,1101,010011000111,3.838988062012903,3.6782272936479097
exact,0,1102,010011001000,3.994357963806845,3.6782272936479097
exact,0,1103,010011001001,3.9147537789478366,3.6782272936479097
exact,0,1104,010011001010,3.917218699529872,3.6782272936479097
exact,0,1105,010011001011,3.8359584182684534,3.6782272936479097
exact,0,1106,010011001100,3.919414680205884,3.6782272936479097
exact,0,1107,010011001101,3.836655726433399,3.6782272936479097
exact,0,1108,010011001110,3.837875825376819,3.6782272936479097
exact,0,1109,010011001111,3.7576375806759015,3.6782272936479097
exact,0,1110,010011010000,3.9950543403630996,3.6782272936479097
exact,0,1111,010011010001,3.914916020225046,3.6782272936479097
exact,0,1112,010011010010,3.919239076915253,3.6782272936479097
exact,0,1113,010011010011,3.8359918533260116,3.6782272936479097
exact,0,1114,010011010100,3.92256287470495,3.6782272936479097
exact,0,1115,010011010101,3.8377281488734445,3.6782272936479097
exact,0,1116,010011010110,3.8394767231529054,3.6782272936479097
exact,0,1117,010011010111,3.75687217563551,3.6782272936479097
exact,0,1118,010011011000,3.9245900070844937,3.6782272936479097
exact,0,1119,010011011001,3.8389298978672786,3.6782272936479097
exact,0,1120,010011011010,3.84090505622064,3.6782272936479097
exact,0,1121,010011011011,3.7573467436187435,3.6782272936479097
exact,0,1122,010011011100,3.842132085854259,3.6782272936479097
exact,0,1123,010011011101,3.7580982504897236,3.6782272936479097
exact,0,1124,010011011110,3.759126818761432,3.6782272936479097
exact,0,1125,010011100000,3.9957013129709673,3.6782272936479097
exact,0,1126,010011100001,3.915345992252273,3.6782272936479097
exact,0,1127,010011100010,3.9206594557100307,3.6782272936479097
exact,0,1128,010011100011,3.8364304198950956,3.6782272936479097
exact,0,1129,010011100100,3.924588973747814,3.6782272936479097
exact,0,1130,010011100101,3.8387275989504435,3.6782272936479097
exact,0,1131,010011100110,3.840757704813329,3.6782272936479097
exact,0,1132,010011100111,3.7569686812637646,3.6782272936479097
exact,0,1133,010011101000,3.9269503032761306,3.6782272936479097
exact,0,1134,010011101001,3.840239371328151,3.6782272936479097
exact,0,1135,010011101010,3.8425148704656515,3.6782272936479097
exact,0,1136,010011101011,3.7577355352349016,3.6782272936479097
exact,0,1137,010011101100,3.8439147159522102,3.6782272936479097
exact,0,1138,010011101101,3.7586442019263253,3.6782272936479097
exact,0,1139,010011101110,3.7598039465442303,3.6782272936479097
exact,0,1140,010011101111,3.678157581180179,3.678157581180179
exact,0,1141,010011110000,3.92826316463921,3.678157581180179
exact,0,1142,010011110001,3.8411218639877336,3.678157581180179
exact,0,1143,010011110010,3.8435258514985264,3.678157581180179
exact,0,1144,010011110011,3.7582417749927592,3.678157581180179
exact,0,1145,010011110100,3.8449996584582093,3.678157581180179
exact,0,1146,010011110101,3.759217640483975,3.678157581180179
exact,0,1147,010011110110,3.7604329554570066,3.678157581180179
exact,0,1148,010011110111,3.6782761673892184,3.678157581180179
exact,0,1149,010100000000,4.8185392385203265,3.678157581180179
exact,0,1150,010100000001,4.605289105671593,3.678157581180179
exact,0,1151,010100000010,4.384412683390028,3.678157581180179
exact,0,1152,010100000011,4.301656000365825,3.678157581180179
exact,0,1153,010100000100,4.2567855266011305,3.678157581180179
exact,0,1154,010100000101,4.160977490160459,3.678157581180179
exact,0,1155,010100000110,4.111897214811124,3.678157581180179
exact,0,1156,010100000111,4.05181058866845,3.678157581180179
exact,0,1157,010100001000,4.189727131814478,3.678157581180179
exact,0,1158,010100001001,4.088386495214105,3.678157581180179
exact,0,1159,010100001010,4.043045789006714,3.678157581180179
exact,0,1160,010100001011,3.974606000623628,3.678157581180179
exact,0,1161,010100001100,4.02327007000365,3.678157581180179
exact,0,1162,010100001101,3.9515009449754226,3.678157581180179
exact,0,1163,010100001110,3.9448239751948466,3.678157581180179
exact,0,1164,010100001111,3.8790008919989014,3.678157581180179
exact,0,1165,010100010000,4.155997393000161,3.678157581180179
exact,0,1166,010100010001,4.0533240174956,3.678157581180179
exact,0,1167,010100010010,4.014214153543796,3.678157581180179
exact,0,1168,010100010011,3.9411875066474864,3.678157581180179
exact,0,1169,010100010100,4.000638785980985,3.678157581180179
exact,0,1170,010100010101,3.9241975473642072,3.678157581180179
exact,0,1171,010100010110,3.9210765989566596,3.678157581180179
exact,0,1172,010100010111,3.847512751808548,3.678157581180179
exact,0,1173,010100011000,3.996509513626591,3.678157581180179
exact,0,1174,010100011001,3.9185085545852725,3.678157581180179
exact,0,1175,010100011010,3.9174973650452825,3.678157581180179
exact,0,1176,010100011011,3.8406259178595605,3.678157581180179
exact,0,1177,010100011100,3.9176175360643914,3.678157581180179
exact,0,1178,010100011101,3.8394320131701427,3.678157581180179
exact,0,1179,010100011110,3.8396603355380727,3.678157581180179
exact,0,1180,010100100000,4.139324759503562,3.678157581180179
exact,0,1181,010100100001,4.036704949233937,3.678157581180179
exact,0,1182,010100100010,4.002658725408052,3.678157581180179
exact,0,1183,010100100011,3.9274054497983615,3.678157581180179
exact,0,1184,010100100100,3.994245220616325,3.678157581180179
exact,0,1185,010100100101,3.915747638047558,3.678157581180179
exact,0,1186,010100100110,3.9156157330828076,3.678157581180179
exact,0,1187,010100100111,3.8375407890409834,3.678157581180179
exact,0,1188,010100101000,3.9938876350737997,3.678157581180179
exact,0,1189,010100101001,3.9140816176705915,3.678157581180179
exact,0,1190,010100101010,3.9171601023415064,3.678157581180179
exact,0,1191,010100101011,3.8352189128966723,3.678157581180179
exact,0,1192,010100101100,3.9197245795178555,3.678157581180179
exact,0,1193,010100101101,3.836256504148615,3.678157581180179
exact,0,1194,010100101110,3.8376500925731842,3.678157581180179
exact,0,1195,010100101111,3.756610195536472,3.678157581180179
exact,0,1196,010100110000,3.9949246257879327,3.678157581180179
exact,0,1197,010100110001,3.9146166583562407,3.678157581180179
exact,0,1198,010100110010,3.9196598852918085,3.678157581180179
exact,0,1199,010100110011,3.835689242711968,3.678157581180179
exact,0,1200,010100110100,3.9234210098823055,3.678157581180179
exact,0,1201,010100110101,3.8378318374047353,3.678157581180179
exact,0,1202,010100110110,3.8397840747505816,3.678157581180179
exact,0,1203,010100110111,3.7563132287074157,3.678157581180179
exact,0,1204,010100111000,3.925688708266905,3.678157581180179
exact,0,1205,010100111001,3.8392573779652777,3.678157581180179
exact,0,1206,010100111010,3.841449254260553,3.678157581180179
exact,0,1207,010100111011,3.756999347864801,3.678157581180179
exact,0,1208,010100111100,3.842800973982655,3.678157581180179
exact,0,1209,010100111101,3.757864589999854,3.678157581180179
exact,0,1210,010101000000,4.131245455424883,3.678157581180179
exact,0,1211,010101000001,4.028884441151918,3.678157581180179
exact,0,1212,010101000010,3.9979073004968853,3.678157581180179
exact,0,1213,010101000011,3.921626905513075,3.678157581180179
exact,0,1214,010101000100,3.9926888487010173,3.678157581180179
exact,0,1215,010101000101,3.913337343429409,3.678157581180179
exact,0,1216,010101000110,3.9150777603645204,3.678157581180179
exact,0,1217,010101000111,3.8346526115548194,3.678157581180179
exact,0,1218,010101001000,3.9947301912935003,3.678157581180179
exact,0,1219,010101001001,3.9142841848204957,3.678157581180179
exact,0,1220,010101001010,3.919977607953094,3.678157581180179
exact,0,1221,010101001011,3.835372454559127,3.678157581180179
exact,0,1222,010101001100,3.924134055728467,3.678157581180179
exact,0,1223,010101001101,3.8378835219595757,3.678157581180179
exact,0,1224,010101001110,3.8400193589486973,3.678157581180179
exact,0,1225,010101001111,3.7557862248374976,3.678157581180179
exact,0,1226,010101010000,3.997217431865713,3.678157581180179
exact,0,1227,010101010001,3.9164269915394834,3.678157581180179
exact,0,1228,010101010010,3.9245756233767906,3.678157581180179
exact,0,1229,010101010011,3.8377604323354166,3.678157581180179
exact,0,1230,010101010100,3.9302497564172207,3.678157581180179
exact,0,1231,010101010101,3.841685415311659,3.678157581180179
exact,0,1232,010101010110,3.84451987711798,3.678157581180179
exact,0,1233,010101010111,3.7575724702016173,3.678157581180179
exact,0,1234,010101011000,3.933577812795414,3.678157581180179
exact,0,1235,010101011001,3.8441005804161534,3.678157581180179
exact,0,1236,010101011010,3.8472354292081463,3.678157581180179
exact,0,1237,010101011011,3.7591981991410504,3.678157581180179
exact,0,1238,010101011100,3.8491304639842605,3.678157581180179
exact,0,1239,010101011101,3.7605595331394164,3.678157581180179
exact,0,1240,010101011110,3.7620894670720415,3.678157581180179
exact,0,1241,010101100000,3.998813239820616,3.678157581180179
exact,0,1242,010101100001,3.9179160534563073,3.678157581180179
exact,0,1243,010101100010,3.927387455040948,3.678157581180179
exact,0,1244,010101100011,3.8394745651745894,3.678157581180179
exact,0,1245,010101100100,3.933886798765478,3.678157581180179
exact,0,1246,010101100101,3.8441722381115047,3.678157581180179
exact,0,1247,010101100110,3.8473836715881857,3.678157581180179
exact,0,1248,010101100111,3.759066364132953,3.678157581180179
exact,0,1249,010101101000,3.9376755852216614,3.678157581180179
exact,0,1250,010101101001,3.84701959604211,3.678157581180179
exact,0,1251,010101101010,3.850558925867676,3.678157581180179
exact,0,1252,010101101011,3.7611050284366434,3.678157581180179
exact,0,1253,010101101100,3.852687414865059,3.678157581180179
exact,0,1254,010101101101,3.7626801062618758,3.678157581180179
exact,0,1255,010101101110,3.764381033257567,3.678157581180179
exact,0,1256,010101101111,3.677999190555893,3.677999190555893
exact,0,1257,010101110000,3.9397352702805573,3.677999190555893
exact,0,1258,010101110001,3.8486019410225136,3.677999190555893
exact,0,1259,010101110010,3.8523137612011986,3.677999190555893
exact,0,1260,010101110011,3.762279080319829,3.677999190555893
exact,0,1261,010101110100,3.8545418639001703,3.677999190555893
exact,0,1262,010101110101,3.7639453115339827,3.677999190555893
exact,0,1263,010101110110,3.7657183390580755,3.677999190555893
exact,0,1264,010101110111,3.67874503592147,3.677999190555893
exact,0,1265,010101111000,3.855863854975113,3.677999190555893
exact,0,1266,010101111001,3.764952400795845,3.677999190555893
exact,0,1267,010101111010,3.766764637436085,3.677999190555893
exact,0,1268,010101111011,3.679474676405672,3.677999190555893
exact,0,1269,010110000000,4.127430347389705,3.677999190555893
exact,0,1270,010110000001,4.025251400644102,3.677999190555893
exact,0,1271,010110000010,3.995876917792731,3.677999190555893
exact,0,1272,010110000011,3.9191297323241954,3.677999190555893
exact,0,1273,010110000100,3.992346808313217,3.677999190555893
exact,0,1274,010110000101,3.912636810061582,3.677999190555893
exact,0,1275,010110000110,3.9153738485786853,3.677999190555893
exact,0,1276,010110000111,3.8338048070317576,3.677999190555893
exact,0,1277,010110001000,3.995675033548953,3.677999190555893
exact,0,1278,010110001001,3.9149993757678607,3.677999190555893
exact,0,1279,010110001010,3.922101002399424,3.677999190555893
exact,0,1280,010110001011,3.8361937392408985,3.677999190555893
exact,0,1281,010110001100,3.9271235582421937,3.677999190555893
exact,0,1282,010110001101,3.839511512952135,3.677999190555893
exact,0,1283,010110001110,3.842047193866155,3.677999190555893
exact,0,1284,010110001111,3.756226143367822,3.677999190555893
exact,0,1285,010110010000,3.9989495836076663,3.677999190555893
exact,0,1286,010110010001,3.918024277701021,3.677999190555893
exact,0,1287,010110010010,3.927857683881545,3.677999190555893
exact,0,1288,010110010011,3.8396485040442414,3.677999190555893
exact,0,1289,010110010100,3.934581770688132,3.677999190555893
exact,0,1290,010110010101,3.8445578772341005,3.677999190555893
exact,0,1291,010110010110,3.8478719390078195,3.677999190555893
exact,0,1292,010110010111,3.7591866812241475,3.677999190555893
exact,0,1293,010110011000,3.938495909311203,3.677999190555893
exact,0,1294,010110011001,3.8475234554249447,3.677999190555893
exact,0,1295,010110011010,3.851172658948639,3.677999190555893
exact,0,1296,010110011011,3.7613389226263343,3.677999190555893
exact,0,1297,010110011100,3.853364640095996,3.677999190555893
exact,0,1298,010110011101,3.7629724274319982,3.677999190555893
exact,0,1299,010110011110,3.7647199344283426,3.677999190555893
exact,0,1300,010110100000,4.000966372476867,3.677999190555893
exact,0,1301,010110100001,3.9199895894556724,3.677999190555893
exact,0,1302,010110100010,3.931301583293504,3.677999190555893
exact,0,1303,010110100011,3.841946648355694,3.677999190555893
exact,0,1304,010110100100,3.9389557802463604,3.677999190555893
exact,0,1305,010110100101,3.8477304592593624,3.677999190555893
exact,0,1306,010110100110,3.851466847376112,3.677999190555893
exact,0,1307,010110100111,3.7613309114519065,3.677999190555893
exact,0,1308,010110101000,3.943391892302902,3.677999190555893
exact,0,1309,010110101001,3.8511876721710543,3.677999190555893
exact,0,1310,010110101010,3.855291146857359,3.677999190555893
exact,0,1311,010110101011,3.763955183441689,3.677999190555893
exact,0,1312,010110101100,3.857745736748631,3.677999190555893
exact,0,1313,010110101101,3.7658297100848253,3.677999190555893
exact,0,1314,010110101110,3.767766942379604,3.677999190555893
exact,0,1315,010110101111,3.6794691258330787,3.677999190555893
exact,0,1316,010110110000,3.945791514176088,3.677999190555893
exact,0,1317,010110110001,3.8530907482068626,3.677999190555893
exact,0,1318,010110110010,3.8573877272452965,3.677999190555893
exact,0,1319,010110110011,3.7654378356343323,3.677999190555893
exact,0,1320,010110110100,3.859954256395717,3.677999190555893
exact,0,1321,010110110101,3.76741505699937,3.677999190555893
exact,0,1322,010110110110,3.769432157775702,3.677999190555893
exact,0,1323,010110110111,3.6805072549716056,3.677999190555893
exact,0,1324,010110111000,3.8614676317095036,3.677999190555893
exact,0,1325,010110111001,3.7685983023276446,3.677999190555893
exact,0,1326,010110111010,3.7706585218763347,3.677999190555893
exact,0,1327,010110111011,3.681400745867704,3.677999190555893
exact,0,1328,010110111100,3.7719916360342354,3.677999190555893
exact,0,1329,010110111101,3.682451207471086,3.677999190555893
exact,0,1330,010111000000,4.00204259761957,3.677999190555893
exact,0,1331,010111000001,3.9210593278719883,3.677999190555893
exact,0,1332,010111000010,3.9331118679959602,3.677999190555893
exact,0,1333,010111000011,3.843206412141471,3.677999190555893
exact,0,1334,010111000100,3.941234369006328,3.677999190555893
exact,0,1335,010111000101,3.849431519463731,3.677999190555893
exact,0,1336,010111000110,3.853379798179767,3.677999190555893
exact,0,1337,010111000111,3.7625403380846385,3.677999190555893
exact,0,1338,010111001000,3.9459341521419513,3.677999190555893
exact,0,1339,010111001001,3.8531376612691526,3.677999190555893
exact,0,1340,010111001010,3.8574694222942654,3.677999190555893
exact,0,1341,010111001011,3.7654042937482193,3.677999190555893
exact,0,1342,010111001100,3.860056117697117,3.677999190555893
exact,0,1343,010111001101,3.76740023197337,3.677999190555893
exact,0,1344,010111001110,3.7694321060510574,3.677999190555893
exact,0,1345,010111001111,3.680390180035738,3.677999190555893
exact,0,1346,010111010000,3.948472491106109,3.677999190555893
exact,0,1347,010111010001,3.8551718973588263,3.677999190555893
exact,0,1348,010111010010,3.8597059733769985,3.677999190555893
exact,0,1349,010111010011,3.7670134982906265,3.677999190555893
exact,0,1350,010111010100,3.8624097875538226,3.677999190555893
exact,0,1351,010111010101,3.769116985225829,3.677999190555893
exact,0,1352,010111010110,3.771231959135767,3.677999190555893
exact,0,1353,010111010111,3.681548471604155,3.677999190555893
exact,0,1354,010111011000,3.8640007479620087,3.677999190555893
exact,0,1355,010111011001,3.7703717028379318,3.677999190555893
exact,0,1356,010111011010,3.772531410683332,3.677999190555893
exact,0,1357,010111011011,3.6825085164038445,3.677999190555893
exact,0,1358,010111011100,3.7739270369310014,3.677999190555893
exact,0,1359,010111011101,3.683616976640377,3.677999190555893
exact,0,1360,010111011110,3.685133402441681,3.677999190555893
exact,0,1361,010111100000,3.9498146354607475,3.677999190555893
exact,0,1362,010111100001,3.8562612270831673,3.677999190555893
exact,0,1363,010111100010,3.8608991155203363,3.677999190555893
exact,0,1364,010111100011,3.767890225262921,3.677999190555893
exact,0,1365,010111100100,3.8636630486651535,3.677999190555893
exact,0,1366,010111100101,3.7700489290146115,3.677999190555893
exact,0,1367,010111100110,3.7722063511507917,3.677999190555893
exact,0,1368,010111100111,3.682198932290102,3.677999190555893
exact,0,1369,010111101000,3.865287948526082,3.677999190555893
exact,0,1370,010111101001,3.7713348754071787,3.677999190555893
exact,0,1371,010111101010,3.773537752750798,3.677999190555893
exact,0,1372,010111101011,3.6831880242219017,3.677999190555893
exact,0,1373,010111101100,3.7749604806958668,3.677999190555893
exact,0,1374,010111101101,3.684321616854943,3.677999190555893
exact,0,1375,010111101110,3.68586880275759,3.677999190555893
exact,0,1376,010111101111,3.5992262002780837,3.5992262002780837
exact,0,1377,011000000000,4.815134721983382,3.5992262002780837
exact,0,1378,011000000001,4.601453010151332,3.5992262002780837
exact,0,1379,011000000010,4.380096077047111,3.5992262002780837
exact,0,1380,011000000011,4.29703309066431,3.5992262002780837
exact,0,1381,011000000100,4.252191927814708,3.5992262002780837
exact,0,1382,011000000101,4.1560662233426475,3.5992262002780837
exact,0,1383,011000000110,4.107094957682059,3.5992262002780837
exact,0,1384,011000000111,4.046569430728754,3.5992262002780837
exact,0,1385,011000001000,4.185001382045872,3.5992262002780837
exact,0,1386,011000001001,4.083471067207024,3.5992262002780837
exact,0,1387,011000001010,4.0387316025382125,3.5992262002780837
exact,0,1388,011000001011,3.9697431834054817,3.5992262002780837
exact,0,1389,011000001100,4.019516909857311,3.5992262002780837
exact,0,1390,011000001101,3.947173880900103,3.5992262002780837
exact,0,1391,011000001110,3.940811452929785,3.5992262002780837
exact,0,1392,011000001111,3.8741370707286755,3.5992262002780837
exact,0,1393,011000010000,4.1511577472606795,3.5992262002780837
exact,0,1394,011000010001,4.048483404867581,3.5992262002780837
exact,0,1395,011000010010,4.010597109252197,3.5992262002780837
exact,0,1396,011000010011,3.9369805618949303,3.5992262002780837
exact,0,1397,011000010100,3.998223009856907,3.5992262002780837
exact,0,1398,011000010101,3.9212173916492508,3.5992262002780837
exact,0,1399,011000010110,3.9187801093979284,3.5992262002780837
exact,0,1400,011000010111,3.844084587624281,3.5992262002780837
exact,0,1401,011000011000,3.9949508975433683,3.5992262002780837
exact,0,1402,011000011001,3.9164311238614116,3.5992262002780837
exact,0,1403,011000011010,3.916340314122167,3.5992262002780837
exact,0,1404,011000011011,3.8382055145360066,3.5992262002780837
exact,0,1405,011000011100,3.917004163480882,3.5992262002780837
exact,0,1406,011000011101,3.8375049399175754,3.5992262002780837
exact,0,1407,011000011110,3.837995856874877,3.5992262002780837
exact,0,1408,011000100000,4.134358890620781,3.5992262002780837
exact,0,1409,011000100001,4.031897479173491,3.5992262002780837
exact,0,1410,011000100010,3.999590782724903,3.5992262002780837
exact,0,1411,011000100011,3.923744523797,3.5992262002780837
exact,0,1412,011000100100,3.992953525176572,3.5992262002780837
exact,0,1413,011000100101,3.9139528981278535,3.5992262002780837
exact,0,1414,011000100110,3.91485231370306,3.5992262002780837
exact,0,1415,011000100111,3.8354481842395822,3.5992262002780837
exact,0,1416,011000101000,3.9939156206217326,3.5992262002780837
exact,0,1417,011000101001,3.9137184318397975,3.5992262002780837
exact,0,1418,011000101010,3.9182270042357343,3.5992262002780837
exact,0,1419,011000101011,3.8347836585813813,3.5992262002780837
exact,0,1420,011000101100,3.9216582079606686,3.5992262002780837
exact,0,1421,011000101101,3.836622547136523,3.5992262002780837
exact,0,1422,011000101110,3.838421630372597,3.5992262002780837
exact,0,1423,011000101111,3.755592355909616,3.5992262002780837
exact,0,1424,011000110000,3.9957455773109842,3.5992262002780837
exact,0,1425,011000110001,3.915128708347808,3.5992262002780837
exact,0,1426,011000110010,3.921863791755602,3.5992262002780837
exact,0,1427,011000110011,3.836291694212931,3.5992262002780837
exact,0,1428,011000110100,3.9266621281797436,3.5992262002780837
exact,0,1429,011000110101,3.8393994265165534,3.5992262002780837
exact,0,1430,011000110110,3.8418316288418737,3.5992262002780837
exact,0,1431,011000110111,3.756417416214868,3.5992262002780837
exact,0,1432,011000111000,3.9295032285297027,3.5992262002780837
exact,0,1433,011000111001,3.8413593695429724,3.5992262002780837
exact,0,1434,011000111010,3.8440634905500426,3.5992262002780837
exact,0,1435,011000111011,3.7576100090028697,3.5992262002780837
exact,0,1436,011000111100,3.8457101987567857,3.5992262002780837
exact,0,1437,011000111101,3.758744443550252,3.5992262002780837
exact,0,1438,011001000000,4.126173089211353,3.5992262002780837
exact,0,1439,011001000001,4.0240720272516235,3.5992262002780837
exact,0,1440,011001000010,3.995161889551509,3.5992262002780837
exact,0,1441,011001000011,3.9182945459266088,3.5992262002780837
exact,0,1442,011001000100,3.9921002083822192,3.5992262002780837
exact,0,1443,011001000101,3.912300785977595,3.5992262002780837
exact,0,1444,011001000110,3.9153090302199023,3.5992262002780837
exact,0,1445,011001000111,3.8334391738871574,3.5992262002780837
exact,0,1446,011001001000,3.995780968834533,3.5992262002780837
exact,0,1447,011001001001,3.9150513552084116,3.5992262002780837
exact,0,1448,011001001010,3.9225335394525094,3.5992262002780837
exact,0,1449,011001001011,3.8362853777542183,3.5992262002780837
exact,0,1450,011001001100,3.9277901170505998,3.5992262002780837
exact,0,1451,011001001101,3.8398221703321602,3.5992262002780837
exact,0,1452,011001001110,3.8424656046530776,3.5992262002780837
exact,0,1453,011001001111,3.756227953310551,3.5992262002780837
exact,0,1454,011001010000,3.9992705725111684,3.5992262002780837
exact,0,1455,011001010001,3.918317276281354,3.5992262002780837
exact,0,1456,011001010010,3.9286050808775985,3.5992262002780837
exact,0,1457,011001010011,3.840031626877066,3.5992262002780837
exact,0,1458,011001010100,3.93561256582518,3.5992262002780837
exact,0,1459,011001010101,3.8452078472487186,3.5992262002780837
exact,0,1460,011001010110,3.84865105029684,3.5992262002780837
exact,0,1461,011001010111,3.759510399523415,3.5992262002780837
exact,0,1462,011001011000,3.9396851255046754,3.5992262002780837
exact,0,1463,011001011001,3.8483228042139297,3.5992262002780837
exact,0,1464,011001011010,3.8521104850588928,3.5992262002780837
exact,0,1465,011001011011,3.7618061620267325,3.5992262002780837
exact,0,1466,011001011100,3.8543825089632207,3.5992262002780837
exact,0,1467,011001011101,3.7635132742930004,3.5992262002780837
exact,0,1468,011001011110,3.7653191881704724,3.5992262002780837
exact,0,1469,011001100000,4.001402335246237,3.5992262002780837
exact,0,1470,011001100001,3.9204126944214255,3.5992262002780837
exact,0,1471,011001100010,3.9322208374202714,3.5992262002780837
exact,0,1472,011001100011,3.8424893609043975,3.5992262002780837
exact,0,1473,011001100100,3.9401867225380585,3.5992262002780837
exact,0,1474,011001100101,3.848567519125397,3.5992262002780837
exact,0,1475,011001100110,3.8524452619637666,3.5992262002780837
exact,0,1476,011001100111,3.7618329410507356,3.5992262002780837
exact,0,1477,011001101000,3.9447978526496814,3.5992262002780837
exact,0,1478,011001101001,3.852190254346776,3.5992262002780837
exact,0,1479,011001101010,3.8564456356806547,3.5992262002780837
exact,0,1480,011001101011,3.764616826442967,3.5992262002780837
exact,0,1481,011001101100,3.8589881572512605,3.5992262002780837
exact,0,1482,011001101101,3.766572353520793,3.5992262002780837
exact,0,1483,011001101110,3.7685730403374817,3.5992262002780837
exact,0,1484,011001101111,3.6797730820585275,3.5992262002780837
exact,0,1485,011001110000,3.947289491419527,3.5992262002780837
exact,0,1486,011001110001,3.854180464025603,3.5992262002780837
exact,0,1487,011001110010,3.8586350216466725,3.5992262002780837
exact,0,1488,011001110011,3.766183653607508,3.5992262002780837
exact,0,1489,011001110100,3.8612928205026655,3.5992262002780837
exact,0,1490,011001110101,3.768245006026874,3.5992262002780837
exact,0,1491,011001110110,3.770327656174629,3.5992262002780837
exact,0,1492,011001110111,3.680891306169183,3.5992262002780837
exact,0,1493,011001111000,3.862857832082655,3.5992262002780837
exact,0,1494,011001111001,3.7694759110300673,3.5992262002780837
exact,0,1495,011001111010,3.771602734436575,3.5992262002780837
exact,0,1496,011001111011,3.6818292647850206,3.5992262002780837
exact,0,1497,011010000000,4.1222889241325,3.5992262002780837
exact,0,1498,011010000001,4.020425049505971,3.5992262002780837
exact,0,1499,011010000010,3.9932946529883373,3.5992262002780837
exact,0,1500,011010000011,3.9159655112969323,3.5992262002780837
exact,0,1501,011010000100,3.9921309869900603,3.5992262002780837
exact,0,1502,011010000101,3.9120068102250363,3.5992262002780837
exact,0,1503,011010000110,3.916143764656377,3.5992262002780837
exact,0,1504,011010000111,3.833070002471618,3.5992262002780837
exact,0,1505,011010001000,3.9972788318957444,3.5992262002780837
exact,0,1506,011010001001,3.916384698819084,3.5992262002780837
exact,0,1507,011010001010,3.92547907283696,3.5992262002780837
exact,0,1508,011010001011,3.837855444403946,3.5992262002780837
exact,0,1509,011010001100,3.9317364116125373,3.5992262002780837
exact,0,1510,011010001101,3.8423289736931094,3.5992262002780837
exact,0,1511,011010001110,3.845430873914403,3.5992262002780837
exact,0,1512,011010001111,3.757489675897855,3.5992262002780837
exact,0,1513,011010010000,4.001675970128419,3.5992262002780837
exact,0,1514,011010010001,3.9206764089426693,3.5992262002780837
exact,0,1515,011010010010,3.932906386966875,3.5992262002780837
exact,0,1516,011010010011,3.8428570922464695,3.5992262002780837
exact,0,1517,011010010100,3.9411370236471615,3.5992262002780837
exact,0,1518,011010010101,3.849185778489065,3.5992262002780837
exact,0,1519,011010010110,3.853183552868277,3.5992262002780837
exact,0,1520,011010010111,3.762169579719562,3.5992262002780837
exact,0,1521,011010011000,3.9458968362621873,3.5992262002780837
exact,0,1522,011010011001,3.852949388036265,3.5992262002780837
exact,0,1523,011010011010,3.8573336866422956,3.5992262002780837
exact,0,1524,011010011011,3.765089571511913,3.5992262002780837
exact,0,1525,011010011100,3.85995088403446,3.5992262002780837
exact,0,1526,011010011101,3.7671140066336175,3.5992262002780837
exact,0,1527,011010011110,3.769168594206652,3.5992262002780837
exact,0,1528,011010100000,4.004296382413666,3.5992262002780837
exact,0,1529,011010100001,3.923329704872822,3.5992262002780837
exact,0,1530,011010100010,3.9372677020242985,3.5992262002780837
exact,0,1531,011010100011,3.8460076086798156,3.5992262002780837
exact,0,1532,011010100100,3.9465849894920733,3.5992262002780837
exact,0,1533,011010100101,3.8533631036349245,3.5992262002780837
exact,0,1534,011010100110,3.8578506676825692,3.5992262002780837
exact,0,1535,011010100111,3.7652727554394616,3.5992262002780837
exact,0,1536,011010101000,3.9519590114835075,3.5992262002780837
exact,0,1537,011010101001,3.8577081910427578,3.5992262002780837
exact,0,1538,011010101010,3.8626211333533513,3.5992262002780837
exact,0,1539,011010101011,3.7687545077692834,3.5992262002780837
exact,0,1540,011010101100,3.865544684555383,3.5992262002780837
exact,0,1541,011010101101,3.7710609733177143,3.5992262002780837
exact,0,1542,011010101110,3.773333016834436,3.5992262002780837
exact,0,1543,011010101111,3.6824507773799398,3.5992262002780837
exact,0,1544,011010110000,3.9548525803444172,3.5992262002780837
exact,0,1545,011010110001,3.8600795081354926,3.5992262002780837
exact,0,1546,011010110010,3.865217339893105,3.5992262002780837
exact,0,1547,011010110011,3.7706902571384284,3.5992262002780837
exact,0,1548,011010110100,3.8682713284010815,3.5992262002780837
exact,0,1549,011010110101,3.7731167725617394,3.5992262002780837
exact,0,1550,011010110110,3.7754801829976703,3.5992262002780837
exact,0,1551,011010110111,3.6839205409393205,3.5992262002780837
exact,0,1552,011010111000,3.8700602831895563,3.5992262002780837
exact,0,1553,011010111001,3.774554373933298,3.5992262002780837
exact,0,1554,011010111010,3.776966648061972,3.5992262002780837
exact,0,1555,011010111011,3.68505139693395,3.5992262002780837
exact,0,1556,011010111100,3.778520986960228,3.5992262002780837
exact,0,1557,011010111101,3.6863073326487448,3.5992262002780837
exact,0,1558,011011000000,4.005673425972387,3.5992262002780837
exact,0,1559,011011000001,3.9247441484793915,3.5992262002780837
exact,0,1560,011011000010,3.939540387051333,3.5992262002780837
exact,0,1561,011011000011,3.847697759592151,3.5992262002780837
exact,0,1562,011011000100,3.9494068575984143,3.5992262002780837
exact,0,1563,011011000101,3.855573422236737,3.5992262002780837
exact,0,1564,011011000110,3.8603076799595337,3.5992262002780837
exact,0,1565,011011000111,3.766969484438668,3.5992262002780837
exact,0,1566,011011001000,3.955092442014331,3.5992262002780837
exact,0,1567,011011001001,3.860214175863791,3.5992262002780837
exact,0,1568,011011001010,3.8653938618806025,3.5992262002780837
exact,0,1569,011011001011,3.7707377128400994,3.5992262002780837
exact,0,1570,011011001100,3.8684721918848535,3.5992262002780837
exact,0,1571,011011001101,3.773186865728136,3.5992262002780837
exact,0,1572,011011001110,3.7755678186665973,3.5992262002780837
exact,0,1573,011011001111,3.6838766286323392,3.5992262002780837
exact,0,1574,011011010000,3.958150511987404,3.5992262002780837
exact,0,1575,011011010001,3.8627418281783275,3.5992262002780837
exact,0,1576,011011010010,3.8681572301407594,3.5992262002780837
exact,0,1577,011011010011,3.772825251076845,3.5992262002780837
exact,0,1578,011011010100,3.8713723975406076,3.5992262002780837
exact,0,1579,011011010101,3.7754004643062964,3.5992262002780837
exact,0,1580,011011010110,3.777876712290648,3.5992262002780837
exact,0,1581,011011010111,3.6854914162086803,3.5992262002780837
exact,0,1582,011011011000,3.8732524109790836,3.5992262002780837
exact,0,1583,011011011001,3.776922188892618,3.5992262002780837
exact,0,1584,011011011010,3.7794492461075797,3.5992262002780837
exact,0,1585,011011011011,3.6867008743453407,3.5992262002780837
exact,0,1586,011011011100,3.7810756528153195,3.5992262002780837
exact,0,1587,011011011101,3.688023793610945,3.5992262002780837
exact,0,1588,011011011110,3.689802119813205,3.5992262002780837
exact,0,1589,011011100000,3.9597578166684735,3.5992262002780837
exact,0,1590,011011100001,3.8640833496300875,3.5992262002780837
exact,0,1591,011011100010,3.869619791772172,3.5992262002780837
exact,0,1592,011011100011,3.773946969528077,3.5992262002780837
exact,0,1593,011011100100,3.8729052589037156,3.5992262002780837
exact,0,1594,011011100101,3.776586961428752,3.5992262002780837
exact,0,1595,011011100110,3.7791119188612208,3.5992262002780837
exact,0,1596,011011100111,3.6863761482510156,3.5992262002780837
exact,0,1597,011011101000,3.874824945844837,3.5992262002780837
exact,0,1598,011011101001,3.7781453009814214,3.5992262002780837
exact,0,1599,011011101010,3.7807219327520127,3.5992262002780837
exact,0,1600,011011101011,3.687619786397307,3.5992262002780837
exact,0,1601,011011101100,3.7823794364537973,3.5992262002780837
exact,0,1602,011011101101,3.6889715960558385,3.5992262002780837
exact,0,1603,011011101110,3.690784922762124,3.5992262002780837
exact,0,1604,011011101111,3.60143870837819,3.5992262002780837
exact,0,1605,011011110000,3.8759528377957904,3.5992262002780837
exact,0,1606,011011110001,3.7790702550149087,3.5992262002780837
exact,0,1607,011011110010,3.781676169506855,3.5992262002780837
exact,0,1608,011011110011,3.6883680905230296,3.5992262002780837
exact,0,1609,011011110100,3.7833520121788626,3.5992262002780837
exact,0,1610,011011110101,3.689736914038125,3.5992262002780837
exact,0,1611,011011110110,3.691570757379257,3.5992262002780837
exact,0,1612,011011110111,3.602021989191603,3.5992262002780837
exact,0,1613,011100000000,4.120494050289742,3.5992262002780837
exact,0,1614,011100000001,4.0187546146702005,3.5992262002780837
exact,0,1615,011100000010,3.9924870845032197,3.5992262002780837
exact,0,1616,011100000011,3.914949380263334,3.5992262002780837
exact,0,1617,011100000100,3.9922503443541433,3.5992262002780837
exact,0,1618,011100000101,3.911988909735104,3.5992262002780837
exact,0,1619,011100000110,3.9166796289450363,3.5992262002780837
exact,0,1620,011100000111,3.8330403263766337,3.5992262002780837
exact,0,1621,011100001000,3.9981208296651625,3.5992262002780837
exact,0,1622,011100001001,3.9171722693619757,3.5992262002780837
exact,0,1623,011100001010,3.927062952529049,3.5992262002780837
exact,0,1624,011100001011,3.8387918024566368,3.5992262002780837
exact,0,1625,011100001100,3.9338174221103905,3.5992262002780837
exact,0,1626,011100001101,3.8437319948105886,3.5992262002780837
exact,0,1627,011100001110,3.847060645549522,3.5992262002780837
exact,0,1628,011100001111,3.7583096420900843,3.5992262002780837
exact,0,1629,011100010000,4.002968083592554,3.5992262002780837
exact,0,1630,011100010001,3.921975411915039,3.5992262002780837
exact,0,1631,011100010010,3.935168856412123,3.5992262002780837
exact,0,1632,011100010011,3.844423860888174,3.5992262002780837
exact,0,1633,011100010100,3.9440102414153473,3.5992262002780837
exact,0,1634,011100010101,3.851329665950762,3.5992262002780837
exact,0,1635,011100010110,3.8556031853582278,3.5992262002780837
exact,0,1636,011100010111,3.7636960282254255,3.5992262002780837
exact,0,1637,011100011000,3.9491146402509307,3.5992262002780837
exact,0,1638,011100011001,3.8554194568401536,3.5992262002780837
exact,0,1639,011100011010,3.8601009919566045,3.5992262002780837
exact,0,1640,011100011011,3.7669310293810265,3.5992262002780837
exact,0,1641,011100011100,3.8628904025668165,3.5992262002780837
exact,0,1642,011100011101,3.7691140580636793,3.5992262002780837
exact,0,1643,011100011110,3.7712914672673947,3.5992262002780837
exact,0,1644,011100100000,4.005831925459473,3.5992262002780837
exact,0,1645,011100100001,3.924908139425495,3.5992262002780837
exact,0,1646,011100100010,3.939905244465131,3.5992262002780837
exact,0,1647,011100100011,3.847924035963339,3.5992262002780837
exact,0,1648,011100100100,3.949899244029873,3.5992262002780837
exact,0,1649,011100100101,3.8559210208710835,3.5992262002780837
exact,0,1650,011100100110,3.8607126904119324,3.5992262002780837
exact,0,1651,011100100111,3.7671960283621373,3.5992262002780837
exact,0,1652,011100101000,3.9556570038472643,3.5992262002780837
exact,0,1653,011100101001,3.86063052582887,3.5992262002780837
exact,0,1654,011100101010,3.865872081911583,3.5992262002780837
exact,0,1655,011100101011,3.771031109392711,3.5992262002780837
exact,0,1656,011100101100,3.8689863634213966,3.5992262002780837
exact,0,1657,011100101101,3.773513548998404,3.5992262002780837
exact,0,1658,011100101110,3.775920019694818,3.5992262002780837
exact,0,1659,011100101111,3.6840398221632573,3.5992262002780837
exact,0,1660,011100110000,3.9587531803335714,3.5992262002780837
exact,0,1661,011100110001,3.8631945143745376,3.5992262002780837
exact,0,1662,011100110010,3.8686741981156585,3.5992262002780837
exact,0,1663,011100110011,3.7731540381933053,3.5992262002780837
exact,0,1664,011100110100,3.8719267476663086,3.5992262002780837
exact,0,1665,011100110101,3.7757638840516003,3.5992262002780837
exact,0,1666,011100110110,3.7782665328818266,3.5992262002780837
exact,0,1667,011100110111,3.685688577685543,3.5992262002780837
exact,0,1668,011100111000,3.873827922320557,3.5992262002780837
exact,0,1669,011100111001,3.777305230350307,3.5992262002780837
exact,0,1670,011100111010,3.7798591297749033,3.5992262002780837
exact,0,1671,011100111011,3.68691644096084,3.5992262002780837
exact,0,1672,011100111100,3.781502412334849,3.5992262002780837
exact,0,1673,011100111101,3.688255075446829,3.5992262002780837
exact,0,1674,011101000000,4.007330621397681,3.5992262002780837
exact,0,1675,011101000001,3.926462998450537,3.5992262002780837
exact,0,1676,011101000010,3.942367588072288,3.5992262002780837
exact,0,1677,011101000011,3.8497913102353944,3.5992262002780837
exact,0,1678,011101000100,3.9529449923438658,3.5992262002780837
exact,0,1679,011101000101,3.858341922223299,3.5992262002780837
exact,0,1680,011101000110,3.8633949780652608,3.5992262002780837
exact,0,1681,011101000111,3.7690951180091683,3.5992262002780837
exact,0,1682,011101001000,3.9590347346505372,3.5992262002780837
exact,0,1683,011101001001,3.8633670749551494,3.5992262002780837
exact,0,1684,011101001010,3.8688916712843318,3.5992262002780837
exact,0,1685,011101001011,3.773236750885754,3.5992262002780837
exact,0,1686,011101001100,3.872170373718916,3.5992262002780837
exact,0,1687,011101001101,3.7758709371989627,3.5992262002780837
exact,0,1688,011101001110,3.778392315384617,3.5992262002780837
exact,0,1689,011101001111,3.6856768077660536,3.5992262002780837
exact,0,1690,011101010000,3.962306454441092,3.5992262002780837
exact,0,1691,011101010001,3.8660982091591953,3.5992262002780837
exact,0,1692,011101010010,3.871872648470854,3.5992262002780837
exact,0,1693,011101010011,3.7755223440784396,3.5992262002780837
exact,0,1694,011101010100,3.875296559922228,3.5992262002780837
exact,0,1695,011101010101,3.7782904601778324,3.5992262002780837
exact,0,1696,011101010110,3.780912250137581,3.5992262002780837
exact,0,1697,011101010111,3.687481335955581,3.5992262002780837
exact,0,1698,011101011000,3.8772945428596577,3.5992262002780837
exact,0,1699,011101011001,3.7799213348940377,3.5992262002780837
exact,0,1700,011101011010,3.7825964649942763,3.5992262002780837
exact,0,1701,011101011011,3.6887929571365947,3.5992262002780837
exact,0,1702,011101011100,3.7843158444106217,3.5992262002780837
exact,0,1703,011101011101,3.690202366233653,3.5992262002780837
exact,0,1704,011101011110,3.692085597262592,3.5992262002780837
exact,0,1705,011101100000,3.9640227882449977,3.5992262002780837
exact,0,1706,011101100001,3.8675437520035163,3.5992262002780837
exact,0,1707,011101100010,3.8734465262080295,3.5992262002780837
exact,0,1708,011101100011,3.7767455152952634,3.5992262002780837
exact,0,1709,011101100100,3.8769450650615935,3.5992262002780837
exact,0,1710,011101100101,3.77958248000871,3.5992262002780837
exact,0,1711,011101100110,3.78225560977842,3.5992262002780837
exact,0,1712,011101100111,3.6884634477027674,3.5992262002780837
exact,0,1713,011101101000,3.8789851625454683,3.5992262002780837
exact,0,1714,011101101001,3.7812522655151413,3.5992262002780837
exact,0,1715,011101101010,3.7839796630959954,3.5992262002780837
exact,0,1716,011101101011,3.689811440251014,3.5992262002780837
exact,0,1717,011101101100,3.7857318197090573,3.5992262002780837
exact,0,1718,011101101101,3.691251321265393,3.5992262002780837
exact,0,1719,011101101110,3.693171323723014,3.5992262002780837
exact,0,1720,011101101111,3.6027771069599543,3.5992262002780837
exact,0,1721,011101110000,3.8801807742664645,3.5992262002780837
exact,0,1722,011101110001,3.782240047360976,3.5992262002780837
exact,0,1723,011101110010,3.7849981829637893,3.5992262002780837
exact,0,1724,011101110011,3.690618720739323,3.5992262002780837
exact,0,1725,011101110100,3.7867695833505572,3.5992262002780837
exact,0,1726,011101110101,3.6920764676038496,3.5992262002780837
exact,0,1727,011101110110,3.6940179219025935,3.5992262002780837
exact,0,1728,011101110111,3.603415835155136,3.5992262002780837
exact,0,1729,011101111000,3.7879078360664686,3.5992262002780837
exact,0,1730,011101111001,3.693018431046581,3.5992262002780837
exact,0,1731,011101111010,3.694979797370238,3.5992262002780837
exact,0,1732,011101111011,3.604185740384453,3.5992262002780837
exact,0,1733,011110000000,4.008082510177298,3.5992262002780837
exact,0,1734,011110000001,3.9272473148498293,3.5992262002780837
exact,0,1735,011110000010,3.943591034139749,3.5992262002780837
exact,0,1736,011110000011,3.8507332733413784,3.5992262002780837
exact,0,1737,011110000100,3.954451694314996,3.5992262002780837
exact,0,1738,011110000101,3.8595529517508878,3.5992262002780837
exact,0,1739,011110000110,3.864732699887174,3.5992262002780837
exact,0,1740,011110000111,3.7700600934710686,3.5992262002780837
exact,0,1741,011110001000,3.9607029547125054,3.5992262002780837
exact,0,1742,011110001001,3.8647318352128988,3.5992262002780837
exact,0,1743,011110001010,3.8703937700075097,3.5992262002780837
exact,0,1744,011110001011,3.774351224080349,3.5992262002780837
exact,0,1745,011110001100,3.873752306711621,3.5992262002780837
exact,0,1746,011110001101,3.7770591281675814,3.5992262002780837
exact,0,1747,011110001110,3.779636033916649,3.5992262002780837
exact,0,1748,011110001111,3.6865222780741465,3.5992262002780837
exact,0,1749,011110010000,3.9640601636045516,3.5992262002780837
exact,0,1750,011110010001,3.867544454280767,3.5992262002780837
exact,0,1751,011110010010,3.873461998689563,3.5992262002780837
exact,0,1752,011110010011,3.776716223729038,3.5992262002780837
exact,0,1753,011110010100,3.876969165331276,3.5992262002780837
exact,0,1754,011110010101,3.7795612741179476,3.5992262002780837
exact,0,1755,011110010110,3.782240669425559,3.5992262002780837
exact,0,1756,011110010111,3.688402943039225,3.5992262002780837
exact,0,1757,011110011000,3.8790141771587177,3.5992262002780837
exact,0,1758,011110011001,3.7812356624157504,3.5992262002780837
exact,0,1759,011110011010,3.7839694206865726,3.5992262002780837
exact,0,1760,011110011011,3.6897552981011956,3.5992262002780837
exact,0,1761,011110011100,3.7857255929242477,3.5992262002780837
exact,0,1762,011110011101,3.691198937641601,3.5992262002780837
exact,0,1763,011110011110,3.6931235451294806,3.5992262002780837
exact,0,1764,011110100000,3.9658201218507263,3.5992262002780837
exact,0,1765,011110100001,3.8690316524499515,3.5992262002780837
exact,0,1766,011110100010,3.875080509873105,3.5992262002780837
exact,0,1767,011110100011,3.7779800723409864,3.5992262002780837
exact,0,1768,011110100100,3.878664072717525,3.5992262002780837
exact,0,1769,011110100101,3.780895635249886,3.5992262002780837
exact,0,1770,011110100110,3.7836274386963864,3.5992262002780837
exact,0,1771,011110100111,3.6894241337760505,3.5992262002780837
exact,0,1772,011110101000,3.8807521969594165,3.5992262002780837
exact,0,1773,011110101001,3.782609873082883,3.5992262002780837
exact,0,1774,011110101010,3.7853969929932307,3.5992262002780837
exact,0,1775,011110101011,3.6908137565703867,3.5992262002780837
exact,0,1776,011110101100,3.78718662491367,3.5992262002780837
exact,0,1777,011110101101,3.692288510483481,3.5992262002780837
exact,0,1778,011110101110,3.694250605947539,3.5992262002780837
exact,0,1779,011110101111,3.603448247673042,3.5992262002780837
exact,0,1780,011110110000,3.8819747849208213,3.5992262002780837
exact,0,1781,011110110001,3.7836226841287792,3.5992262002780837
exact,0,1782,011110110010,3.786441129933917,3.5992262002780837
exact,0,1783,011110110011,3.691644536673173,3.5992262002780837
exact,0,1784,011110110100,3.788250371012889,3.5992262002780837
exact,0,1785,011110110101,3.6931375005227682,3.5992262002780837
exact,0,1786,011110110110,3.695121423810953,3.5992262002780837
exact,0,1787,011110110111,3.6041090731990693,3.5992262002780837
exact,0,1788,011110111000,3.7894123431921583,3.5992262002780837
exact,0,1789,011110111001,3.6941015729105984,3.5992262002780837
exact,0,1790,011110111010,3.6961057215042334,3.5992262002780837
exact,0,1791,011110111011,3.604899795160103,3.5992262002780837
exact,0,1792,011110111100,3.697440429055977,3.5992262002780837
exact,0,1793,011110111101,3.605991709097118,3.5992262002780837
exact,0,1794,100000000000,6.125621075989078,3.5992262002780837
exact,0,1795,100000000001,5.822196331840865,3.5992262002780837
exact,0,1796,100000000010,5.42790866522233,3.5992262002780837
exact,0,1797,100000000011,5.324458219221098,3.5992262002780837
exact,0,1798,100000000100,5.161324643858835,3.5992262002780837
exact,0,1799,100000000101,5.01688692904293,3.5992262002780837
exact,0,1800,100000000110,4.8781659298321784,3.5992262002780837
exact,0,1801,100000000111,4.832586415628896,3.5992262002780837
exact,0,1802,100000001000,5.000415961146204,3.5992262002780837
exact,0,1803,100000001001,4.8244348470793454,3.5992262002780837
exact,0,1804,100000001010,4.649235867639939,3.5992262002780837
exact,0,1805,100000001011,4.588288937867094,3.5992262002780837
exact,0,1806,100000001100,4.552452923946623,3.5992262002780837
exact,0,1807,100000001101,4.483531163474733,3.5992262002780837
exact,0,1808,100000001110,4.443887990972175,3.5992262002780837
exact,0,1809,100000001111,4.406857119979046,3.5992262002780837
exact,0,1810,100000010000,4.9104302821331975,3.5992262002780837
exact,0,1811,100000010001,4.7150143381557825,3.5992262002780837
exact,0,1812,100000010010,4.515994269969675,3.5992262002780837
exact,0,1813,100000010011,4.444305045329466,3.5992262002780837
exact,0,1814,100000010100,4.402949507152033,3.5992262002780837
exact,0,1815,100000010101,4.320443729919663,3.5992262002780837
exact,0,1816,100000010110,4.2742263332930985,3.5992262002780837
exact,0,1817,100000010111,4.2271800627464025,3.5992262002780837
exact,0,1818,100000011000,4.344235147909542,3.5992262002780837
exact,0,1819,100000011001,4.255820087058641,3.5992262002780837
exact,0,1820,100000011010,4.207320019086901,3.5992262002780837
exact,0,1821,100000011011,4.155274771653951,3.5992262002780837
exact,0,1822,100000011100,4.183252491529863,3.5992262002780837
exact,0,1823,100000011101,4.129152098570461,3.5992262002780837
exact,0,1824,100000011110,4.119572416954344,3.5992262002780837
exact,0,1825,100000100000,4.861644501642616,3.5992262002780837
exact,0,1826,100000100001,4.655974723247855,3.5992262002780837
exact,0,1827,100000100010,4.444225777948629,3.5992262002780837
exact,0,1828,100000100011,4.36637530752532,3.5992262002780837
exact,0,1829,100000100100,4.322476726997159,3.5992262002780837
exact,0,1830,100000100101,4.232305677068752,3.5992262002780837
exact,0,1831,100000100110,4.18346251478405,3.5992262002780837
exact,0,1832,100000100111,4.129648856608072,3.5992262002780837
exact,0,1833,100000101000,4.258658107123847,3.5992262002780837
exact,0,1834,100000101001,4.1621585146394064,3.5992262002780837
exact,0,1835,100000101010,4.112619066188473,3.5992262002780837
exact,0,1836,100000101011,4.052121543665212,3.5992262002780837
exact,0,1837,100000101100,4.088618449224701,3.5992262002780837
exact,0,1838,100000101101,4.025365800465425,3.5992262002780837
exact,0,1839,100000101110,4.016188907432808,3.5992262002780837
exact,0,1840,100000101111,3.9612220805789997,3.5992262002780837
exact,0,1841,100000110000,4.227011904662809,3.5992262002780837
exact,0,1842,100000110001,4.12774914536918,3.5992262002780837
exact,0,1843,100000110010,4.079183367488882,3.5992262002780837
exact,0,1844,100000110011,4.014976193361808,3.5992262002780837
exact,0,1845,100000110100,4.056360146214659,3.5992262002780837
exact,0,1846,100000110101,3.9890941458865856,3.5992262002780837
exact,0,1847,100000110110,3.9806796300176788,3.5992262002780837
exact,0,1848,100000110111,3.920940833658043,3.5992262002780837
exact,0,1849,100000111000,4.045841678059584,3.5992262002780837
exact,0,1850,100000111001,3.9770337322392524,3.5992262002780837
exact,0,1851,100000111010,3.9690577304320604,3.5992262002780837
exact,0,1852,100000111011,3.9073583699229237,3.5992262002780837
exact,0,1853,100000111100,3.965170208053331,3.5992262002780837
exact,0,1854,100000111101,3.9026766613491617,3.5992262002780837
exact,0,1855,100001000000,4.835309139391385,3.5992262002780837
exact,0,1856,100001000001,4.624733049869173,3.5992262002780837
exact,0,1857,100001000010,4.407004905213539,3.5992262002780837
exact,0,1858,100001000011,4.326032161921619,3.5992262002780837
exact,0,1859,100001000100,4.281325376388699,3.5992262002780837
exact,0,1860,100001000101,4.187478669164522,3.5992262002780837
exact,0,1861,100001000110,4.13816552677183,3.5992262002780837
exact,0,1862,100001000111,4.0804824794473165,3.5992262002780837
exact,0,1863,100001001000,4.21529056925656,3.5992262002780837
exact,0,1864,100001001001,4.11540868113364,3.5992262002780837
exact,0,1865,100001001010,4.067629405735495,3.5992262002780837
exact,0,1866,100001001011,4.0022254918184,3.5992262002780837
exact,0,1867,100001001100,4.045518306437161,3.5992262002780837
exact,0,1868,100001001101,3.976972522526643,3.5992262002780837
exact,0,1869,100001001110,3.968960887857946,3.5992262002780837
exact,0,1870,100001001111,3.9075712699546177,3.5992262002780837
exact,0,1871,100001010000,4.182291434997818,3.5992262002780837
exact,0,1872,100001010001,4.080289055926366,3.5992262002780837
exact,0,1873,100001010010,4.036041978942751,3.5992262002780837
exact,0,1874,100001010011,3.966346194739109,3.5992262002780837
exact,0,1875,100001010100,4.017456639911547,3.5992262002780837
exact,0,1876,100001010101,3.9443675980718207,3.5992262002780837
exact,0,1877,100001010110,3.9383995020819746,3.5992262002780837
exact,0,1878,100001010111,3.8706177372848947,3.5992262002780837
exact,0,1879,100001011000,4.0098191737918425,3.5992262002780837
exact,0,1880,100001011001,3.9350716580148544,3.5992262002780837
exact,0,1881,100001011010,3.930279444235496,3.5992262002780837
exact,0,1882,100001011011,3.8598133005294923,3.5992262002780837
exact,0,1883,100001011100,3.9281983654621118,3.5992262002780837
exact,0,1884,100001011101,3.856657674567333,3.5992262002780837
exact,0,1885,100001011110,3.8557917640229435,3.5992262002780837
exact,0,1886,100001100000,4.166248531305994,3.5992262002780837
exact,0,1887,100001100001,4.0636430607581895,3.5992262002780837
exact,0,1888,100001100010,4.022302773431836,3.5992262002780837
exact,0,1889,100001100011,3.9504721075339133,3.5992262002780837
exact,0,1890,100001100100,4.006587281677776,3.5992262002780837
exact,0,1891,100001100101,3.9313203118980646,3.5992262002780837
exact,0,1892,100001100110,3.926993120131082,3.5992262002780837
exact,0,1893,100001100111,3.8556151472222204,3.5992262002780837
exact,0,1894,100001101000,4.000956267456676,3.5992262002780837
exact,0,1895,100001101001,3.924067699802791,3.5992262002780837
exact,0,1896,100001101010,3.921450817344932,3.5992262002780837
exact,0,1897,100001101011,3.847007041944472,3.5992262002780837
exact,0,1898,100001101100,3.920631107681207,3.5992262002780837
exact,0,1899,100001101101,3.844965980274851,3.5992262002780837
exact,0,1900,100001101110,3.8447345116475335,3.5992262002780837
exact,0,1901,100001101111,3.7723276871561953,3.5992262002780837
exact,0,1902,100001110000,3.99889367717464,3.5992262002780837
exact,0,1903,100001110001,3.921263950287412,3.5992262002780837
exact,0,1904,100001110010,3.9196588536090298,3.5992262002780837
exact,0,1905,100001110011,3.8436362139616693,3.5992262002780837
exact,0,1906,100001110100,3.919433459516132,3.5992262002780837
exact,0,1907,100001110101,3.842127008946765,3.5992262002780837
exact,0,1908,100001110110,3.8421875522759485,3.5992262002780837
exact,0,1909,100001110111,3.767998735917813,3.5992262002780837
exact,0,1910,100001111000,3.9195246175458105,3.5992262002780837
exact,0,1911,100001111001,3.841555252349644,3.5992262002780837
exact,0,1912,100001111010,3.8417405709344417,3.5992262002780837
exact,0,1913,100001111011,3.7668263978851204,3.5992262002780837
exact,0,1914,100010000000,4.821231366740412,3.5992262002780837
exact,0,1915,100010000001,4.608440709686272,3.5992262002780837
exact,0,1916,100010000010,4.388108865067718,3.5992262002780837
exact,0,1917,100010000011,4.305655095508464,3.5992262002780837
exact,0,1918,100010000100,4.260813733057316,3.5992262002780837
exact,0,1919,100010000101,4.1653322438442215,3.5992262002780837
exact,0,1920,100010000110,4.116191982222196,3.5992262002780837
exact,0,1921,100010000111,4.05651800142612,3.5992262002780837
exact,0,1922,100010001000,4.193926771067305,3.5992262002780837
exact,0,1923,100010001001,4.0928066960465195,3.5992262002780837
exact,0,1924,100010001010,4.046970674370071,3.5992262002780837
exact,0,1925,100010001011,3.979051391455322,3.5992262002780837
exact,0,1926,100010001100,4.026718317994291,3.5992262002780837
exact,0,1927,100010001101,3.9554974243140597,3.5992262002780837
exact,0,1928,100010001110,3.9485490965405723,3.5992262002780837
exact,0,1929,100010001111,3.8835167901674326,3.5992262002780837
exact,0,1930,100010010000,4.160328091220024,3.5992262002780837
exact,0,1931,100010010001,4.0577123172206155,3.5992262002780837
exact,0,1932,100010010010,4.017558320963681,3.5992262002780837
exact,0,1933,100010010011,3.945096648644945,3.5992262002780837
exact,0,1934,100010010100,4.002946841924638,3.5992262002780837
exact,0,1935,100010010101,3.9270569259325705,3.5992262002780837
exact,0,1936,100010010110,3.9233435099060627,3.5992262002780837
exact,0,1937,100010010111,3.850828188967865,3.5992262002780837
exact,0,1938,100010011000,3.998079510282248,3.5992262002780837
exact,0,1939,100010011001,3.9205961972818533,3.5992262002780837
exact,0,1940,100010011010,3.9187889656827966,3.5992262002780837
exact,0,1941,100010011011,3.843086555736288,3.5992262002780837
exact,0,1942,100010011100,3.918440738684789,3.5992262002780837
exact,0,1943,100010011101,3.8414704136361806,3.5992262002780837
exact,0,1944,100010011110,3.8414704772700157,3.5992262002780837
exact,0,1945,100010100000,4.143780420338725,3.5992262002780837
exact,0,1946,100010100001,4.041080430015219,3.5992262002780837
exact,0,1947,100010100010,4.005539467195638,3.5992262002780837
exact,0,1948,100010100011,3.9308592340875417,3.5992262002780837
exact,0,1949,100010100100,3.9955944327191673,3.5992262002780837
exact,0,1950,100010100101,3.917603691033436,3.5992262002780837
exact,0,1951,100010100110,3.916582105554984,3.5992262002780837
exact,0,1952,100010100111,3.83973506031755,3.5992262002780837
exact,0,1953,100010101000,3.9941058703484136,3.5992262002780837
exact,0,1954,100010101001,3.9147194361940705,3.5992262002780837
exact,0,1955,100010101010,3.9165707035114585,3.5992262002780837
exact,0,1956,100010101011,3.8360146171895932,3.5992262002780837
exact,0,1957,100010101100,3.9183959284219423,3.5992262002780837
exact,0,1958,100010101101,3.8363726286786153,3.5992262002780837
exact,0,1959,100010101110,3.837417621748295,3.5992262002780837
exact,0,1960,100010101111,3.7580099673163727,3.5992262002780837
exact,0,1961,100010110000,3.9944675717005818,3.5992262002780837
exact,0,1962,100010110001,3.914514544763659,3.5992262002780837
exact,0,1963,100010110010,3.918111498559051,3.5992262002780837
exact,0,1964,100010110011,3.835615613392843,3.5992262002780837
exact,0,1965,100010110100,3.92099222509838,3.5992262002780837
exact,0,1966,100010110101,3.8369434551322374,3.5992262002780837
exact,0,1967,100010110110,3.8384851902162143,3.5992262002780837
exact,0,1968,100010110111,3.756782005987285,3.5992262002780837
exact,0,1969,100010111000,3.922775311756232,3.5992262002780837
exact,0,1970,100010111001,3.8379197674026213,3.5992262002780837
exact,0,1971,100010111010,3.839674375318159,3.5992262002780837
exact,0,1972,100010111011,3.757045053521128,3.5992262002780837
exact,0,1973,100010111100,3.8407745562985953,3.5992262002780837
exact,0,1974,100010111101,3.757681552656736,3.5992262002780837
exact,0,1975,100011000000,4.135799086093041,3.5992262002780837
exact,0,1976,100011000001,4.0332705967898805,3.5992262002780837
exact,0,1977,100011000010,4.000515376577485,3.5992262002780837
exact,0,1978,100011000011,3.9248058367393592,3.5992262002780837
exact,0,1979,100011000100,3.9934412499330625,3.5992262002780837
exact,0,1980,100011000101,3.914554646598786,3.5992262002780837
exact,0,1981,100011000110,3.9152058532610936,3.5992262002780837
exact,0,1982,100011000111,3.8361125058824967,3.5992262002780837
exact,0,1983,100011001000,3.9940838709590265,3.5992262002780837
exact,0,1984,100011001001,3.9139736732740538,3.5992262002780837
exact,0,1985,100011001010,3.9181412522885735,3.5992262002780837
exact,0,1986,100011001011,3.8350474479373107,3.5992262002780837
exact,0,1987,100011001100,3.921366198041085,3.5992262002780837
exact,0,1988,100011001101,3.8366947165311336,3.5992262002780837
exact,0,1989,100011001110,3.838397514119878,3.5992262002780837
exact,0,1990,100011001111,3.755984718303473,3.5992262002780837
exact,0,1991,100011010000,3.995722851086181,3.5992262002780837
exact,0,1992,100011010001,3.9151732697185557,3.5992262002780837
exact,0,1993,100011010010,3.9215063187498673,3.5992262002780837
exact,0,1994,100011010011,3.8363060833247635,3.5992262002780837
exact,0,1995,100011010100,3.9260584957178994,3.5992262002780837
exact,0,1996,100011010101,3.8391837764905175,3.5992262002780837
exact,0,1997,100011010110,3.841502281759773,3.5992262002780837
exact,0,1998,100011010111,3.756539541854969,3.5992262002780837
exact,0,1999,100011011000,3.9287634948747563,3.5992262002780837
exact,0,2000,100011011001,3.841016373529828,3.5992262002780837
exact,0,2001,100011011010,3.8435992423236547,3.5992262002780837
exact,0,2002,100011011011,3.7576109329033223,3.5992262002780837
exact,0,2003,100011011100,3.8451760841051525,3.5992262002780837
exact,0,2004,100011011101,3.7586813979007907,3.5992262002780837
exact,0,2005,100011011110,3.7599747973676965,3.5992262002780837
exact,0,2006,100011100000,3.996867534626095,3.5992262002780837
exact,0,2007,100011100001,3.9161559657717047,3.5992262002780837
exact,0,2008,100011100010,3.923649775802027,3.5992262002780837
exact,0,2009,100011100011,3.83740579690094,3.5992262002780837
exact,0,2010,100011100100,3.928919408227683,3.5992262002780837
exact,0,2011,100011100101,3.8409520008152374,3.5992262002780837
exact,0,2012,100011100110,3.843600731167936,3.5992262002780837
exact,0,2013,100011100111,3.7573560102855494,3.5992262002780837
exact,0,2014,100011101000,3.9320227329232433,3.5992262002780837
exact,0,2015,100011101001,3.843156421906761,3.5992262002780837
exact,0,2016,100011101010,3.8460926481828794,3.5992262002780837
exact,0,2017,100011101011,3.7587805728143704,3.5992262002780837
exact,0,2018,100011101100,3.847873119637649,3.5992262002780837
exact,0,2019,100011101101,3.7600369249962085,3.5992262002780837
exact,0,2020,100011101110,3.7614819002227464,3.5992262002780837
exact,0,2021,100011101111,3.677274002573385,3.5992262002780837
exact,0,2022,100011110000,3.933723311761501,3.5992262002780837
exact,0,2023,100011110001,3.84440141813212,3.5992262002780837
exact,0,2024,100011110010,3.847488547209183,3.5992262002780837
exact,0,2025,100011110011,3.7596317406554927,3.5992262002780837
exact,0,2026,100011110100,3.849356021117421,3.5992262002780837
exact,0,2027,100011110101,3.7609674582015398,3.5992262002780837
exact,0,2028,100011110110,3.7624764779983044,3.5992262002780837
exact,0,2029,100011110111,3.677715662586432,3.5992262002780837
exact,0,2030,100100000000,4.81395490582241,3.5992262002780837
exact,0,2031,100100000001,4.600192047850307,3.5992262002780837
exact,0,2032,100100000010,4.3787635556069855,3.5992262002780837
exact,0,2033,100100000011,4.29562969479353,3.5992262002780837
exact,0,2034,100100000100,4.250827420825605,3.5992262002780837
exact,0,2035,100100000101,4.154633888831407,3.5992262002780837
exact,0,2036,100100000110,4.105710527291793,3.5992262002780837
exact,0,2037,100100000111,4.045072434429272,3.5992262002780837
exact,0,2038,100100001000,4.183628374632065,3.5992262002780837
exact,0,2039,100100001001,4.082067419114433,3.5992262002780837
exact,0,2040,100100001010,4.037506863481844,3.5992262002780837
exact,0,2041,100100001011,3.9683800730771037,3.5992262002780837
exact,0,2042,100100001100,4.018450058643438,3.5992262002780837
exact,0,2043,100100001101,3.945963409480599,3.5992262002780837
exact,0,2044,100100001110,3.939687152893036,3.5992262002780837
exact,0,2045,100100001111,3.8727944105630767,3.5992262002780837
exact,0,2046,100100010000,4.149770171249756,3.5992262002780837
exact,0,2047,100100010001,4.04711635785462,3.5992262002780837
exact,0,2048,100100010010,4.009572188623019,3.5992262002780837
exact,0,2049,100100010011,3.935808439572732,3.5992262002780837
exact,0,2050,100100010100,3.99752372966127,3.5992262002780837
exact,0,2051,100100010101,3.920379449842071,3.5992262002780837
exact,0,2052,100100010110,3.918124880732971,3.5992262002780837
exact,0,2053,100100010111,3.8431407455430344,3.5992262002780837
exact,0,2054,100100011000,3.994482042798259,3.5992262002780837
exact,0,2055,100100011001,3.9158367021101435,3.5992262002780837
exact,0,2056,100100011010,3.915990747007794,3.5992262002780837
exact,0,2057,100100011011,3.8375342956057428,3.5992262002780837
exact,0,2058,100100011100,3.916799269117514,3.5992262002780837
exact,0,2059,100100011101,3.8369657753694177,3.5992262002780837
exact,0,2060,100100011110,3.8375261893622366,3.5992262002780837
exact,0,2061,100100100000,4.132946262804189,3.5992262002780837
exact,0,2062,100100100001,4.030548004945617,3.5992262002780837
exact,0,2063,100100100010,3.9987187672817632,3.5992262002780837
exact,0,2064,100100100011,3.9227256700315816,3.5992262002780837
exact,0,2065,100100100100,3.9925584565039913,3.5992262002780837
exact,0,2066,100100100101,3.9134369342516933,3.5992262002780837
exact,0,2067,100100100110,3.9146106457334473,3.5992262002780837
exact,0,2068,100100100111,3.8348680583533152,3.5992262002780837
exact,0,2069,100100101000,3.9938735355050117,3.5992262002780837
exact,0,2070,100100101001,3.913586533418456,3.5992262002780837
exact,0,2071,100100101010,3.9184749106266414,3.5992262002780837
exact,0,2072,100100101011,3.834649548522308,3.5992262002780837
exact,0,2073,100100101100,3.922136789625404,3.5992262002780837
exact,0,2074,100100101101,3.836702677781942,3.5992262002780837
exact,0,2075,100100101110,3.8386092121779596,3.5992262002780837
exact,0,2076,100100101111,3.75532247898212,3.5992262002780837
exact,0,2077,100100110000,3.995915779977802,3.5992262002780837
exact,0,2078,100100110001,3.9152318262651797,3.5992262002780837
exact,0,2079,100100110010,3.9224164226252363,3.5992262002780837
exact,0,2080,100100110011,3.836437190429012,3.5992262002780837
exact,0,2081,100100110100,3.9274911398523704,3.5992262002780837
exact,0,2082,100100110101,3.839803192917197,3.5992262002780837
exact,0,2083,100100110110,3.842362766232662,3.5992262002780837
exact,0,2084,100100110111,3.756451452269088,3.5992262002780837
exact,0,2085,100100111000,3.930485370619021,3.5992262002780837
exact,0,2086,100100111001,3.8419064328347496,3.5992262002780837
exact,0,2087,100100111010,3.8447465741506806,3.5992262002780837
exact,0,2088,100100111011,3.75778047936836,3.5992262002780837
exact,0,2089,100100111100,3.8464716840202673,3.5992262002780837
exact,0,2090,100100111101,3.758986673157817,3.5992262002780837
exact,0,2091,100101000000,4.124736258942462,3.5992262002780837
exact,0,2092,100101000001,4.022725470678898,3.5992262002780837
exact,0,2093,100101000010,3.9943789870198927,3.5992262002780837
exact,0,2094,100101000011,3.917367021020427,3.5992262002780837
exact,0,2095,100101000100,3.9918949437737883,3.5992262002780837
exact,0,2096,100101000101,3.91199015258158,3.5992262002780837
exact,0,2097,100101000110,3.9153354369718074,3.5992262002780837
exact,0,2098,100101000111,3.833097787134642,3.5992262002780837
exact,0,2099,100101001000,3.996014069041382,3.5992262002780837
exact,0,2100,100101001001,3.9152244995743017,3.5992262002780837
exact,0,2101,100101001010,3.9231823082097255,3.5992262002780837
exact,0,2102,100101001011,3.8365163112593876,3.5992262002780837
exact,0,2103,100101001100,3.928732337617185,3.5992262002780837
exact,0,2104,100101001101,3.840327849827568,3.5992262002780837
exact,0,2105,100101001110,3.8431061357305727,3.5992262002780837
exact,0,2106,100101001111,3.756355412970677,3.5992262002780837
exact,0,2107,100101010000,3.99977233692436,3.5992262002780837
exact,0,2108,100101010001,3.9187924136948156,3.5992262002780837
exact,0,2109,100101010010,3.9296498090773824,3.5992262002780837
exact,0,2110,100101010011,3.8406292935028663,3.5992262002780837
exact,0,2111,100101010100,3.9370137816942417,3.5992262002780837
exact,0,2112,100101010101,3.8461413601811554,3.5992262002780837
exact,0,2113,100101010110,3.849746692948821,3.5992262002780837
exact,0,2114,100101010111,3.7600440839322746,3.5992262002780837
exact,0,2115,100101011000,3.9412860035319475,3.5992262002780837
exact,0,2116,100101011001,3.849444700201933,3.5992262002780837
exact,0,2117,100101011010,3.853406428668938,3.5992262002780837
exact,0,2118,100101011011,3.7625210016195685,3.5992262002780837
exact,0,2119,100101011100,3.855779100386804,3.5992262002780837
exact,0,2120,100101011101,3.7643206821428543,3.5992262002780837
exact,0,2121,100101011110,3.766199693171123,3.5992262002780837
exact,0,2122,100101100000,4.002048092471406,3.5992262002780837
exact,0,2123,100101100001,3.921051278573672,3.5992262002780837
exact,0,2124,100101100010,3.9334822666515414,3.5992262002780837
exact,0,2125,100101100011,3.843288376286295,3.5992262002780837
exact,0,2126,100101100100,3.9418408492580217,3.5992262002780837
exact,0,2127,100101100101,3.849737605062309,3.5992262002780837
exact,0,2128,100101100110,3.8537930961477826,3.5992262002780837
exact,0,2129,100101100111,3.762592313481132,3.5992262002780837
exact,0,2130,100101101000,3.9466729321088923,3.5992262002780837
exact,0,2131,100101101001,3.8535694479685025,3.5992262002780837
exact,0,2132,100101101010,3.858016071359231,3.5992262002780837
exact,0,2133,100101101011,3.7655780338421376,3.5992262002780837
exact,0,2134,100101101100,3.8606693495629085,3.5992262002780837
exact,0,2135,100101101101,3.7676356049698616,3.5992262002780837
exact,0,2136,100101101110,3.7697158293517368,3.5992262002780837
exact,0,2137,100101101111,3.680294486681156,3.5992262002780837
exact,0,2138,100101110000,3.9492808348173463,3.5992262002780837
exact,0,2139,100101110001,3.855669831141724,3.5992262002780837
exact,0,2140,100101110010,3.860322890578619,3.5992262002780837
exact,0,2141,100101110011,3.767251400256175,3.5992262002780837
exact,0,2142,100101110100,3.8630957224152613,3.5992262002780837
exact,0,2143,100101110101,3.7694188084816473,3.5992262002780837
exact,0,2144,100101110110,3.771583668134438,3.5992262002780837
exact,0,2145,100101110111,3.681514170187145,3.5992262002780837
exact,0,2146,100101111000,3.864725797367794,3.5992262002780837
exact,0,2147,100101111001,3.7707097784935217,3.5992262002780837
exact,0,2148,100101111010,3.772920152062149,3.5992262002780837
exact,0,2149,100101111011,3.682508188449174,3.5992262002780837
exact,0,2150,100110000000,4.120835551891274,3.5992262002780837
exact,0,2151,100110000001,4.01907669175537,3.5992262002780837
exact,0,2152,100110000010,3.992556716299727,3.5992262002780837
exact,0,2153,100110000011,3.9150845783551245,3.5992262002780837
exact,0,2154,100110000100,3.9920264001709462,3.5992262002780837
exact,0,2155,100110000101,3.9118063005900625,3.5992262002780837
exact,0,2156,100110000110,3.9163155066916215,3.5992262002780837
exact,0,2157,100110000111,3.8328586416082038,3.5992262002780837
exact,0,2158,100110001000,3.997660985491114,3.5992262002780837
exact,0,2159,100110001001,3.916724967436417,3.5992262002780837
exact,0,2160,100110001010,3.9263497820270383,3.5992262002780837
exact,0,2161,100110001011,3.838289585068744,3.5992262002780837
exact,0,2162,100110001100,3.932937029209972,3.5992262002780837
exact,0,2163,100110001101,3.843073148812251,3.5992262002780837
exact,0,2164,100110001110,3.8463257379965823,3.5992262002780837
exact,0,2165,100110001111,3.7578414016031445,3.5992262002780837
exact,0,2166,100110010000,4.002359365982156,3.5992262002780837
exact,0,2167,100110010001,3.9213577566263935,3.5992262002780837
exact,0,2168,100110010010,3.9342268838032104,3.5992262002780837
exact,0,2169,100110010011,3.8437096017665504,3.5992262002780837
exact,0,2170,100110010100,3.9428612141288095,3.5992262002780837
exact,0,2171,100110010101,3.850420055296919,3.5992262002780837
exact,0,2172,100110010110,3.8546003507008626,3.5992262002780837
exact,0,2173,100110010111,3.7629890296222066,3.5992262002780837
exact,0,2174,100110011000,3.9478484308732633,3.5992262002780837
exact,0,2175,100110011001,3.8543990517803457,3.5992262002780837
exact,0,2176,100110011010,3.85897982800099,3.5992262002780837
exact,0,2177,100110011011,3.76611712001962,3.5992262002780837
exact,0,2178,100110011100,3.8617108670609923,3.5992262002780837
exact,0,2179,100110011101,3.7682464946154592,3.5992262002780837
exact,0,2180,100110011110,3.770382624281038,3.5992262002780837
exact,0,2181,100110100000,4.0051422285736455,3.5992262002780837
exact,0,2182,100110100001,3.92419685204656,3.5992262002780837
exact,0,2183,100110100010,3.9388361156885585,3.5992262002780837
exact,0,2184,100110100011,3.8470914580617093,3.5992262002780837
exact,0,2185,100110100100,3.948599874813631,3.5992262002780837
exact,0,2186,100110100101,3.8548704627726,3.5992262002780837
exact,0,2187,100110100110,3.859558946691001,3.5992262002780837
exact,0,2188,100110100111,3.766354075212041,3.5992262002780837
exact,0,2189,100110101000,3.9542266736173324,3.5992262002780837
exact,0,2190,100110101001,3.859455713618374,3.5992262002780837
exact,0,2191,100110101010,3.8645854730781535,3.5992262002780837
exact,0,2192,100110101011,3.770068751216509,3.5992262002780837
exact,0,2193,100110101100,3.867634873161209,3.5992262002780837
exact,0,2194,100110101101,3.7724914294090675,3.5992262002780837
exact,0,2195,100110101110,3.774852565985164,3.5992262002780837
exact,0,2196,100110101111,3.6833051401823287,3.5992262002780837
exact,0,2197,100110110000,3.9572536438469705,3.5992262002780837
exact,0,2198,100110110001,3.8619539356240455,3.5992262002780837
exact,0,2199,100110110010,3.8673171706632194,3.5992262002780837
exact,0,2200,100110110011,3.7721278094427677,3.5992262002780837
exact,0,2201,100110110100,3.8705020883233883,3.5992262002780837
exact,0,2202,100110110101,3.774675311189623,3.5992262002780837
exact,0,2203,100110110110,3.7771309468634597,3.5992262002780837
exact,0,2204,100110110111,3.6848928873663636,3.5992262002780837
exact,0,2205,100110111000,3.87236508110394,3.5992262002780837
exact,0,2206,100110111001,3.7761814077112326,3.5992262002780837
exact,0,2207,100110111010,3.778687466547517,3.5992262002780837
exact,0,2208,100110111011,3.6860878349412385,3.5992262002780837
exact,0,2209,100110111100,3.780300730348665,3.5992262002780837
exact,0,2210,100110111101,3.6873985764792767,3.5992262002780837
exact,0,2211,100111000000,4.006600361985261,3.5992262002780837
exact,0,2212,100111000001,3.9257045460580575,3.5992262002780837
exact,0,2213,100111000010,3.941234018133481,3.5992262002780837
exact,0,2214,100111000011,3.848898646864032,3.5992262002780837
exact,0,2215,100111000100,3.9515691412543243,3.5992262002780837
exact,0,2216,100111000101,3.857219503888662,3.5992262002780837
exact,0,2217,100111000110,3.8621642077963356,3.5992262002780837
exact,0,2218,100111000111,3.768184162175514,3.5992262002780837
exact,0,2219,100111001000,3.9575207280488693,3.5992262002780837
exact,0,2220,100111001001,3.862113360493221,3.5992262002780837
exact,0,2221,100111001010,3.8675204211904464,3.5992262002780837
exact,0,2222,100111001011,3.77219831148112,3.5992262002780837
exact,0,2223,100111001100,3.870730848397685,3.5992262002780837
exact,0,2224,100111001101,3.7747695490538455,3.5992262002780837
exact,0,2225,100111001110,3.7772434950697087,3.5992262002780837
exact,0,2226,100111001111,3.6848700065579556,3.5992262002780837
exact,0,2227,100111010000,3.960719349581533,3.5992262002780837
exact,0,2228,100111010001,3.8647749165629177,3.5992262002780837
exact,0,2229,100111010010,3.8704268506609028,3.5992262002780837
exact,0,2230,100111010011,3.774416197506944,3.5992262002780837
exact,0,2231,100111010100,3.8737795432392024,3.5992262002780837
exact,0,2232,100111010101,3.777118598941745,3.5992262002780837
exact,0,2233,100111010110,3.7796911690537915,3.5992262002780837
exact,0,2234,100111010111,3.6866097341352595,3.5992262002780837
exact,0,2235,100111011000,3.8757373208018704,3.5992262002780837
exact,0,2236,100111011001,3.778712322307837,3.5992262002780837
exact,0,2237,100111011010,3.7813373540808017,3.5992262002780837
exact,0,2238,100111011011,3.687886626461786,3.5992262002780837
exact,0,2239,100111011100,3.7830253052383944,3.5992262002780837
exact,0,2240,100111011101,3.68926681685402,3.5992262002780837
exact,0,2241,100111011110,3.691114718121844,3.5992262002780837
exact,0,2242,100111100000,3.962398395962879,3.5992262002780837
exact,0,2243,100111100001,3.8661849000074575,3.5992262002780837
exact,0,2244,100111100010,3.871962604437174,3.5992262002780837
exact,0,2245,100111100011,3.7756046893253736,3.5992262002780837
exact,0,2246,100111100100,3.875388403547271,3.5992262002780837
exact,0,2247,100111100101,3.778374509620942,3.5992262002780837
exact,0,2248,100111100110,3.780997501133434,3.5992262002780837
exact,0,2249,100111100111,3.6875585855780306,3.5992262002780837
exact,0,2250,100111101000,3.8773874385362053,3.5992262002780837
exact,0,2251,100111101001,3.7800063379323685,3.5992262002780837
exact,0,2252,100111101010,3.7826826966393416,3.5992262002780837
exact,0,2253,100111101011,3.6888710803557028,3.5992262002780837
exact,0,2254,100111101100,3.784402838726836,3.5992262002780837
exact,0,2255,100111101101,3.690281191028527,3.5992262002780837
exact,0,2256,100111101110,3.6921652483570218,3.5992262002780837
exact,0,2257,100111101111,3.6021217236765914,3.5992262002780837
exact,0,2258,101000000000,4.8103702381842455,3.5992262002780837
exact,0,2259,101000000001,4.596182183978229,3.5992262002780837
exact,0,2260,101000000010,4.374290668921818,3.5992262002780837
exact,0,2261,101000000011,4.290848968107175,3.5992262002780837
exact,0,2262,101000000100,4.2460970144341825,3.5992262002780837
exact,0,2263,101000000101,4.149592269841621,3.5992262002780837
exact,0,2264,101000000110,4.1008065875164545,3.5992262002780837
exact,0,2265,101000000111,4.039717803813849,3.5992262002780837
exact,0,2266,101000001000,4.178781875519946,3.5992262002780837
exact,0,2267,101000001001,4.077057034347875,3.5992262002780837
exact,0,2268,101000001010,4.033180670868357,3.5992262002780837
exact,0,2269,101000001011,3.9634932805052503,3.5992262002780837
exact,0,2270,101000001100,4.0147607814262125,3.5992262002780837
exact,0,2271,101000001101,3.9416921538293916,3.5992262002780837
exact,0,2272,101000001110,3.9357717148046008,3.5992262002780837
exact,0,2273,101000001111,3.8679863374440195,3.5992262002780837
exact,0,2274,101000010000,4.144811799132288,3.5992262002780837
exact,0,2275,101000010001,4.0422090180695305,3.5992262002780837
exact,0,2276,101000010010,4.006051456050478,3.5992262002780837
exact,0,2277,101000010011,3.9316914270234435,3.5992262002780837
exact,0,2278,101000010100,3.9953749100323015,3.5992262002780837
exact,0,2279,101000010101,3.917676520966897,3.5992262002780837
exact,0,2280,101000010110,3.9162054664216464,3.5992262002780837
exact,0,2281,101000010111,3.840024498693662,3.5992262002780837
exact,0,2282,101000011000,3.993322396853595,3.5992262002780837
exact,0,2283,101000011001,3.9141852623503675,3.5992262002780837
exact,0,2284,101000011010,3.915402100302392,3.5992262002780837
exact,0,2285,101000011011,3.835605000489359,3.5992262002780837
exact,0,2286,101000011100,3.9168429813645536,3.5992262002780837
exact,0,2287,101000011101,3.835614005697064,3.5992262002780837
exact,0,2288,101000011110,3.836476635573322,3.5992262002780837
exact,0,2289,101000100000,4.127848423831617,3.5992262002780837
exact,0,2290,101000100001,4.0256846179889125,3.5992262002780837
exact,0,2291,101000100010,3.995834952910623,3.5992262002780837
exact,0,2292,101000100011,3.919250028615036,3.5992262002780837
exact,0,2293,101000100100,3.9917218252834243,3.5992262002780837
exact,0,2294,101000100101,3.912131805759355,3.5992262002780837
exact,0,2295,101000100110,3.9145027394278737,3.5992262002780837
exact,0,2296,101000100111,3.8333453473489616,3.5992262002780837
exact,0,2297,101000101000,3.9945806881906054,3.5992262002780837
exact,0,2298,101000101001,3.9139724178347977,3.5992262002780837
exact,0,2299,101000101010,3.9205397623418476,3.5992262002780837
exact,0,2300,101000101011,3.8351088551558465,3.5992262002780837
exact,0,2301,101000101100,3.92522936908259,3.5992262002780837
exact,0,2302,101000101101,3.8381179550080846,3.5992262002780837
exact,0,2303,101000101110,3.8405006260447925,3.5992262002780837
exact,0,2304,101000101111,3.755270038004008,3.5992262002780837
exact,0,2305,101000110000,3.997561373645394,3.5992262002780837
exact,0,2306,101000110001,3.9166642185724707,3.5992262002780837
exact,0,2307,101000110010,3.9258493164271324,3.5992262002780837
exact,0,2308,101000110011,3.838154089357224,3.5992262002780837
exact,0,2309,101000110100,3.932164320252407,3.5992262002780837
exact,0,2310,101000110101,3.842681220067144,3.5992262002780837
exact,0,2311,101000110110,3.8458093042431587,3.5992262002780837
exact,0,2312,101000110111,3.757776377786515,3.5992262002780837
exact,0,2313,101000111000,3.935848879980704,3.5992262002780837
exact,0,2314,101000111001,3.845431762456319,3.5992262002780837
exact,0,2315,101000111010,3.8488806067475707,3.5992262002780837
exact,0,2316,101000111011,3.759723363439243,3.5992262002780837
exact,0,2317,101000111100,3.850956919050626,3.5992262002780837
exact,0,2318,101000111101,3.7612512394808104,3.5992262002780837
exact,0,2319,101001000000,4.1195136237596675,3.5992262002780837
exact,0,2320,101001000001,4.01785573931123,3.5992262002780837
exact,0,2321,101001000010,3.9918709738207676,3.5992262002780837
exact,0,2322,101001000011,3.9142789413453873,3.5992262002780837
exact,0,2323,101001000100,3.991888879442328,3.5992262002780837
exact,0,2324,101001000101,3.911590005619859,3.5992262002780837
exact,0,2325,101001000110,3.916419534078616,3.5992262002780837
exact,0,2326,101001000111,3.8326378284701463,3.5992262002780837
exact,0,2327,101001001000,3.9979434840637866,3.5992262002780837
exact,0,2328,101001001001,3.9169755309847156,3.5992262002780837
exact,0,2329,101001001010,3.9270561024065196,3.5992262002780837
exact,0,2330,101001001011,3.8386262624212897,3.5992262002780837
exact,0,2331,101001001100,3.9339270073431125,3.5992262002780837
exact,0,2332,101001001101,3.8436768618064243,3.5992262002780837
exact,0,2333,101001001110,3.8470588667930814,3.5992262002780837
exact,0,2334,101001001111,3.758113908194668,3.5992262002780837
exact,0,2335,101001010000,4.002901804389213,3.5992262002780837
exact,0,2336,101001010001,3.9219027744515365,3.5992262002780837
exact,0,2337,101001010010,3.9353209999247736,3.5992262002780837
exact,0,2338,101001010011,3.844407695574221,3.5992262002780837
exact,0,2339,101001010100,3.944302540388488,3.5992262002780837
exact,0,2340,101001010101,3.8514470286852704,3.5992262002780837
exact,0,2341,101001010110,3.855784137762841,3.5992262002780837
exact,0,2342,101001010111,3.763666280798046,3.5992262002780837
exact,0,2343,101001011000,3.949485559555575,3.5992262002780837
exact,0,2344,101001011001,3.8556117637445144,3.5992262002780837
exact,0,2345,101001011010,3.8603613773828913,3.5992262002780837
exact,0,2346,101001011011,3.766974131719924,3.5992262002780837
exact,0,2347,101001011100,3.8631903152910922,3.5992262002780837
exact,0,2348,101001011101,3.7691938593699588,3.5992262002780837
exact,0,2349,101001011110,3.771399962449237,3.5992262002780837
exact,0,2350,101001100000,4.00582492794302,3.5992262002780837
exact,0,2351,101001100001,3.9249023719329386,3.5992262002780837
exact,0,2352,101001100010,3.9401441788059333,3.5992262002780837
exact,0,2353,101001100011,3.8479895589112028,3.5992262002780837
exact,0,2354,101001100100,3.950292079491294,3.5992262002780837
exact,0,2355,101001100101,3.856133515101167,3.5992262002780837
exact,0,2356,101001100110,3.8609946860217716,3.5992262002780837
exact,0,2357,101001100111,3.7672581419050797,3.5992262002780837
exact,0,2358,101001101000,3.95613664155565,3.5992262002780837
exact,0,2359,101001101001,3.8609259697627603,3.5992262002780837
exact,0,2360,101001101010,3.866242130850733,3.5992262002780837
exact,0,2361,101001101011,3.771174111996817,3.5992262002780837
exact,0,2362,101001101100,3.8693998151226765,3.5992262002780837
exact,0,2363,101001101101,3.7736969000470633,3.5992262002780837
exact,0,2364,101001101110,3.7761345257713197,3.5992262002780837
exact,0,2365,101001101111,3.684022701606406,3.5992262002780837
exact,0,2366,101001110000,3.9592786254323813,3.5992262002780837
exact,0,2367,101001110001,3.863533759512371,3.5992262002780837
exact,0,2368,101001110010,3.869090812866291,3.5992262002780837
exact,0,2369,101001110011,3.7733398053926925,3.5992262002780837
exact,0,2370,101001110100,3.8723884103939143,3.5992262002780837
exact,0,2371,101001110101,3.7759915500920957,3.5992262002780837
exact,0,2372,101001110110,3.7785263784996617,3.5992262002780837
exact,0,2373,101001110111,3.6857126621917455,3.5992262002780837
exact,0,2374,101001111000,3.874315140250362,3.5992262002780837
exact,0,2375,101001111001,3.7775566736043684,3.5992262002780837
exact,0,2376,101001111010,3.7801432704858873,3.5992262002780837
exact,0,2377,101001111011,3.6869629071649963,3.5992262002780837
exact,0,2378,101010000000,4.115529339173301,3.5992262002780837
exact,0,2379,101010000001,4.014188378592456,3.5992262002780837
exact,0,2380,101010000010,3.990239016797328,3.5992262002780837
exact,0,2381,101010000011,3.912195111331125,3.5992262002780837
exact,0,2382,101010000100,3.99246408711042,3.5992262002780837
exact,0,2383,101010000101,3.9118952261657296,3.5992262002780837
exact,0,2384,101010000110,3.9180509494672644,3.5992262002780837
exact,0,2385,101010000111,3.832982224573603,3.5992262002780837
exact,0,2386,101010001000,4.000257898924436,3.5992262002780837
exact,0,2387,101010001001,3.9192303296384936,3.5992262002780837
exact,0,2388,101010001010,3.9312339382334014,3.5992262002780837
exact,0,2389,101010001011,3.8413267222993697,3.5992262002780837
exact,0,2390,101010001100,3.9393138852492027,3.5992262002780837
exact,0,2391,101010001101,3.84751601494634,3.5992262002780837
exact,0,2392,101010001110,3.8514467654253246,3.5992262002780837
exact,0,2393,101010001111,3.7606318616316208,3.5992262002780837
exact,0,2394,101010010000,4.006308942146412,3.5992262002780837
exact,0,2395,101010010001,3.925406776367979,3.5992262002780837
exact,0,2396,101010010010,3.9411643382418413,3.5992262002780837
exact,0,2397,101010010011,3.8486612029037,3.5992262002780837
exact,0,2398,101010010100,3.9516408672783268,3.5992262002780837
exact,0,2399,101010010101,3.857117942029223,3.5992262002780837
exact,0,2400,101010010110,3.8621268076308652,3.5992262002780837
exact,0,2401,101010010111,3.76793876817541,3.5992262002780837
exact,0,2402,101010011000,3.957671801347955,3.5992262002780837
exact,0,2403,101010011001,3.8620880272588383,3.5992262002780837
exact,0,2404,101010011010,3.8675635387584695,3.5992262002780837
exact,0,2405,101010011011,3.7720276054987725,3.5992262002780837
exact,0,2406,101010011100,3.870813874318616,3.5992262002780837
exact,0,2407,101010011101,3.774636186603539,3.5992262002780837
exact,0,2408,101010011110,3.777139281321333,3.5992262002780837
exact,0,2409,101010100000,4.009826359240812,3.5992262002780837
exact,0,2410,101010100001,3.929092926464275,3.5992262002780837
exact,0,2411,101010100010,3.9469140495312685,3.5992262002780837
exact,0,2412,101010100011,3.853110047983124,3.5992262002780837
exact,0,2413,101010100100,3.9587243613979255,3.5992262002780837
exact,0,2414,101010100101,3.862835232678095,3.5992262002780837
exact,0,2415,101010100110,3.8684399823926476,3.5992262002780837
exact,0,2416,101010100111,3.7725230685667244,3.5992262002780837
exact,0,2417,101010101000,3.9655170073743693,3.5992262002780837
exact,0,2418,101010101001,3.8685311355725043,3.5992262002780837
exact,0,2419,101010101010,3.8746529570883004,3.5992262002780837
exact,0,2420,101010101011,3.777318694990887,3.5992262002780837
exact,0,2421,101010101100,3.8782792956483116,3.5992262002780837
exact,0,2422,101010101101,3.780274754916818,3.5992262002780837
exact,0,2423,101010101110,3.7830386647062437,3.5992262002780837
exact,0,2424,101010101111,3.688598863338012,3.5992262002780837
exact,0,2425,101010110000,3.9691609931683236,3.5992262002780837
exact,0,2426,101010110001,3.87161793822605,3.5992262002780837
exact,0,2427,101010110010,3.878014308855505,3.5992262002780837
exact,0,2428,101010110011,3.7799517161560545,3.5992262002780837
exact,0,2429,101010110100,3.8818005543622878,3.5992262002780837
exact,0,2430,101010110101,3.783055542325593,3.5992262002780837
exact,0,2431,101010110110,3.785928800385991,3.5992262002780837
exact,0,2432,101010110111,3.69073756993328,3.5992262002780837
exact,0,2433,101010111000,3.884003470919329,3.5992262002780837
exact,0,2434,101010111001,3.784876477480978,3.5992262002780837
exact,0,2435,101010111010,3.7878074912203243,3.5992262002780837
exact,0,2436,101010111011,3.6922275593116995,3.5992262002780837
exact,0,2437,101010111100,3.789687582048098,3.5992262002780837
exact,0,2438,101010111101,3.6937866788701985,3.5992262002780837
exact,0,2439,101011000000,4.0116523906391155,3.5992262002780837
exact,0,2440,101011000001,3.9310272494113323,3.5992262002780837
exact,0,2441,101011000010,3.949890174784302,3.5992262002780837
exact,0,2442,101011000011,3.8554591285105166,3.5992262002780837
exact,0,2443,101011000100,3.962378277542998,3.5992262002780837
exact,0,2444,101011000101,3.8658304734065503,3.5992262002780837
exact,0,2445,101011000110,3.871737054781632,3.5992262002780837
exact,0,2446,101011000111,3.7749766769770545,3.5992262002780837
exact,0,2447,101011001000,3.9695596798397514,3.5992262002780837
exact,0,2448,101011001001,3.871897730983443,3.5992262002780837
exact,0,2449,101011001010,3.8783476116740925,3.5992262002780837
exact,0,2450,101011001011,3.7801350266144196,3.5992262002780837
exact,0,2451,101011001100,3.8821651230915677,3.5992262002780837
exact,0,2452,101011001101,3.783268007339431,3.5992262002780837
exact,0,2453,101011001110,3.7861633107739627,3.5992262002780837
exact,0,2454,101011001111,3.6908184011017697,3.5992262002780837
exact,0,2455,101011010000,3.973410059165537,3.5992262002780837
exact,0,2456,101011010001,3.875181964302735,3.5992262002780837
exact,0,2457,101011010010,3.881920656769926,3.5992262002780837
exact,0,2458,101011010011,3.7829612900793217,3.5992262002780837
exact,0,2459,101011010100,3.885906575387096,3.5992262002780837
exact,0,2460,101011010101,3.786250041564122,3.5992262002780837
exact,0,2461,101011010110,3.7892597993978625,3.5992262002780837
exact,0,2462,101011010111,3.693143206178334,3.5992262002780837
exact,0,2463,101011011000,3.888222318760329,3.5992262002780837
exact,0,2464,101011011001,3.788175586312348,3.5992262002780837
exact,0,2465,101011011010,3.7912455986541818,3.5992262002780837
exact,0,2466,101011011011,3.6947313652907363,3.5992262002780837
exact,0,2467,101011011100,3.7932128981387043,3.5992262002780837
exact,0,2468,101011011101,3.6963717245419367,3.5992262002780837
exact,0,2469,101011011110,3.6985334322333485,3.5992262002780837
exact,0,2470,101011100000,3.975421897202627,3.5992262002780837
exact,0,2471,101011100001,3.8769104132906183,3.5992262002780837
exact,0,2472,101011100010,3.8837975960129407,3.5992262002780837
exact,0,2473,101011100011,3.7844615407739832,3.5992262002780837
exact,0,2474,101011100100,3.8878701553951016,3.5992262002780837
exact,0,2475,101011100101,3.7878304565928067,3.5992262002780837
exact,0,2476,101011100110,3.7908987863617116,3.5992262002780837
exact,0,2477,101011100111,3.694392418710464,3.5992262002780837
exact,0,2478,101011101000,3.8902348047046655,3.5992262002780837
exact,0,2479,101011101001,3.789801309038694,3.5992262002780837
exact,0,2480,101011101010,3.7929309985650925,3.5992262002780837
exact,0,2481,101011101011,3.6960230664669504,3.5992262002780837
exact,0,2482,101011101100,3.79493570242284,3.5992262002780837
exact,0,2483,101011101101,3.6976982570472434,3.5992262002780837
exact,0,2484,101011101110,3.6999015856813022,3.5992262002780837
exact,0,2485,101011101111,3.606812226704077,3.5992262002780837
exact,0,2486,101011110000,3.891612735142512,3.5992262002780837
exact,0,2487,101011110001,3.7909585817755684,3.5992262002780837
exact,0,2488,101011110010,3.794122990027292,3.5992262002780837
exact,0,2489,101011110011,3.6969898300888646,3.5992262002780837
exact,0,2490,101011110100,3.7961494149834523,3.5992262002780837
exact,0,2491,101011110101,3.698685221350447,3.5992262002780837
exact,0,2492,101011110110,3.7009125470252298,3.5992262002780837
exact,0,2493,101011110111,3.6076012859682764,3.5992262002780837
exact,0,2494,101100000000,4.113678830760332,3.5992262002780837
exact,0,2495,101100000001,4.01250207096974,3.5992262002780837
exact,0,2496,101100000010,3.98954263725572,3.5992262002780837
exact,0,2497,101100000011,3.911295571512675,3.5992262002780837
exact,0,2498,101100000100,3.992849539518387,3.5992262002780837
exact,0,2499,101100000101,3.9121718851007494,3.5992262002780837
exact,0,2500,101100000110,3.918980984792018,3.5992262002780837
exact,0,2501,101100000111,3.8333062357357433,3.5992262002780837
exact,0,2502,101100001000,4.001503974159208,3.5992262002780837
exact,0,2503,101100001001,3.920476564335633,3.5992262002780837
exact,0,2504,101100001010,3.9334348431940382,3.5992262002780837
exact,0,2505,101100001011,3.8428304612084068,3.5992262002780837
exact,0,2506,101100001100,3.9421188686587914,3.5992262002780837
exact,0,2507,101100001101,3.8495903395258653,3.5992262002780837
exact,0,2508,101100001110,3.853794103744338,3.5992262002780837
exact,0,2509,101100001111,3.7620868925417885,3.5992262002780837
exact,0,2510,101100010000,4.008100028224601,3.5992262002780837
exact,0,2511,101100010001,3.9272794749891724,3.5992262002780837
exact,0,2512,101100010010,3.94420420624029,3.5992262002780837
exact,0,2513,101100010011,3.8509498111551372,3.5992262002780837
exact,0,2514,101100010100,3.955432184707714,3.5992262002780837
exact,0,2515,101100010101,3.8601211119941503,3.5992262002780837
exact,0,2516,101100010110,3.865466263331659,3.5992262002780837
exact,0,2517,101100010111,3.770286954307744,3.5992262002780837
exact,0,2518,101100011000,3.9618913962323954,3.5992262002780837
exact,0,2519,101100011001,3.8654991939410954,3.5992262002780837
exact,0,2520,101100011010,3.8713389300516896,3.5992262002780837
exact,0,2521,101100011011,3.774772894752102,3.5992262002780837
exact,0,2522,101100011100,3.8748010995375077,3.5992262002780837
exact,0,2523,101100011101,3.777577295315256,3.5992262002780837
exact,0,2524,101100011110,3.7802281038714995,3.5992262002780837
exact,0,2525,101100100000,4.011915409639837,3.5992262002780837
exact,0,2526,101100100001,3.9313118113873897,3.5992262002780837
exact,0,2527,101100100010,3.9504234573955697,3.5992262002780837
exact,0,2528,101100100011,3.8558394488897036,3.5992262002780837
exact,0,2529,101100100100,3.9630721866883194,3.5992262002780837
exact,0,2530,101100100101,3.8663644986885446,3.5992262002780837
exact,0,2531,101100100110,3.8723427752252184,3.5992262002780837
exact,0,2532,101100100111,3.7753797793277424,3.5992262002780837
exact,0,2533,101100101000,3.9703455288724774,3.5992262002780837
exact,0,2534,101100101001,3.8725198601443784,3.5992262002780837
exact,0,2535,101100101010,3.879047410435821,3.5992262002780837
exact,0,2536,101100101011,3.78062444012996,3.5992262002780837
exact,0,2537,101100101100,3.882910262285457,3.5992262002780837
exact,0,2538,101100101101,3.783799545261854,3.5992262002780837
exact,0,2539,101100101110,3.7867263155300876,3.5992262002780837
exact,0,2540,101100101111,3.6911650745892195,3.5992262002780837
exact,0,2541,101100110000,3.9742447305104722,3.5992262002780837
exact,0,2542,101100110001,3.875850926603854,3.5992262002780837
exact,0,2543,101100110010,3.8826705439978655,3.5992262002780837
exact,0,2544,101100110011,3.783496661747451,3.5992262002780837
exact,0,2545,101100110100,3.886703750346998,3.5992262002780837
exact,0,2546,101100110101,3.786829374355128,3.5992262002780837
exact,0,2547,101100110110,3.7898717751788147,3.5992262002780837
exact,0,2548,101100110111,3.6935343117689308,3.5992262002780837
exact,0,2549,101100111000,3.8890462751479262,3.5992262002780837
exact,0,2550,101100111001,3.7887798329654596,3.5992262002780837
exact,0,2551,101100111010,3.7918830687166243,3.5992262002780837
exact,0,2552,101100111011,3.6951459328557648,3.5992262002780837
exact,0,2553,101100111100,3.7938712464437225,3.5992262002780837
exact,0,2554,101100111101,3.696805776259369,3.5992262002780837
exact,0,2555,101101000000,4.013891186881605,3.5992262002780837
exact,0,2556,101101000001,3.933421119803279,3.5992262002780837
exact,0,2557,101101000010,3.9536385763944435,3.5992262002780837
exact,0,2558,101101000011,3.858413275994807,3.5992262002780837
exact,0,2559,101101000100,3.967010612251436,3.5992262002780837
exact,0,2560,101101000101,3.86962922069378,3.5992262002780837
exact,0,2561,101101000110,3.875928796454941,3.5992262002780837
exact,0,2562,101101000111,3.77809455917293,3.5992262002780837
exact,0,2563,101101001000,3.9747003145343847,3.5992262002780837
exact,0,2564,101101001001,3.876183092585285,3.5992262002780837
exact,0,2565,101101001010,3.8830604617388307,3.5992262002780837
exact,0,2566,101101001011,3.7837294214950394,3.5992262002780837
exact,0,2567,101101001100,3.887127465263848,3.5992262002780837
exact,0,2568,101101001101,3.7870936745417274,3.5992262002780837
exact,0,2569,101101001110,3.790159741970455,3.5992262002780837
exact,0,2570,101101001111,3.6936609802497635,3.5992262002780837
exact,0,2571,101101010000,3.9788209812977082,3.5992262002780837
exact,0,2572,101101010001,3.879726423958896,3.5992262002780837
exact,0,2573,101101010010,3.886911405837628,3.5992262002780837
exact,0,2574,101101010011,3.78680991656423,3.5992262002780837
exact,0,2575,101101010100,3.891158053593914,3.5992262002780837
exact,0,2576,101101010101,3.790340532239399,3.5992262002780837
exact,0,2577,101101010110,3.793527773359524,3.5992262002780837
exact,0,2578,101101010111,3.696231270383722,3.5992262002780837
exact,0,2579,101101011000,3.893621206972154,3.5992262002780837
exact,0,2580,101101011001,3.792402953703876,3.5992262002780837
exact,0,2581,101101011010,3.7956537323543778,3.5992262002780837
exact,0,2582,101101011011,3.6979480981985806,3.5992262002780837
exact,0,2583,101101011100,3.7977344635032972,3.5992262002780837
exact,0,2584,101101011101,3.699694218043844,3.5992262002780837
exact,0,2585,101101011110,3.701982526508846,3.5992262002780837
exact,0,2586,101101100000,3.9809709221870078,3.5992262002780837
exact,0,2587,101101100001,3.8815874682106415,3.5992262002780837
exact,0,2588,101101100010,3.888930676647333,3.5992262002780837
exact,0,2589,101101100011,3.788440521677407,3.5992262002780837
exact,0,2590,101101100100,3.893269792434193,3.5992262002780837
exact,0,2591,101101100101,3.7920567970165324,3.5992262002780837
exact,0,2592,101101100110,3.7953060754646337,3.5992262002780837
exact,0,2593,101101100111,3.697606573595157,3.5992262002780837
exact,0,2594,101101101000,3.89578515154527,3.5992262002780837
exact,0,2595,101101101001,3.7941676377979046,3.5992262002780837
exact,0,2596,101101101010,3.797481647259352,3.5992262002780837
exact,0,2597,101101101011,3.6993688700474467,3.5992262002780837
exact,0,2598,101101101100,3.7996020026232085,3.5992262002780837
exact,0,2599,101101101101,3.7011519138787423,3.5992262002780837
exact,0,2600,101101101110,3.7034841522524573,3.5992262002780837
exact,0,2601,101101101111,3.609208502280963,3.5992262002780837
exact,0,2602,101101110000,3.897247582255512,3.5992262002780837
exact,0,2603,101101110001,3.795403562241522,3.5992262002780837
exact,0,2604,101101110010,3.7987541812219314,3.5992262002780837
exact,0,2605,101101110011,3.7004097597875876,3.5992262002780837
exact,0,2606,101101110100,3.800897434808703,3.5992262002780837
exact,0,2607,101101110101,3.7022141143856975,3.5992262002780837
exact,0,2608,101101110110,3.7045715490533806,3.5992262002780837
exact,0,2609,101101110111,3.610067551533585,3.5992262002780837
exact,0,2610,101101111000,3.8022686712610985,3.5992262002780837
exact,0,2611,101101111001,3.7033735407779553,3.5992262002780837
exact,0,2612,101101111010,3.7057539978825105,3.5992262002780837
exact,0,2613,101101111011,3.6110425410905673,3.5992262002780837
exact,0,2614,101110000000,4.014872770429204,3.5992262002780837
exact,0,2615,101110000001,3.9344732845041777,3.5992262002780837
exact,0,2616,101110000010,3.9552268813369973,3.5992262002780837
exact,0,2617,101110000011,3.859698157234038,3.5992262002780837
exact,0,2618,101110000100,3.968950916275875,3.5992262002780837
exact,0,2619,101110000101,3.8712506882024016,3.5992262002780837
exact,0,2620,101110000110,3.877706372533905,3.5992262002780837
exact,0,2621,101110000111,3.7794569713440445,3.5992262002780837
exact,0,2622,101110001000,3.9768437274318837,3.5992262002780837
exact,0,2623,101110001001,3.8779991785721286,3.5992262002780837
exact,0,2624,101110001010,3.885046725399145,3.5992262002780837
exact,0,2625,101110001011,3.7852826656224186,3.5992262002780837
exact,0,2626,101110001100,3.8892131294942995,3.5992262002780837
exact,0,2627,101110001101,3.7887390647976256,3.5992262002780837
exact,0,2628,101110001110,3.791872615206445,3.5992262002780837
exact,0,2629,101110001111,3.694926206092387,3.5992262002780837
exact,0,2630,101110010000,3.9810725601032186,3.5992262002780837
exact,0,2631,101110010001,3.881646299038057,3.5992262002780837
exact,0,2632,101110010010,3.8890091384634022,3.5992262002780837
exact,0,2633,101110010011,3.7884651455555454,3.5992262002780837
exact,0,2634,101110010100,3.8933597833001814,3.5992262002780837
exact,0,2635,101110010101,3.792092241309509,3.5992262002780837
exact,0,2636,101110010110,3.795349695911272,3.5992262002780837
exact,0,2637,101110010111,3.697595077233369,3.5992262002780837
exact,0,2638,101110011000,3.895881713742417,3.5992262002780837
exact,0,2639,101110011001,3.7942092463385295,3.5992262002780837
exact,0,2640,101110011010,3.7975315661802957,3.5992262002780837
exact,0,2641,101110011011,3.699363229065622,3.5992262002780837
exact,0,2642,101110011100,3.7996571671038364,3.5992262002780837
exact,0,2643,101110011101,3.70115118984754,3.5992262002780837
exact,0,2644,101110011110,3.703489386934001,3.5992262002780837
exact,0,2645,101110100000,3.983277774574915,3.5992262002780837
exact,0,2646,101110100001,3.8835604661402447,3.5992262002780837
exact,0,2647,101110100010,3.8910855105173145,3.5992262002780837
exact,0,2648,101110100011,3.7901480527579223,3.5992262002780837
exact,0,2649,101110100100,3.895531007977032,3.5992262002780837
exact,0,2650,101110100101,3.7938630576735437,3.5992262002780837
exact,0,2651,101110100110,3.797183958368344,3.5992262002780837
exact,0,2652,101110100111,3.699021027990824,3.5992262002780837
exact,0,2653,101110101000,3.898106495012828,3.5992262002780837
exact,0,2654,101110101001,3.7960297562484078,3.5992262002780837
exact,0,2655,101110101010,3.7994167521763793,3.5992262002780837
exact,0,2656,101110101011,3.700835869341413,3.5992262002780837
exact,0,2657,101110101100,3.8015828799711673,3.5992262002780837
exact,0,2658,101110101101,3.7026616051458414,3.5992262002780837
exact,0,2659,101110101110,3.7050446670618737,3.5992262002780837
exact,0,2660,101110101111,3.6103079053790745,3.5992262002780837
exact,0,2661,101110110000,3.899602596045569,3.5992262002780837
exact,0,2662,101110110001,3.7972970255709546,3.5992262002780837
exact,0,2663,101110110010,3.80072139547813,3.5992262002780837
exact,0,2664,101110110011,3.7019063096526694,3.5992262002780837
exact,0,2665,101110110100,3.802910897325128,3.5992262002780837
exact,0,2666,101110110101,3.70375380500528,3.5992262002780837
exact,0,2667,101110110110,3.706162545650437,3.5992262002780837
exact,0,2668,101110110111,3.6111948644474676,3.5992262002780837
exact,0,2669,101110111000,3.8043110599476373,3.5992262002780837
exact,0,2670,101110111001,3.7049402514733973,3.5992262002780837
exact,0,2671,101110111010,3.7073724089445523,3.5992262002780837
exact,0,2672,101110111011,3.6121953629167463,3.5992262002780837
exact,0,2673,101110111100,3.7089891657311163,3.5992262002780837
exact,0,2674,101110111101,3.6135512827052434,3.5992262002780837
exact,0,2675,101111000000,3.9844289693659536,3.5992262002780837
exact,0,2676,101111000001,3.8845659652678615,3.5992262002780837
exact,0,2677,101111000010,3.8921738342857406,3.5992262002780837
exact,0,2678,101111000011,3.7910381198739636,3.5992262002780837
exact,0,2679,101111000100,3.896667776979477,3.5992262002780837
exact,0,2680,101111000101,3.7947980160773978,3.5992262002780837
exact,0,2681,101111000110,3.7981511808964896,3.5992262002780837
exact,0,2682,101111000111,3.6997822791424597,3.5992262002780837
exact,0,2683,101111001000,3.899270609021049,3.5992262002780837
exact,0,2684,101111001001,3.7969900839109387,3.5992262002780837
exact,0,2685,101111001010,3.8004099765684676,3.5992262002780837
exact,0,2686,101111001011,3.7016209542905694,3.5992262002780837
exact,0,2687,101111001100,3.802596710501229,3.5992262002780837
exact,0,2688,101111001101,3.703465895944924,3.5992262002780837
exact,0,2689,101111001110,3.705871722248956,3.5992262002780837
exact,0,2690,101111001111,3.6109298335950073,3.5992262002780837
exact,0,2691,101111010000,3.900781990866147,3.5992262002780837
exact,0,2692,101111010001,3.7982715628228134,3.5992262002780837
exact,0,2693,101111010010,3.8017291831763536,3.5992262002780837
exact,0,2694,101111010011,3.702704776570297,3.5992262002780837
exact,0,2695,101111010100,3.80393951104854,3.5992262002780837
exact,0,2696,101111010101,3.7045716850775725,3.5992262002780837
exact,0,2697,101111010110,3.707003411732692,3.5992262002780837
exact,0,2698,101111010111,3.6118294157711945,3.5992262002780837
exact,0,2699,101111011000,3.805352681954434,3.5992262002780837
exact,0,2700,101111011001,3.7057702762892175,3.5992262002780837
exact,0,2701,101111011010,3.7082255987950172,3.5992262002780837
exact,0,2702,101111011011,3.6128413741761163,3.5992262002780837
exact,0,2703,101111011100,3.7098576123061497,3.5992262002780837
exact,0,2704,101111011101,3.6142115843322298,3.5992262002780837
exact,0,2705,101111011110,3.6161836641947698,3.5992262002780837
exact,0,2706,110000000000,4.808682038015483,3.5992262002780837
exact,0,2707,110000000001,4.594306211414419,3.5992262002780837
exact,0,2708,110000000010,4.372214559850108,3.5992262002780837
exact,0,2709,110000000011,4.288634233260994,3.5992262002780837
exact,0,2710,110000000100,4.243913049180085,3.5992262002780837
exact,0,2711,110000000101,4.147270809683029,3.5992262002780837
exact,0,2712,110000000110,4.098556560605215,3.5992262002780837
exact,0,2713,110000000111,4.037261419139443,3.5992262002780837
exact,0,2714,110000001000,4.176551872418236,3.5992262002780837
exact,0,2715,110000001001,4.074761670489481,3.5992262002780837
exact,0,2716,110000001010,4.0312186701327555,3.5992262002780837
exact,0,2717,110000001011,3.9612755886450395,3.5992262002780837
exact,0,2718,110000001100,4.013108294296736,3.5992262002780837
exact,0,2719,110000001101,3.939775612362053,3.5992262002780837
exact,0,2720,110000001110,3.9340276602944213,3.5992262002780837
exact,0,2721,110000001111,3.865828566809319,3.5992262002780837
exact,0,2722,110000010000,4.142532832792582,3.5992262002780837
exact,0,2723,110000010001,4.039969220851583,3.5992262002780837
exact,0,2724,110000010010,4.004484857389055,3.5992262002780837
exact,0,2725,110000010011,3.9298549154388325,3.5992262002780837
exact,0,2726,110000010100,3.9944769946876466,3.5992262002780837
exact,0,2727,110000010101,3.916532892167354,3.5992262002780837
exact,0,2728,110000010110,3.9154444847459122,3.5992262002780837
exact,0,2729,110000010111,3.83870610925048,3.5992262002780837
exact,0,2730,110000011000,3.99290957011276,3.5992262002780837
exact,0,2731,110000011001,3.913560042255011,3.5992262002780837
exact,0,2732,110000011010,3.915298280909951,3.5992262002780837
exact,0,2733,110000011011,3.8348755768386207,3.5992262002780837
exact,0,2734,110000011100,3.9170507592478563,3.5992262002780837
exact,0,2735,110000011101,3.8351702269414325,3.5992262002780837
exact,0,2736,110000011110,3.836180885807042,3.5992262002780837
exact,0,2737,110000100000,4.12550288996779,3.5992262002780837
exact,0,2738,110000100001,4.023468052650918,3.5992262002780837
exact,0,2739,110000100010,3.994581659609618,3.5992262002780837
exact,0,2740,110000100011,3.917731237307765,3.5992262002780837
exact,0,2741,110000100100,3.991471848521591,3.5992262002780837
exact,0,2742,110000100101,3.911682367191283,3.5992262002780837
exact,0,2743,110000100110,3.9146426020033442,3.5992262002780837
exact,0,2744,110000100111,3.8328237489219954,3.5992262002780837
exact,0,2745,110000101000,3.9950941676770353,3.5992262002780837
exact,0,2746,110000101001,3.9143639960576944,3.5992262002780837
exact,0,2747,110000101010,3.921763547895319,3.5992262002780837
exact,0,2748,110000101011,3.83558021072297,3.5992262002780837
exact,0,2749,110000101100,3.926965707289152,3.5992262002780837
exact,0,2750,110000101101,3.839067771548808,3.5992262002780837
exact,0,2751,110000101110,3.8416865948161263,3.5992262002780837
exact,0,2752,110000101111,3.755535636755971,3.5992262002780837
exact,0,2753,110000110000,3.998542311901497,3.5992262002780837
exact,0,2754,110000110001,3.9175802387337266,3.5992262002780837
exact,0,2755,110000110010,3.927761366028536,3.5992262002780837
exact,0,2756,110000110011,3.839260754691848,3.5992262002780837
exact,0,2757,110000110100,3.9346982326799096,3.5992262002780837
exact,0,2758,110000110101,3.8443721215152657,3.5992262002780837
exact,0,2759,110000110110,3.847783727315537,3.5992262002780837
exact,0,2760,110000110111,3.7587431438846783,3.5992262002780837
exact,0,2761,110000111000,3.938730415263915,3.5992262002780837
exact,0,2762,110000111001,3.8474497783847177,3.5992262002780837
exact,0,2763,110000111010,3.8512028072287006,3.5992262002780837
exact,0,2764,110000111011,3.761003746362469,3.5992262002780837
exact,0,2765,110000111100,3.85345486309036,3.5992262002780837
exact,0,2766,110000111101,3.7626929428455647,3.5992262002780837
exact,0,2767,110001000000,4.117106153090326,3.5992262002780837
exact,0,2768,110001000001,4.015635737257825,3.5992262002780837
exact,0,2769,110001000010,3.9908030170384743,3.5992262002780837
exact,0,2770,110001000011,3.912952613887603,3.5992262002780837
exact,0,2771,110001000100,3.9920520995687077,3.5992262002780837
exact,0,2772,110001000101,3.9115934680839364,3.5992262002780837
exact,0,2773,110001000110,3.917157452509722,3.5992262002780837
exact,0,2774,110001000111,3.8326520408000384,3.5992262002780837
exact,0,2775,110001001000,3.999069440322487,3.5992262002780837
exact,0,2776,110001001001,3.9180554155323413,3.5992262002780837
exact,0,2777,110001001010,3.929195364141734,3.5992262002780837
exact,0,2778,110001001011,3.83993668101982,3.5992262002780837
exact,0,2779,110001001100,3.9367302815150143,3.5992262002780837
exact,0,2780,110001001101,3.845612379171254,3.5992262002780837
exact,0,2781,110001001110,3.8492962668831368,3.5992262002780837
exact,0,2782,110001001111,3.7593073412311697,3.5992262002780837
exact,0,2783,110001010000,4.004629977465703,3.5992262002780837
exact,0,2784,110001010001,3.9236692070463115,3.5992262002780837
exact,0,2785,110001010010,3.9383725277678656,3.5992262002780837
exact,0,2786,110001010011,3.8465683484822493,3.5992262002780837
exact,0,2787,110001010100,3.9481726344045236,3.5992262002780837
exact,0,2788,110001010101,3.854383326168251,3.5992262002780837
exact,0,2789,110001010110,3.8590888521054434,3.5992262002780837
exact,0,2790,110001010111,3.765817491074932,3.5992262002780837
exact,0,2791,110001011000,3.953819052853613,3.5992262002780837
exact,0,2792,110001011001,3.858987913519332,3.5992262002780837
exact,0,2793,110001011010,3.864135196748268,3.5992262002780837
exact,0,2794,110001011011,3.76955150662558,3.5992262002780837
exact,0,2795,110001011100,3.867194881642426,3.5992262002780837
exact,0,2796,110001011101,3.7719841251213615,3.5992262002780837
exact,0,2797,110001011110,3.774353588512444,3.5992262002780837
exact,0,2798,110001100000,4.007879833350096,3.5992262002780837
exact,0,2799,110001100001,3.927045172718413,3.5992262002780837
exact,0,2800,110001100010,3.943701883972183,3.5992262002780837
exact,0,2801,110001100011,3.850623568701522,3.5992262002780837
exact,0,2802,110001100100,3.954758602180538,3.5992262002780837
exact,0,2803,110001100101,3.8596314177526185,3.5992262002780837
exact,0,2804,110001100110,3.8648997466976898,3.5992262002780837
exact,0,2805,110001100111,3.769949537785204,3.5992262002780837
exact,0,2806,110001101000,3.9611204378142606,3.5992262002780837
exact,0,2807,110001101001,3.8649164459636696,3.5992262002780837
exact,0,2808,110001101010,3.8706732467707465,3.5992262002780837
exact,0,2809,110001101011,3.774344648090169,3.5992262002780837
exact,0,2810,110001101100,3.8740871139167155,3.5992262002780837
exact,0,2811,110001101101,3.777104228983841,3.5992262002780837
exact,0,2812,110001101110,3.779721044331584,3.5992262002780837
exact,0,2813,110001101111,3.6863157194139116,3.5992262002780837
exact,0,2814,110001110000,3.964536070324774,3.5992262002780837
exact,0,2815,110001110001,3.8677851606352847,3.5992262002780837
exact,0,2816,110001110010,3.873800987661496,3.5992262002780837
exact,0,2817,110001110011,3.7767646451560135,3.5992262002780837
exact,0,2818,110001110100,3.8773655298026135,3.5992262002780837
exact,0,2819,110001110101,3.7796633042938863,3.5992262002780837
exact,0,2820,110001110110,3.7823838864135384,3.5992262002780837
exact,0,2821,110001110111,3.688249666024505,3.5992262002780837
exact,0,2822,110001111000,3.8794431643465477,3.5992262002780837
exact,0,2823,110001111001,3.7813681684320275,3.5992262002780837
exact,0,2824,110001111010,3.784143763949519,3.5992262002780837
exact,0,2825,110001111011,3.689630832063871,3.5992262002780837
exact,0,2826,110010000000,4.113079508329696,3.5992262002780837
exact,0,2827,110010000001,4.011958352488222,3.5992262002780837
exact,0,2828,110010000010,3.989264964821927,3.5992262002780837
exact,0,2829,110010000011,3.91096748636839,3.5992262002780837
exact,0,2830,110010000100,3.992849131552329,3.5992262002780837
exact,0,2831,110010000101,3.9121446764004513,3.5992262002780837
exact,0,2832,110010000110,3.919117567567597,3.5992262002780837
exact,0,2833,110010000111,3.8332922714449316,3.5992262002780837
exact,0,2834,110010001000,4.001720504998485,3.5992262002780837
exact,0,2835,110010001001,3.920693108807736,3.5992262002780837
exact,0,2836,110010001010,3.9338883594269274,3.5992262002780837
exact,0,2837,110010001011,3.8431119192089014,3.5992262002780837
exact,0,2838,110010001100,3.9427220033515513,3.5992262002780837
exact,0,2839,110010001101,3.8500135355580776,3.5992262002780837
exact,0,2840,110010001110,3.8542849206820256,3.5992262002780837
exact,0,2841,110010001111,3.762358179914432,3.5992262002780837
exact,0,2842,110010010000,4.008453188686099,3.5992262002780837
exact,0,2843,110010010001,3.9276526364402824,3.5992262002780837
exact,0,2844,110010010010,3.9448660418688584,3.5992262002780837
exact,0,2845,110010010011,3.85142678824477,3.5992262002780837
exact,0,2846,110010010100,3.956279609662991,3.5992262002780837
exact,0,2847,110010010101,3.8607750119749995,3.5992262002780837
exact,0,2848,110010010110,3.86620321921246,3.5992262002780837
exact,0,2849,110010010111,3.770780728405874,3.5992262002780837
exact,0,2850,110010011000,3.962844626564188,3.5992262002780837
exact,0,2851,110010011001,3.8662541170859654,3.5992262002780837
exact,0,2852,110010011010,3.872183731210424,3.5992262002780837
exact,0,2853,110010011011,3.7753652248991343,3.5992262002780837
exact,0,2854,110010011100,3.8756982380072578,3.5992262002780837
exact,0,2855,110010011101,3.7782181149376863,3.5992262002780837
exact,0,2856,110010011110,3.7809054719646693,3.5992262002780837
exact,0,2857,110010100000,4.012343153083563,3.5992262002780837
exact,0,2858,110010100001,3.9317713870170548,3.5992262002780837
exact,0,2859,110010100010,3.9512017757774176,3.5992262002780837
exact,0,2860,110010100011,3.8564260897075044,3.5992262002780837
exact,0,2861,110010100100,3.964057369464697,3.5992262002780837
exact,0,2862,110010100101,3.8671489543322584,3.5992262002780837
exact,0,2863,110010100110,3.873219391762988,3.5992262002780837
exact,0,2864,110010100111,3.7760000757886254,3.5992262002780837
exact,0,2865,110010101000,3.9714493800332584,3.5992262002780837
exact,0,2866,110010101001,3.8734179810790734,3.5992262002780837
exact,0,2867,110010101010,3.88004556384586,3.5992262002780837
exact,0,2868,110010101011,3.7813560679991878,3.5992262002780837
exact,0,2869,110010101100,3.8839668066516553,3.5992262002780837
exact,0,2870,110010101101,3.7845853655538417,3.5992262002780837
exact,0,2871,110010101110,3.787552398594717,3.5992262002780837
exact,0,2872,110010101111,3.6917166784194944,3.5992262002780837
exact,0,2873,110010110000,3.975411639513855,3.5992262002780837
exact,0,2874,110010110001,3.8768095170830366,3.5992262002780837
exact,0,2875,110010110010,3.8837334566953716,3.5992262002780837
exact,0,2876,110010110011,3.784287627062829,3.5992262002780837
exact,0,2877,110010110100,3.8878276191320293,3.5992262002780837
exact,0,2878,110010110101,3.787676950803005,3.5992262002780837
exact,0,2879,110010110110,3.7907611563619854,3.5992262002780837
exact,0,2880,110010110111,3.694143250135206,3.5992262002780837
exact,0,2881,110010111000,3.890204639528773,3.5992262002780837
exact,0,2882,110010111001,3.7896594720171652,3.5992262002780837
exact,0,2883,110010111010,3.792805269852031,3.5992262002780837
exact,0,2884,110010111011,3.6957850404012347,3.5992262002780837
exact,0,2885,110010111100,3.794820176814385,3.5992262002780837
exact,0,2886,110010111101,3.697469817941998,3.5992262002780837
exact,0,2887,110011000000,4.014356403616626,3.5992262002780837
exact,0,2888,110011000001,3.9339243629997376,3.5992262002780837
exact,0,2889,110011000010,3.95447618617856,3.5992262002780837
exact,0,2890,110011000011,3.8590558220376416,3.5992262002780837
exact,0,2891,110011000100,3.96806623807512,3.5992262002780837
exact,0,2892,110011000101,3.870480554198099,3.5992262002780837
exact,0,2893,110011000110,3.876877057745691,3.5992262002780837
exact,0,2894,110011000111,3.778779828745299,3.5992262002780837
exact,0,2895,110011001000,3.975881393831034,3.5992262002780837
exact,0,2896,110011001001,3.877154773551196,3.5992262002780837
exact,0,2897,110011001010,3.884137507582259,3.5992262002780837
exact,0,2898,110011001011,3.784532793458528,3.5992262002780837
exact,0,2899,110011001100,3.888266091037049,3.5992262002780837
exact,0,2900,110011001101,3.787954246181762,3.5992262002780837
exact,0,2901,110011001110,3.7910625175359427,3.5992262002780837
exact,0,2902,110011001111,3.694281474549928,3.5992262002780837
exact,0,2903,110011010000,3.9800688315752524,3.5992262002780837
exact,0,2904,110011010001,3.8807622329254916,3.5992262002780837
exact,0,2905,110011010010,3.888057186699082,3.5992262002780837
exact,0,2906,110011010011,3.7876763380488603,3.5992262002780837
exact,0,2907,110011010100,3.8923681753710544,3.5992262002780837
exact,0,2908,110011010101,3.7912667584553383,3.5992262002780837
exact,0,2909,110011010110,3.7944978536939504,3.5992262002780837
exact,0,2910,110011010111,3.696912798138669,3.5992262002780837
exact,0,2911,110011011000,3.89486774570892,3.5992262002780837
exact,0,2912,110011011001,3.7933630551046154,3.5992262002780837
exact,0,2913,110011011010,3.7966584956726903,3.5992262002780837
exact,0,2914,110011011011,3.698661531668349,3.5992262002780837
exact,0,2915,110011011100,3.798767271045509,3.5992262002780837
exact,0,2916,110011011101,3.7004338256860745,3.5992262002780837
exact,0,2917,110011011110,3.7027534492304803,3.5992262002780837
exact,0,2918,110011100000,3.9822529144146683,3.5992262002780837
exact,0,2919,110011100001,3.882656114729067,3.5992262002780837
exact,0,2920,110011100010,3.8901116839101477,3.5992262002780837
exact,0,2921,110011100011,3.789339285799696,3.5992262002780837
exact,0,2922,110011100100,3.894516574246579,3.5992262002780837
exact,0,2923,110011100101,3.7930167191545903,3.5992262002780837
exact,0,2924,110011100110,3.796310703951848,3.5992262002780837
exact,0,2925,110011100111,3.698319459785044,3.5992262002780837
exact,0,2926,110011101000,3.89706916360387,3.5992262002780837
exact,0,2927,110011101001,3.795162202730786,3.5992262002780837
exact,0,2928,110011101010,3.7985217481974174,3.5992262002780837
exact,0,2929,110011101011,3.7001143978971607,3.5992262002780837
exact,0,2930,110011101100,3.800670694438596,3.5992262002780837
exact,0,2931,110011101101,3.7019241315748066,3.5992262002780837
exact,0,2932,110011101110,3.7042882536319994,3.5992262002780837
exact,0,2933,110011101111,3.60972253798509,3.5992262002780837
exact,0,2934,110011110000,3.898552483247943,3.5992262002780837
exact,0,2935,110011110001,3.796417600289948,3.5992262002780837
exact,0,2936,110011110010,3.799814221265357,3.5992262002780837
exact,0,2937,110011110011,3.7011736712499514,3.5992262002780837
exact,0,2938,110011110100,3.801986356204775,3.5992262002780837
exact,0,2939,110011110101,3.703004989804126,3.5992262002780837
exact,0,2940,110011110110,3.7053946042078634,3.5992262002780837
exact,0,2941,110011110111,3.6105989776725935,3.5992262002780837
exact,0,2942,110100000000,4.111205185796381,3.5992262002780837
exact,0,2943,110100000001,4.010264450801134,3.5992262002780837
exact,0,2944,110100000010,3.988612912957668,3.5992262002780837
exact,0,2945,110100000011,3.9101148409296074,3.5992262002780837
exact,0,2946,110100000100,3.993343326220949,3.5992262002780837
exact,0,2947,110100000101,3.9125426427737637,3.5992262002780837
exact,0,2948,110100000110,3.920210841730406,3.5992262002780837
exact,0,2949,110100000111,3.8337634377272556,3.5992262002780837
exact,0,2950,110100001000,4.0031338730111825,3.5992262002780837
exact,0,2951,110100001001,3.9221307651763886,3.5992262002780837
exact,0,2952,110100001010,3.936348458605787,3.5992262002780837
exact,0,2953,110100001011,3.844855100823259,3.5992262002780837
exact,0,2954,110100001100,3.945832525900926,3.5992262002780837
exact,0,2955,110100001101,3.8523724765130076,3.5992262002780837
exact,0,2956,110100001110,3.856936862754725,3.5992262002780837
exact,0,2957,110100001111,3.7640839775137174,3.5992262002780837
exact,0,2958,110100010000,4.010452533858084,3.5992262002780837
exact,0,2959,110100010001,3.929766791787513,3.5992262002780837
exact,0,2960,110100010010,3.9482355059901915,3.5992262002780837
exact,0,2961,110100010011,3.854022859046945,3.5992262002780837
exact,0,2962,110100010100,3.960462285119767,3.5992262002780837
exact,0,2963,110100010101,3.864146176390384,3.5992262002780837
exact,0,2964,110100010110,3.8699371713722224,3.5992262002780837
exact,0,2965,110100010111,3.773482837596529,3.5992262002780837
exact,0,2966,110100011000,3.967492688429316,3.5992262002780837
exact,0,2967,110100011001,3.870069678759502,3.5992262002780837
exact,0,2968,110100011010,3.876392982580092,3.5992262002780837
exact,0,2969,110100011011,3.778501125965638,3.5992262002780837
exact,0,2970,110100011100,3.880136836565204,3.5992262002780837
exact,0,2971,110100011101,3.7815663180104186,3.5992262002780837
exact,0,2972,110100011110,3.7844122403391998,3.5992262002780837
exact,0,2973,110100100000,4.014664288558391,3.5992262002780837
exact,0,2974,110100100001,3.9342611210781175,3.5992262002780837
exact,0,2975,110100100010,3.9550827896029825,3.5992262002780837
exact,0,2976,110100100011,3.85950361095672,3.5992262002780837
exact,0,2977,110100100100,3.9688483008753406,3.5992262002780837
exact,0,2978,110100100101,3.8710966091803063,3.5992262002780837
exact,0,2979,110100100110,3.877571189820671,3.5992262002780837
exact,0,2980,110100100111,3.7792611666197264,3.5992262002780837
exact,0,2981,110100101000,3.9767643499795735,3.5992262002780837
exact,0,2982,110100101001,3.877867729526577,3.5992262002780837
exact,0,2983,110100101010,3.884935228546614,3.5992262002780837
exact,0,2984,110100101011,3.785109328732218,3.5992262002780837
exact,0,2985,110100101100,3.889113391350925,3.5992262002780837
exact,0,2986,110100101101,3.78857690272452,3.5992262002780837
exact,0,2987,110100101110,3.7917192884904827,3.5992262002780837
exact,0,2988,110100101111,3.6947103021826924,3.5992262002780837
exact,0,2989,110100110000,3.9810054955370213,3.5992262002780837
exact,0,2990,110100110001,3.881526824287361,3.5992262002780837
exact,0,2991,110100110010,3.888910198027819,3.5992262002780837
exact,0,2992,110100110011,3.7883036887492847,3.5992262002780837
exact,0,2993,110100110100,3.8932729599476223,3.5992262002780837
exact,0,2994,110100110101,3.7919423017557645,3.5992262002780837
exact,0,2995,110100110110,3.795208825522868,3.5992262002780837
exact,0,2996,110100110111,3.697390888359139,3.5992262002780837
exact,0,2997,110100111000,3.895801862557478,3.5992262002780837
exact,0,2998,110100111001,3.794065918159445,3.5992262002780837
exact,0,2999,110100111010,3.7973974326307918,3.5992262002780837
exact,0,3000,110100111011,3.699165387651404,3.5992262002780837
exact,0,3001,110100111100,3.799528875330587,3.5992262002780837
exact,0,3002,110100111101,3.70095885225209,3.5992262002780837
exact,0,3003,110101000000,4.016839645504669,3.5992262002780837
exact,0,3004,110101000001,3.93660441192385,3.5992262002780837
exact,0,3005,110101000010,3.9586182970759403,3.5992262002780837
exact,0,3006,110101000011,3.862379494304114,3.5992262002780837
exact,0,3007,110101000100,3.973169062166283,3.5992262002780837
exact,0,3008,110101000101,3.8747243835161584,3.5992262002780837
exact,0,3009,110101000110,3.8815467288726606,3.5992262002780837
exact,0,3010,110101000111,3.78232886712471,3.5992262002780837
exact,0,3011,110101001000,3.981539265820775,3.5992262002780837
exact,0,3012,110101001001,3.88193126482641,3.5992262002780837
exact,0,3013,110101001010,3.889378244915733,3.5992262002780837
exact,0,3014,110101001011,3.788605018333027,3.5992262002780837
exact,0,3015,110101001100,3.893778308386471,3.5992262002780837
exact,0,3016,110101001101,3.79227847802965,3.5992262002780837
exact,0,3017,110101001110,3.795570896551228,3.5992262002780837
exact,0,3018,110101001111,3.697581466128861,3.5992262002780837
exact,0,3019,110101010000,3.986022588434047,3.5992262002780837
exact,0,3020,110101010001,3.8858230481853697,3.5992262002780837
exact,0,3021,110101010010,3.8936032447185545,3.5992262002780837
exact,0,3022,110101010011,3.7920283989771773,3.5992262002780837
exact,0,3023,110101010100,3.898198307031446,3.5992262002780837
exact,0,3024,110101010101,3.7958827091264706,3.5992262002780837
exact,0,3025,110101010110,3.799305419121285,3.5992262002780837
exact,0,3026,110101010111,3.7004837958354924,3.5992262002780837
exact,0,3027,110101011000,3.9008585417484953,3.5992262002780837
exact,0,3028,110101011001,3.7981283862798385,3.5992262002780837
exact,0,3029,110101011010,3.8016190732036614,3.5992262002780837
exact,0,3030,110101011011,3.7023731772555037,3.5992262002780837
exact,0,3031,110101011100,3.803850348506758,3.5992262002780837
exact,0,3032,110101011101,3.704259782035536,3.5992262002780837
exact,0,3033,110101011110,3.7067155391355047,3.5992262002780837
exact,0,3034,110101100000,3.9883579547880657,3.5992262002780837
exact,0,3035,110101100001,3.8878625250597207,3.5992262002780837
exact,0,3036,110101100010,3.895814224042596,3.5992262002780837
exact,0,3037,110101100011,3.7938349140597003,3.5992262002780837
exact,0,3038,110101100100,3.9005097276733154,3.5992262002780837
exact,0,3039,110101100101,3.7977824106803135,3.5992262002780837
exact,0,3040,110101100110,3.8012718669241687,3.5992262002780837
exact,0,3041,110101100111,3.702029732517619,3.5992262002780837
exact,0,3042,110101101000,3.9032266909685776,3.5992262002780837
exact,0,3043,110101101001,3.8000807762254554,3.5992262002780837
exact,0,3044,110101101010,3.80363952558727,3.5992262002780837
exact,0,3045,110101101011,3.703968676144375,3.5992262002780837
exact,0,3046,110101101100,3.8059134453236223,3.5992262002780837
exact,0,3047,110101101101,3.705895053764064,3.5992262002780837
exact,0,3048,110101101110,3.7083978688715993,3.5992262002780837
exact,0,3049,110101101111,3.612587318006861,3.5992262002780837
exact,0,3050,110101110000,3.9048020764481954,3.5992262002780837
exact,0,3051,110101110001,3.801421971017577,3.5992262002780837
exact,0,3052,110101110010,3.8050198890170153,3.5992262002780837
exact,0,3053,110101110011,3.7051089309658165,3.5992262002780837
exact,0,3054,110101110100,3.807318301372145,3.5992262002780837
exact,0,3055,110101110101,3.707058123818109,3.5992262002780837
exact,0,3056,110101110110,3.7095877521854796,3.5992262002780837
exact,0,3057,110101110111,3.613540342533316,3.5992262002780837
exact,0,3058,110101111000,3.8087866102188133,3.5992262002780837
exact,0,3059,110101111001,3.70830828176586,3.5992262002780837
exact,0,3060,110101111010,3.7108622576428574,3.5992262002780837
exact,0,3061,110101111011,3.6146010483137907,3.5992262002780837
exact,0,3062,110110000000,4.017917447697614,3.5992262002780837
exact,0,3063,110110000001,3.937769774479418,3.5992262002780837
exact,0,3064,110110000010,3.9603621699374876,3.5992262002780837
exact,0,3065,110110000011,3.8638112281967114,3.5992262002780837
exact,0,3066,110110000100,3.9752954588531915,3.5992262002780837
exact,0,3067,110110000101,3.876522792492043,3.5992262002780837
exact,0,3068,110110000110,3.8835142787250874,3.5992262002780837
exact,0,3069,110110000111,3.7838635733220936,3.5992262002780837
exact,0,3070,110110001000,3.9838874591607736,3.5992262002780837
exact,0,3071,110110001001,3.883942731548883,3.5992262002780837
exact,0,3072,110110001010,3.891574521092955,3.5992262002780837
exact,0,3073,110110001011,3.790349289273293,3.5992262002780837
exact,0,3074,110110001100,3.8960827547273675,3.5992262002780837
exact,0,3075,110110001101,3.7941231693824684,3.5992262002780837
exact,0,3076,110110001110,3.797488350303388,3.5992262002780837
exact,0,3077,110110001111,3.699030466829059,3.5992262002780837
exact,0,3078,110110010000,3.9884892100125455,3.5992262002780837
exact,0,3079,110110010001,3.8879484346866877,3.5992262002780837
exact,0,3080,110110010010,3.8959220211428978,3.5992262002780837
exact,0,3081,110110010011,3.793884961306028,3.5992262002780837
exact,0,3082,110110010100,3.900630407962292,3.5992262002780837
exact,0,3083,110110010101,3.7978445568944434,3.5992262002780837
exact,0,3084,110110010110,3.8013430652143962,3.5992262002780837
exact,0,3085,110110010111,3.702041669776982,3.5992262002780837
exact,0,3086,110110011000,3.903354717398427,3.5992262002780837
exact,0,3087,110110011001,3.8001498180004054,3.5992262002780837
exact,0,3088,110110011010,3.803717772566691,3.5992262002780837
exact,0,3089,110110011011,3.703987169454994,3.5992262002780837
exact,0,3090,110110011100,3.805997502560326,3.5992262002780837
exact,0,3091,110110011101,3.705918996460827,3.5992262002780837
exact,0,3092,110110011110,3.708428386177661,3.5992262002780837
exact,0,3093,110110100000,3.9908851393023945,3.5992262002780837
exact,0,3094,110110100001,3.8900462600755317,3.5992262002780837
exact,0,3095,110110100010,3.898195799827894,3.5992262002780837
exact,0,3096,110110100011,3.79574910219086,3.5992262002780837
exact,0,3097,110110100100,3.9030073058111983,3.5992262002780837
exact,0,3098,110110100101,3.7998044130637516,3.5992262002780837
exact,0,3099,110110100110,3.803371236296981,3.5992262002780837
exact,0,3100,110110100111,3.7036435762682274,3.5992262002780837
exact,0,3101,110110101000,3.9057898635732764,3.5992262002780837
exact,0,3102,110110101001,3.8021637975444844,3.5992262002780837
exact,0,3103,110110101010,3.805801424988914,3.5992262002780837
exact,0,3104,110110101011,3.7056400148543007,3.5992262002780837
exact,0,3105,110110101100,3.80812480584915,3.5992262002780837
exact,0,3106,110110101101,3.7076125641350597,3.5992262002780837
exact,0,3107,110110101110,3.7101700486912903,3.5992262002780837
exact,0,3108,110110101111,3.6138759451896765,3.5992262002780837
exact,0,3109,110110110000,3.9074019429486397,3.5992262002780837
exact,0,3110,110110110001,3.8035391944488555,3.5992262002780837
exact,0,3111,110110110010,3.807216837227616,3.5992262002780837
exact,0,3112,110110110011,3.7068125635296387,3.5992262002780837
exact,0,3113,110110110100,3.809565238087869,3.5992262002780837
exact,0,3114,110110110101,3.708808425733928,3.5992262002780837
exact,0,3115,110110110110,3.7113932551426214,3.5992262002780837
exact,0,3116,110110110111,3.614859520507622,3.5992262002780837
exact,0,3117,110110111000,3.8110647876612096,3.5992262002780837
exact,0,3118,110110111001,3.710087788983223,3.5992262002780837
exact,0,3119,110110111010,3.7126973972211403,3.5992262002780837
exact,0,3120,110110111011,3.615947825715637,3.5992262002780837
exact,0,3121,110110111100,3.7144310733473977,3.5992262002780837
exact,0,3122,110110111101,3.617413328232476,3.5992262002780837
exact,0,3123,110111000000,3.9921325210355327,3.5992262002780837
exact,0,3124,110111000001,3.891144588567246,3.5992262002780837
exact,0,3125,110111000010,3.8993839410600044,3.5992262002780837
exact,0,3126,110111000011,3.796730981891467,3.5992262002780837
exact,0,3127,110111000100,3.904248097495787,3.5992262002780837
exact,0,3128,110111000101,3.8008351561460496,3.5992262002780837
exact,0,3129,110111000110,3.804436705736687,3.5992262002780837
exact,0,3130,110111000111,3.7044941559294258,3.5992262002780837
exact,0,3131,110111001000,3.907060386980107,3.5992262002780837
exact,0,3132,110111001001,3.803222163963598,3.5992262002780837
exact,0,3133,110111001010,3.8068952159776694,3.5992262002780837
exact,0,3134,110111001011,3.706516591349717,3.5992262002780837
exact,0,3135,110111001100,3.8092407828483235,3.5992262002780837
exact,0,3136,110111001101,3.7085098372047463,3.5992262002780837
exact,0,3137,110111001110,3.7110917135440626,3.5992262002780837
exact,0,3138,110111001111,3.614583391453389,3.5992262002780837
exact,0,3139,110111010000,3.9086890634616847,3.5992262002780837
exact,0,3140,110111010001,3.804613014759425,3.5992262002780837
exact,0,3141,110111010010,3.8083264724931913,3.5992262002780837
exact,0,3142,110111010011,3.70770371736115,3.5992262002780837
exact,0,3143,110111010100,3.8106973022188266,3.5992262002780837
exact,0,3144,110111010101,3.7097205052347215,3.5992262002780837
exact,0,3145,110111010110,3.7123299697464303,3.5992262002780837
exact,0,3146,110111010111,3.615580741176713,3.5992262002780837
exact,0,3147,110111011000,3.8122108493960685,3.5992262002780837
exact,0,3148,110111011001,3.711012947549554,3.5992262002780837
exact,0,3149,110111011010,3.7136473859625956,3.5992262002780837
exact,0,3150,110111011011,3.6166814005841146,3.5992262002780837
exact,0,3151,110111011100,3.7153974139907198,3.5992262002780837
exact,0,3152,110111011101,3.6181622304718797,3.5992262002780837
exact,0,3153,110111011110,3.620289586261825,3.5992262002780837
exact,0,3154,110111100000,3.909646645338241,3.5992262002780837
exact,0,3155,110111100001,3.8054357856999443,3.5992262002780837
exact,0,3156,110111100010,3.8091723258653776,3.5992262002780837
exact,0,3157,110111100011,3.7084110519591635,3.5992262002780837
exact,0,3158,110111100100,3.8115575801524297,3.5992262002780837
exact,0,3159,110111100101,3.7104412789724486,3.5992262002780837
exact,0,3160,110111100110,3.7130664582820687,3.5992262002780837
exact,0,3161,110111100111,3.6161805088714307,3.5992262002780837
exact,0,3162,110111101000,3.8130801095416023,3.5992262002780837
exact,0,3163,110111101001,3.7117421049331325,3.5992262002780837
exact,0,3164,110111101010,3.714392384920549,3.5992262002780837
exact,0,3165,110111101011,3.617289078741639,3.5992262002780837
exact,0,3166,110111101100,3.7161528393550523,3.5992262002780837
exact,0,3167,110111101101,3.6187796789813453,3.5992262002780837
exact,0,3168,110111101110,3.6209207119002587,3.5992262002780837
exact,0,3169,111000000000,4.110354849724867,3.5992262002780837
exact,0,3170,111000000001,4.0094998307969405,3.5992262002780837
exact,0,3171,111000000010,3.9883351090825,3.5992262002780837
exact,0,3172,111000000011,3.9097467375279913,3.5992262002780837
exact,0,3173,111000000100,3.993604167188294,3.5992262002780837
exact,0,3174,111000000101,3.9127635221757844,3.5992262002780837
exact,0,3175,111000000110,3.9207595878146484,3.5992262002780837
exact,0,3176,111000000111,3.8340251367300375,3.5992262002780837
exact,0,3177,111000001000,4.003829029462933,3.5992262002780837
exact,0,3178,111000001001,3.9228441529994584,3.5992262002780837
exact,0,3179,111000001010,3.937546052678659,3.5992262002780837
exact,0,3180,111000001011,3.8457214853639434,3.5992262002780837
exact,0,3181,111000001100,3.94733919235346,3.5992262002780837
exact,0,3182,111000001101,3.853531839437374,3.5992262002780837
exact,0,3183,111000001110,3.858235184555496,3.5992262002780837
exact,0,3184,111000001111,3.76495187704765,3.5992262002780837
exact,0,3185,111000010000,4.011425774137852,3.5992262002780837
exact,0,3186,111000010001,3.9308021122111545,3.5992262002780837
exact,0,3187,111000010010,3.9498669608948647,3.5992262002780837
exact,0,3188,111000010011,3.8552967422039846,3.5992262002780837
exact,0,3189,111000010100,3.9624814393833576,3.5992262002780837
exact,0,3190,111000010101,3.865790081872142,3.5992262002780837
exact,0,3191,111000010110,3.871753714186638,3.5992262002780837
exact,0,3192,111000010111,3.7748189157347585,3.5992262002780837
exact,0,3193,111000011000,3.969734288511711,3.5992262002780837
exact,0,3194,111000011001,3.87192628902395,3.5992262002780837
exact,0,3195,111000011010,3.878437169600385,3.5992262002780837
exact,0,3196,111000011011,3.7800451873610155,3.5992262002780837
exact,0,3197,111000011100,3.882290408317342,3.5992262002780837
exact,0,3198,111000011101,3.7832117123741904,3.5992262002780837
exact,0,3199,111000011110,3.786132860474139,3.5992262002780837
exact,0,3200,111000100000,4.015790676613078,3.5992262002780837
exact,0,3201,111000100001,3.935475706649687,3.5992262002780837
exact,0,3202,111000100010,3.956959102885902,3.5992262002780837
exact,0,3203,111000100011,3.861008278741532,3.5992262002780837
exact,0,3204,111000100100,3.9711592156956828,3.5992262002780837
exact,0,3205,111000100101,3.8730174468398677,3.5992262002780837
exact,0,3206,111000100110,3.879684706957663,3.5992262002780837
exact,0,3207,111000100111,3.7808662561644426,3.5992262002780837
exact,0,3208,111000101000,3.979326265273672,3.5992262002780837
exact,0,3209,111000101001,3.880029394782392,3.5992262002780837
exact,0,3210,111000101010,3.8873069149186428,3.5992262002780837
exact,0,3211,111000101011,3.7869509022600583,3.5992262002780837
exact,0,3212,111000101100,3.8916078749598455,3.5992262002780837
exact,0,3213,111000101101,3.7905324514158307,3.5992262002780837
exact,0,3214,111000101110,3.7937581889084706,3.5992262002780837
exact,0,3215,111000101111,3.69620109364419,3.5992262002780837
exact,0,3216,111000110000,3.9837011882584696,3.5992262002780837
exact,0,3217,111000110001,3.8838170137768886,3.5992262002780837
exact,0,3218,111000110010,3.8914198873643393,3.5992262002780837
exact,0,3219,111000110011,3.790271725882574,3.5992262002780837
exact,0,3220,111000110100,3.89591113015237,3.5992262002780837
exact,0,3221,111000110101,3.7940296764109562,3.5992262002780837
exact,0,3222,111000110110,3.7973829244355795,3.5992262002780837
exact,0,3223,111000110111,3.6990041229952655,3.5992262002780837
exact,0,3224,111000111000,3.898512696176497,3.5992262002780837
exact,0,3225,111000111001,3.796220845269619,3.5992262002780837
exact,0,3226,111000111010,3.7996407246934347,3.5992262002780837
exact,0,3227,111000111011,3.700842217154096,3.5992262002780837
exact,0,3228,111000111100,3.8018276094533956,3.5992262002780837
exact,0,3229,111000111101,3.7026874140467716,3.5992262002780837
exact,0,3230,111001000000,4.018043302439193,3.5992262002780837
exact,0,3231,111001000001,3.9379099806674165,3.5992262002780837
exact,0,3232,111001000010,3.9606198073317387,3.5992262002780837
exact,0,3233,111001000011,3.864002362555304,3.5992262002780837
exact,0,3234,111001000100,3.975629864973347,3.5992262002780837
exact,0,3235,111001000101,3.8767877662386367,3.5992262002780837
exact,0,3236,111001000110,3.8838133311149154,3.5992262002780837
exact,0,3237,111001000111,3.7840727981211697,3.5992262002780837
exact,0,3238,111001001000,3.9842662032771985,3.5992262002780837
exact,0,3239,111001001001,3.8842504123171513,3.5992262002780837
exact,0,3240,111001001010,3.891919254888144,3.5992262002780837
exact,0,3241,111001001011,3.7906006146338953,3.5992262002780837
exact,0,3242,111001001100,3.8964492162289774,3.5992262002780837
exact,0,3243,111001001101,3.7943947495036445,3.5992262002780837
exact,0,3244,111001001110,3.7977747872125565,3.5992262002780837
exact,0,3245,111001001111,3.6992204712398578,3.5992262002780837
exact,0,3246,111001010000,3.988891620011571,3.5992262002780837
exact,0,3247,111001010001,3.888278932351813,3.5992262002780837
exact,0,3248,111001010010,3.896291203333993,3.5992262002780837
exact,0,3249,111001010011,3.79415881753723,3.5992262002780837
exact,0,3250,111001010100,3.9010223016443693,3.5992262002780837
exact,0,3251,111001010101,3.7981395979654073,3.5992262002780837
exact,0,3252,111001010110,3.8016535481426192,3.5992262002780837
exact,0,3253,111001010111,3.7022535942431687,3.5992262002780837
exact,0,3254,111001011000,3.903759491701676,3.5992262002780837
exact,0,3255,111001011001,3.8004568789567656,3.5992262002780837
exact,0,3256,111001011010,3.8040405618539226,3.5992262002780837
exact,0,3257,111001011011,3.70421045533871,3.5992262002780837
exact,0,3258,111001011100,3.80633017841652,3.5992262002780837
exact,0,3259,111001011101,3.706151526993993,3.5992262002780837
exact,0,3260,111001011110,3.7086719423520953,3.5992262002780837
exact,0,3261,111001100000,3.9912996697844294,3.5992262002780837
exact,0,3262,111001100001,3.8903884574743532,3.5992262002780837
exact,0,3263,111001100010,3.898577529997912,3.5992262002780837
exact,0,3264,111001100011,3.796034529606887,3.5992262002780837
exact,0,3265,111001100100,3.9034122597101,3.5992262002780837
exact,0,3266,111001100101,3.8001115097999345,3.5992262002780837
exact,0,3267,111001100110,3.8036940779123873,3.5992262002780837
exact,0,3268,111001100111,3.703866773563,3.5992262002780837
exact,0,3269,111001101000,3.906207989788685,3.5992262002780837
exact,0,3270,111001101001,3.802483189990582,3.5992262002780837
exact,0,3271,111001101010,3.806136856758925,3.5992262002780837
exact,0,3272,111001101011,3.7058748386178224,3.5992262002780837
exact,0,3273,111001101100,3.808470319108596,3.5992262002780837
exact,0,3274,111001101101,3.7078568166567694,3.5992262002780837
exact,0,3275,111001101110,3.710425529068913,3.5992262002780837
exact,0,3276,111001101111,3.6140323098379183,3.5992262002780837
exact,0,3277,111001110000,3.9078274647106097,3.5992262002780837
exact,0,3278,111001110001,3.8038655004961797,3.5992262002780837
exact,0,3279,111001110010,3.8075593483336316,3.5992262002780837
exact,0,3280,111001110011,3.707053934705124,3.5992262002780837
exact,0,3281,111001110100,3.809917934239248,3.5992262002780837
exact,0,3282,111001110101,3.709059323510919,3.5992262002780837
exact,0,3283,111001110110,3.7116554860754363,3.5992262002780837
exact,0,3284,111001110111,3.6150221003718235,3.5992262002780837
exact,0,3285,111001111000,3.811423863434406,3.5992262002780837
exact,0,3286,111001111001,3.7103446596815015,3.5992262002780837
exact,0,3287,111001111010,3.712965688211374,3.5992262002780837
exact,0,3288,111001111011,3.6161160588164507,3.5992262002780837
exact,0,3289,111010000000,4.019158381314811,3.5992262002780837
exact,0,3290,111010000001,3.939119391400037,3.5992262002780837
exact,0,3291,111010000010,3.9624245220669807,3.5992262002780837
exact,0,3292,111010000011,3.8654916107004516,3.5992262002780837
exact,0,3293,111010000100,3.977829283999791,3.5992262002780837
exact,0,3294,111010000101,3.8786557123843766,3.5992262002780837
exact,0,3295,111010000110,3.885855614512762,3.5992262002780837
exact,0,3296,111010000111,3.7856753499797744,3.5992262002780837
exact,0,3297,111010001000,3.986694911742268,3.5992262002780837
exact,0,3298,111010001001,3.886338819824017,3.5992262002780837
exact,0,3299,111010001010,3.8941983202945085,3.5992262002780837
exact,0,3300,111010001011,3.7924202672633514,3.5992262002780837
exact,0,3301,111010001100,3.898839964860245,3.5992262002780837
exact,0,3302,111010001101,3.7963181391651437,3.5992262002780837
exact,0,3303,111010001110,3.799773040647185,3.5992262002780837
exact,0,3304,111010001111,3.7007421307966033,3.5992262002780837
exact,0,3305,111010010000,3.9914428831634003,3.5992262002780837
exact,0,3306,111010010001,3.8904853389452865,3.5992262002780837
exact,0,3307,111010010010,3.898697216528721,3.5992262002780837
exact,0,3308,111010010011,3.796094919843281,3.5992262002780837
exact,0,3309,111010010100,3.903545381197851,3.5992262002780837
exact,0,3310,111010010101,3.8001845202717734,3.5992262002780837
exact,0,3311,111010010110,3.8037764946862977,3.5992262002780837
exact,0,3312,111010010111,3.70388828682124,3.5992262002780837
exact,0,3313,111010011000,3.9063487733299964,3.5992262002780837
exact,0,3314,111010011001,3.8025633943656114,3.5992262002780837
exact,0,3315,111010011010,3.806226628376355,3.5992262002780837
exact,0,3316,111010011011,3.7059031939823375,3.5992262002780837
exact,0,3317,111010011100,3.8085661294671413,3.5992262002780837
exact,0,3318,111010011101,3.7078908369128425,3.5992262002780837
exact,0,3319,111010011110,3.7104663721450097,3.5992262002780837
exact,0,3320,111010100000,3.9939136255129797,3.5992262002780837
exact,0,3321,111010100001,3.8926553195374853,3.5992262002780837
exact,0,3322,111010100010,3.9010486429436804,3.5992262002780837
exact,0,3323,111010100011,3.7980304084359346,3.5992262002780837
exact,0,3324,111010100100,3.906003237308177,3.5992262002780837
exact,0,3325,111010100101,3.802218852231388,3.5992262002780837
exact,0,3326,111010100110,3.805881078542198,3.5992262002780837
exact,0,3327,111010100111,3.7055595898571516,3.5992262002780837
exact,0,3328,111010101000,3.908866758699759,3.5992262002780837
exact,0,3329,111010101001,3.804653626688117,3.5992262002780837
exact,0,3330,111010101010,3.808388522499968,3.5992262002780837
exact,0,3331,111010101011,3.7076271418774516,3.5992262002780837
exact,0,3332,111010101100,3.810772918246899,3.5992262002780837
exact,0,3333,111010101101,3.70965668087512,3.5992262002780837
exact,0,3334,111010101110,3.712281591486913,3.5992262002780837
exact,0,3335,111010101111,3.6153960176803075,3.5992262002780837
exact,0,3336,111010110000,3.910524142429379,3.5992262002780837
exact,0,3337,111010110001,3.806071288009144,3.5992262002780837
exact,0,3338,111010110010,3.8098472450467282,3.5992262002780837
exact,0,3339,111010110011,3.708839635532694,3.5992262002780837
exact,0,3340,111010110100,3.8122573127232156,3.5992262002780837
exact,0,3341,111010110101,3.7108931029102075,3.5992262002780837
exact,0,3342,111010110110,3.7135460151915836,3.5992262002780837
exact,0,3343,111010110111,3.6164174223653154,3.5992262002780837
exact,0,3344,111010111000,3.8137954063468436,3.5992262002780837
exact,0,3345,111010111001,3.7122085167320122,3.5992262002780837
exact,0,3346,111010111010,3.7148867411740647,3.5992262002780837
exact,0,3347,111010111011,3.6175398151380853,3.5992262002780837
exact,0,3348,111010111100,3.7166656233677906,3.5992262002780837
exact,0,3349,111010111101,3.6190477066564197,3.5992262002780837
exact,0,3350,111011000000,3.9951987136946974,3.5992262002780837
exact,0,3351,111011000001,3.893790092946638,3.5992262002780837
exact,0,3352,111011000010,3.902276020367852,3.5992262002780837
exact,0,3353,111011000011,3.7990484067661323,3.5992262002780837
exact,0,3354,111011000100,3.907284949059819,3.5992262002780837
exact,0,3355,111011000101,3.8032873054671823,3.5992262002780837
exact,0,3356,111011000110,3.806985237596735,3.5992262002780837
exact,0,3357,111011000111,3.7064453741786805,3.5992262002780837
exact,0,3358,111011001000,3.910179158947888,3.5992262002780837
exact,0,3359,111011001001,3.8057506074060736,3.5992262002780837
exact,0,3360,111011001010,3.809521933876295,3.5992262002780837
exact,0,3361,111011001011,3.708539791353346,3.5992262002780837
exact,0,3362,111011001100,3.811929144603143,3.5992262002780837
exact,0,3363,111011001101,3.71059062059291,3.5992262002780837
exact,0,3364,111011001110,3.713240568100811,3.5992262002780837
exact,0,3365,111011001111,3.616137219350146,3.5992262002780837
exact,0,3366,111011010000,3.9118536674112194,3.5992262002780837
exact,0,3367,111011010001,3.8071842216681633,3.5992262002780837
exact,0,3368,111011010010,3.810997014634292,3.5992262002780837
exact,0,3369,111011010011,3.7097673421340764,3.5992262002780837
exact,0,3370,111011010100,3.8134301494770133,3.5992262002780837
exact,0,3371,111011010101,3.7118423377040437,3.5992262002780837
exact,0,3372,111011010110,3.714520538975326,3.5992262002780837
exact,0,3373,111011010111,3.6171728608994465,3.5992262002780837
exact,0,3374,111011011000,3.8149826345278517,3.5992262002780837
exact,0,3375,111011011001,3.7131712026317083,3.5992262002780837
exact,0,3376,111011011010,3.7158749175841304,3.5992262002780837
exact,0,3377,111011011011,3.618307964114162,3.5992262002780837
exact,0,3378,111011011100,3.717670585990455,3.5992262002780837
exact,0,3379,111011011101,3.619831594353659,3.5992262002780837
exact,0,3380,111011011110,3.6220189753041994,3.5992262002780837
exact,0,3381,111011100000,3.9128370865174458,3.5992262002780837
exact,0,3382,111011100001,3.808031164680544,3.5992262002780837
exact,0,3383,111011100010,3.8118676359069696,3.5992262002780837
exact,0,3384,111011100011,3.710497588791102,3.5992262002780837
exact,0,3385,111011100100,3.8143155664661146,3.5992262002780837
exact,0,3386,111011100101,3.7125863739631164,3.5992262002780837
exact,0,3387,111011100110,3.715280661491275,3.5992262002780837
exact,0,3388,111011100111,3.6177943914369006,3.5992262002780837
exact,0,3389,111011101000,3.8158772615697427,3.5992262002780837
exact,0,3390,111011101001,3.713923837868597,3.5992262002780837
exact,0,3391,111011101010,3.7166437696912014,3.5992262002780837
exact,0,3392,111011101011,3.6189376114559106,3.5992262002780837
exact,0,3393,111011101100,3.7184501110099104,3.5992262002780837
exact,0,3394,111011101101,3.6204712457648336,3.5992262002780837
exact,0,3395,111011101110,3.6226726236644655,3.5992262002780837
exact,0,3396,111011110000,3.816878482324554,3.5992262002780837
exact,0,3397,111011110001,3.7147840644965022,3.5992262002780837
exact,0,3398,111011110010,3.717520176488565,3.5992262002780837
exact,0,3399,111011110011,3.619675737106035,3.5992262002780837
exact,0,3400,111011110100,3.719337161452157,3.5992262002780837
exact,0,3401,111011110101,3.621219345803687,3.5992262002780837
exact,0,3402,111011110110,3.623434663723121,3.5992262002780837
exact,0,3403,111100000000,4.019706438507629,3.5992262002780837
exact,0,3404,111100000001,3.9397143237726184,3.5992262002780837
exact,0,3405,111100000010,3.9633037126582633,3.5992262002780837
exact,0,3406,111100000011,3.8662224288774465,3.5992262002780837
exact,0,3407,111100000100,3.978897424836865,3.5992262002780837
exact,0,3408,111100000101,3.8795678888368506,3.5992262002780837
exact,0,3409,111100000110,3.8868511693704164,3.5992262002780837
exact,0,3410,111100000111,3.786462993142895,3.5992262002780837
exact,0,3411,111100001000,3.987872980235099,3.5992262002780837
exact,0,3412,111100001001,3.8873567385917918,3.5992262002780837
exact,0,3413,111100001010,3.8953075063679385,3.5992262002780837
exact,0,3414,111100001011,3.7933121066247546,3.5992262002780837
exact,0,3415,111100001100,3.900002635062692,3.5992262002780837
exact,0,3416,111100001101,3.7972596614526335,3.5992262002780837
exact,0,3417,111100001110,3.800750293484842,3.5992262002780837
exact,0,3418,111100001111,3.701493703442487,3.5992262002780837
exact,0,3419,111100010000,3.9926797489142327,3.5992262002780837
exact,0,3420,111100010001,3.891559896058741,3.5992262002780837
exact,0,3421,111100010010,3.899867369612423,3.5992262002780837
exact,0,3422,111100010011,3.797042691114631,3.5992262002780837
exact,0,3423,111100010100,3.904771624145752,3.5992262002780837
exact,0,3424,111100010101,3.8011844352940662,3.5992262002780837
exact,0,3425,111100010110,3.8048136659420413,3.5992262002780837
exact,0,3426,111100010111,3.7046941789897097,3.5992262002780837
exact,0,3427,111100011000,3.9076067329691613,3.5992262002780837
exact,0,3428,111100011001,3.803592821039821,3.5992262002780837
exact,0,3429,111100011010,3.807294046982769,3.5992262002780837
exact,0,3430,111100011011,3.706736903008484,3.5992262002780837
exact,0,3431,111100011100,3.809657367396189,3.5992262002780837
exact,0,3432,111100011101,3.7087467849677562,3.5992262002780837
exact,0,3433,111100011110,3.7113485956943584,3.5992262002780837
exact,0,3434,111100100000,3.995180572229303,3.5992262002780837
exact,0,3435,111100100001,3.8937588981916065,3.5992262002780837
exact,0,3436,111100100010,3.902250064560167,3.5992262002780837
exact,0,3437,111100100011,3.799006894928526,3.5992262002780837
exact,0,3438,111100100100,3.907262103642928,3.5992262002780837
exact,0,3439,111100100101,3.8032487626414637,3.5992262002780837
exact,0,3440,111100100110,3.8069490341529164,3.5992262002780837
exact,0,3441,111100100111,3.7063934184456193,3.5992262002780837
exact,0,3442,111100101000,3.9101581113900514,3.5992262002780837
exact,0,3443,111100101001,3.80571377587494,3.5992262002780837
exact,0,3444,111100101010,3.809487473978383,3.5992262002780837
exact,0,3445,111100101011,3.708489485412474,3.5992262002780837
exact,0,3446,111100101100,3.811896195590269,3.5992262002780837
exact,0,3447,111100101101,3.710541741429216,3.5992262002780837
exact,0,3448,111100101110,3.7131934473631536,3.5992262002780837
exact,0,3449,111100101111,3.616074537990302,3.5992262002780837
exact,0,3450,111100110000,3.91183365272522,3.5992262002780837
exact,0,3451,111100110001,3.8071483714825827,3.5992262002780837
exact,0,3452,111100110010,3.8109635548882745,3.5992262002780837
exact,0,3453,111100110011,3.7097179805842093,3.5992262002780837
exact,0,3454,111100110100,3.8133982126419155,3.5992262002780837
exact,0,3455,111100110101,3.711794414388289,3.5992262002780837
exact,0,3456,111100110110,3.714474387176785,3.5992262002780837
exact,0,3457,111100110111,3.6171110923821583,3.5992262002780837
exact,0,3458,111100111000,3.814951664135865,3.5992262002780837
exact,0,3459,111100111001,3.713124191007623,3.5992262002780837
exact,0,3460,111100111010,3.7158296898194423,3.5992262002780837
exact,0,3461,111100111011,3.6182470651055025,3.5992262002780837
exact,0,3462,111100111100,3.7176265380408076,3.5992262002780837
exact,0,3463,111100111101,3.619771804605563,3.5992262002780837
exact,0,3464,111101000000,3.9964808093553,3.5992262002780837
exact,0,3465,111101000001,3.894908319250696,3.5992262002780837
exact,0,3466,111101000010,3.9034932308659855,3.5992262002780837
exact,0,3467,111101000011,3.8000394200722005,3.5992262002780837
exact,0,3468,111101000100,3.9085602930324406,3.5992262002780837
exact,0,3469,111101000101,3.8043323936706535,3.5992262002780837
exact,0,3470,111101000110,3.8080687697122664,3.5992262002780837
exact,0,3471,111101000111,3.7072933661614633,3.5992262002780837
exact,0,3472,111101001000,3.911487380575831,3.5992262002780837
exact,0,3473,111101001001,3.806826304163341,3.5992262002780837
exact,0,3474,111101001010,3.810636842598995,3.5992262002780837
exact,0,3475,111101001011,3.709416653429077,3.5992262002780837
exact,0,3476,111101001100,3.8130686351931007,3.5992262002780837
exact,0,3477,111101001101,3.71149044130034,3.5992262002780837
exact,0,3478,111101001110,3.714167445838228,3.5992262002780837
exact,0,3479,111101001111,3.6168293188526803,3.5992262002780837
exact,0,3480,111101010000,3.9131802623036824,3.5992262002780837
exact,0,3481,111101010001,3.8082770566914568,3.5992262002780837
exact,0,3482,111101010010,3.812129491824774,3.5992262002780837
exact,0,3483,111101010011,3.7106604018461007,3.5992262002780837
exact,0,3484,111101010100,3.8145874765863583,3.5992262002780837
exact,0,3485,111101010101,3.7127586090988283,3.5992262002780837
exact,0,3486,111101010110,3.715464136183688,3.5992262002780837
exact,0,3487,111101010111,3.61788029914715,3.5992262002780837
exact,0,3488,111101011000,3.816155479724212,3.5992262002780837
exact,0,3489,111101011001,3.714101988167433,3.5992262002780837
exact,0,3490,111101011010,3.716833245428524,3.5992262002780837
exact,0,3491,111101011011,3.619029127222327,3.5992262002780837
exact,0,3492,111101011100,3.7186470560581055,3.5992262002780837
exact,0,3493,111101011101,3.620569772318718,3.5992262002780837
exact,0,3494,111101011110,3.622781000798027,3.5992262002780837
exact,0,3495,111101100000,3.914174023586226,3.5992262002780837
exact,0,3496,111101100001,3.8091336733979446,3.5992262002780837
exact,0,3497,111101100010,3.8130100281115924,3.5992262002780837
exact,0,3498,111101100011,3.7113998168538163,3.5992262002780837
exact,0,3499,111101100100,3.8154829588419275,3.5992262002780837
exact,0,3500,111101100101,3.7135119555721583,3.5992262002780837
exact,0,3501,111101100110,3.7162337186917553,3.5992262002780837
exact,0,3502,111101100111,3.6185105365621255,3.5992262002780837
exact,0,3503,111101101000,3.8170602641994305,3.5992262002780837
exact,0,3504,111101101001,3.7148640207190446,3.5992262002780837
exact,0,3505,111101101010,3.7176116461867945,3.5992262002780837
exact,0,3506,111101101011,3.619667564902417,3.5992262002780837
exact,0,3507,111101101100,3.7194362291102383,3.5992262002780837
exact,0,3508,111101101101,3.6212183082923475,3.5992262002780837
exact,0,3509,111101101110,3.623443662531303,3.5992262002780837
exact,0,3510,111101110000,3.8180712802916195,3.5992262002780837
exact,0,3511,111101110001,3.7157334238228303,3.5992262002780837
exact,0,3512,111101110010,3.718497365422761,3.5992262002780837
exact,0,3513,111101110011,3.6204143823513153,3.5992262002780837
exact,0,3514,111101110100,3.720332681155294,3.5992262002780837
exact,0,3515,111101110101,3.6219751847536683,3.5992262002780837
exact,0,3516,111101110110,3.6242145940282118,3.5992262002780837
exact,0,3517,111101111000,3.7215476571574384,3.5992262002780837
exact,0,3518,111101111001,3.6230101854532153,3.5992262002780837
exact,0,3519,111101111010,3.625267765879956,3.5992262002780837
random,0,1,000001010001,4.837524227293928,4.837524227293928
random,0,2,100001010011,3.966346194739109,3.966346194739109
random,0,3,010110001110,3.842047193866155,3.842047193866155
random,0,4,100100101100,3.922136789625404,3.842047193866155
random,0,5,010100111001,3.8392573779652777,3.8392573779652777
random,0,6,010010110101,3.8372213839380445,3.8372213839380445
random,0,7,110100000100,3.993343326220949,3.8372213839380445
random,0,8,010001011100,3.931919031426216,3.8372213839380445
random,0,9,011001110111,3.680891306169183,3.680891306169183
random,0,10,010010101010,3.917013998270214,3.680891306169183
random,0,11,000110010000,4.206485020859736,3.680891306169183
random,0,12,111101110010,3.718497365422761,3.680891306169183
random,0,13,001111001011,3.758634059619842,3.680891306169183
random,0,14,111000000011,3.9097467375279913,3.680891306169183
random,0,15,101000011101,3.835614005697064,3.680891306169183
random,0,16,001001011101,3.8732838004111345,3.680891306169183
random,0,17,100011011101,3.7586813979007907,3.680891306169183
random,0,18,100010100001,4.041080430015219,3.680891306169183
random,0,19,011010000000,4.1222889241325,3.680891306169183
random,0,20,000000110011,4.754220245477198,3.680891306169183
random,0,21,011110100000,3.9658201218507263,3.680891306169183
random,0,22,101000010100,3.9953749100323015,3.680891306169183
random,0,23,000001001001,4.9321848706332565,3.680891306169183
random,0,24,101001010101,3.8514470286852704,3.680891306169183
random,0,25,000110110110,3.8581370332960567,3.680891306169183
random,0,26,110101101001,3.8000807762254554,3.680891306169183
random,0,27,110010110000,3.975411639513855,3.680891306169183
random,0,28,011000010011,3.9369805618949303,3.680891306169183
random,0,29,010101111010,3.766764637436085,3.680891306169183
random,0,30,001011001111,3.764303814733586,3.680891306169183
random,0,31,001010000111,4.077187175940561,3.680891306169183
random,0,32,000111010010,3.9280062900800066,3.680891306169183
random,0,33,001110010111,3.757125460918678,3.680891306169183
random,0,34,010011101011,3.7577355352349016,3.680891306169183
random,0,35,011001100100,3.9401867225380585,3.680891306169183
random,0,36,100000010101,4.320443729919663,3.680891306169183
random,0,37,111000001001,3.9228441529994584,3.680891306169183
random,0,38,100011100000,3.996867534626095,3.680891306169183
random,0,39,010101010001,3.9164269915394834,3.680891306169183
random,0,40,101110110000,3.899602596045569,3.680891306169183
random,0,41,010010100001,4.047158751840863,3.680891306169183
random,0,42,011001000011,3.9182945459266088,3.680891306169183
random,0,43,100011001000,3.9940838709590265,3.680891306169183
random,0,44,110111000110,3.804436705736687,3.680891306169183
random,0,45,001000110111,3.9416694542738613,3.680891306169183
random,0,46,110101011101,3.704259782035536,3.680891306169183
random,0,47,100100000111,4.045072434429272,3.680891306169183
random,0,48,011011011010,3.7794492461075797,3.680891306169183
random,0,49,011001000000,4.126173089211353,3.680891306169183
random,0,50,001001110110,3.853448569045378,3.680891306169183
random,0,51,111010010000,3.9914428831634003,3.680891306169183
random,0,52,101100110010,3.8826705439978655,3.680891306169183
random,0,53,001101011011,3.757841092602491,3.680891306169183
random,0,54,110101001110,3.795570896551228,3.680891306169183
random,0,55,111000110101,3.7940296764109562,3.680891306169183
random,0,56,101011100100,3.8878701553951016,3.680891306169183
random,0,57,001010100110,3.9252700693686413,3.680891306169183
random,0,58,010101001000,3.9947301912935003,3.680891306169183
random,0,59,010011010011,3.8359918533260116,3.680891306169183
random,0,60,000101100100,4.041445897223086,3.680891306169183
random,0,61,011001111010,3.771602734436575,3.680891306169183
random,0,62,010101010101,3.841685415311659,3.680891306169183
random,0,63,100010001101,3.9554974243140597,3.680891306169183
random,0,64,101011011011,3.6947313652907363,3.680891306169183
random,0,65,100101110001,3.855669831141724,3.680891306169183
random,0,66,101100010000,4.008100028224601,3.680891306169183
random,0,67,001000111011,3.9276795548618124,3.680891306169183
random,0,68,110100110001,3.881526824287361,3.680891306169183
random,0,69,100010010000,4.160328091220024,3.680891306169183
random,0,70,100011101000,3.9320227329232433,3.680891306169183
random,0,71,110100111000,3.895801862557478,3.680891306169183
random,0,72,000011001011,4.113390570713413,3.680891306169183
random,0,73,010010001100,4.031680813563745,3.680891306169183
random,0,74,010101110110,3.7657183390580755,3.680891306169183
random,0,75,000101000110,4.18316443324709,3.680891306169183
random,0,76,100001010101,3.9443675980718207,3.680891306169183
random,0,77,010101000011,3.921626905513075,3.680891306169183
random,0,78,100111100010,3.871962604437174,3.680891306169183
random,0,79,101011001000,3.9695596798397514,3.680891306169183
random,0,80,110101011011,3.7023731772555037,3.680891306169183
random,0,81,110001010100,3.9481726344045236,3.680891306169183
random,0,82,011011001001,3.860214175863791,3.680891306169183
random,0,83,101000100011,3.919250028615036,3.680891306169183
random,0,84,110111001111,3.614583391453389,3.614583391453389
random,0,85,010110101101,3.7658297100848253,3.614583391453389
random,0,86,111011010010,3.810997014634292,3.614583391453389
random,0,87,010110011001,3.8475234554249447,3.614583391453389
random,0,88,100101011001,3.849444700201933,3.614583391453389
random,0,89,101110001011,3.7852826656224186,3.614583391453389
random,0,90,001001000100,4.298384929773746,3.614583391453389
random,0,91,000111000010,4.036923456609134,3.614583391453389
random,0,92,100101101010,3.858016071359231,3.614583391453389
random,0,93,111001110010,3.8075593483336316,3.614583391453389
random,0,94,101100101100,3.882910262285457,3.614583391453389
random,0,95,001011010111,3.7613612876977798,3.614583391453389
random,0,96,101110101101,3.7026616051458414,3.614583391453389
random,0,97,100001010010,4.036041978942751,3.614583391453389
random,0,98,111011110000,3.816878482324554,3.614583391453389
random,0,99,010001110110,3.8451837877853765,3.614583391453389
random,0,100,101101001000,3.9747003145343847,3.614583391453389
random,0,101,001000100010,4.458838437946258,3.614583391453389
random,0,102,100110101010,3.8645854730781535,3.614583391453389
random,0,103,011110111001,3.6941015729105984,3.614583391453389
random,0,104,001100010111,3.8582760483419385,3.614583391453389
random,0,105,110010110101,3.787676950803005,3.614583391453389
random,0,106,001001000101,4.20586239399877,3.614583391453389
random,0,107,001111000100,3.9269027985339187,3.614583391453389
random,0,108,100110100011,3.8470914580617093,3.614583391453389
random,0,109,001011101010,3.839786581111391,3.614583391453389
random,0,110,001101000010,4.0065481282424,3.614583391453389
random,0,111,010100111100,3.842800973982655,3.614583391453389
random,0,112,101100100111,3.7753797793277424,3.614583391453389
random,0,113,000010000010,5.459038624387481,3.614583391453389
random,0,114,110101011010,3.8016190732036614,3.614583391453389
random,0,115,110010000000,4.113079508329696,3.614583391453389
random,0,116,101111000101,3.7947980160773978,3.614583391453389
random,0,117,001101010110,3.8392099392097467,3.614583391453389
random,0,118,001101010010,3.9188142308946685,3.614583391453389
random,0,119,001011110101,3.7602544061022676,3.614583391453389
random,0,120,110001010001,3.9236692070463115,3.614583391453389
random,0,121,011101011001,3.7799213348940377,3.614583391453389
random,0,122,101000101100,3.92522936908259,3.614583391453389
random,0,123,101010010100,3.9516408672783268,3.614583391453389
random,0,124,010010111000,3.920650219381788,3.614583391453389
random,0,125,110000110100,3.9346982326799096,3.614583391453389
random,0,126,110000010000,4.142532832792582,3.614583391453389
random,0,127,010100000100,4.2567855266011305,3.614583391453389
random,0,128,111010010011,3.796094919843281,3.614583391453389
random,1,1,000001101000,4.446972703753515,4.446972703753515
random,1,2,011001110101,3.768245006026874,3.768245006026874
random,1,3,100010101000,3.9941058703484136,3.768245006026874
random,1,4,011100001011,3.8387918024566368,3.768245006026874
random,1,5,000001100001,4.789556326641361,3.768245006026874
random,1,6,110000111011,3.761003746362469,3.761003746362469
random,1,7,101110001110,3.791872615206445,3.761003746362469
random,1,8,110110101100,3.80812480584915,3.761003746362469
random,1,9,010100010110,3.9210765989566596,3.761003746362469
random,1,10,101110000011,3.859698157234038,3.761003746362469
random,1,11,001010110111,3.7658227039567893,3.761003746362469
random,1,12,011100100001,3.924908139425495,3.761003746362469
random,1,13,010110100000,4.000966372476867,3.761003746362469
random,1,14,100001101111,3.7723276871561953,3.761003746362469
random,1,15,011011010111,3.6854914162086803,3.6854914162086803
random,1,16,011000010010,4.010597109252197,3.6854914162086803
random,1,17,111100100001,3.8937588981916065,3.6854914162086803
random,1,18,111000100000,4.015790676613078,3.6854914162086803
random,1,19,011000001111,3.8741370707286755,3.6854914162086803
random,1,20,111100001100,3.900002635062692,3.6854914162086803
random,1,21,011100010100,3.9440102414153473,3.6854914162086803
random,1,22,011100010010,3.935168856412123,3.6854914162086803
random,1,23,000100010100,4.438133150601157,3.6854914162086803
random,1,24,111101001010,3.810636842598995,3.6854914162086803
random,1,25,011000010100,3.998223009856907,3.6854914162086803
random,1,26,101111000100,3.896667776979477,3.6854914162086803
random,1,27,101001100000,4.00582492794302,3.6854914162086803
random,1,28,110110010001,3.8879484346866877,3.6854914162086803
random,1,29,001101011101,3.7584663676048518,3.6854914162086803
random,1,30,011100000111,3.8330403263766337,3.6854914162086803
random,1,31,000110101101,3.863782479934927,3.6854914162086803
random,1,32,000010001001,4.87654078065865,3.6854914162086803
random,1,33,100111001110,3.7772434950697087,3.6854914162086803
random,1,34,000001001111,4.5675813035666115,3.6854914162086803
random,1,35,111101100010,3.8130100281115924,3.6854914162086803
random,1,36,011000000111,4.046569430728754,3.6854914162086803
random,1,37,111011101110,3.6226726236644655,3.6226726236644655
random,1,38,011000100010,3.999590782724903,3.6226726236644655
random,1,39,000011000000,4.895205980182069,3.6226726236644655
random,1,40,100110011110,3.770382624281038,3.6226726236644655
random,1,41,111001011001,3.8004568789567656,3.6226726236644655
random,1,42,010011101010,3.8425148704656515,3.6226726236644655
random,1,43,101100001111,3.7620868925417885,3.6226726236644655
random,1,44,010101010100,3.9302497564172207,3.6226726236644655
random,1,45,011100101010,3.865872081911583,3.6226726236644655
random,1,46,001101010000,3.995216906095244,3.6226726236644655
random,1,47,000100100010,4.4795058766027385,3.6226726236644655
random,1,48,111100010001,3.891559896058741,3.6226726236644655
random,1,49,010110100110,3.851466847376112,3.6226726236644655
random,1,50,101010011000,3.957671801347955,3.6226726236644655
random,1,51,010111001010,3.8574694222942654,3.6226726236644655
random,1,52,101001110010,3.869090812866291,3.6226726236644655
random,1,53,000111000110,3.939241528510023,3.6226726236644655
random,1,54,001110001100,3.9201150251337302,3.6226726236644655
random,1,55,111000101001,3.880029394782392,3.6226726236644655
random,1,56,010001101010,3.924341568727483,3.6226726236644655
random,1,57,101011011110,3.6985334322333485,3.6226726236644655
random,1,58,001010001110,3.9659387454126898,3.6226726236644655
random,1,59,011010000101,3.9120068102250363,3.6226726236644655
random,1,60,101100000000,4.113678830760332,3.6226726236644655
random,1,61,110100001110,3.856936862754725,3.6226726236644655
random,1,62,011011000000,4.005673425972387,3.6226726236644655
random,1,63,011001100111,3.7618329410507356,3.6226726236644655
random,1,64,001011101011,3.7599584419058885,3.6226726236644655
random,1,65,111101100111,3.6185105365621255,3.6185105365621255
random,1,66,011110110111,3.6041090731990693,3.6041090731990693
random,1,67,111001111001,3.7103446596815015,3.6041090731990693
random,1,68,000010000100,5.199699036487547,3.6041090731990693
random,1,69,011001101110,3.7685730403374817,3.6041090731990693
random,1,70,011011010001,3.8627418281783275,3.6041090731990693
random,1,71,011010101001,3.8577081910427578,3.6041090731990693
random,1,72,010000010011,4.448841078650625,3.6041090731990693
random,1,73,101011011010,3.7912455986541818,3.6041090731990693
random,1,74,011000110000,3.9957455773109842,3.6041090731990693
random,1,75,111001001001,3.8842504123171513,3.6041090731990693
random,1,76,101110011110,3.703489386934001,3.6041090731990693
random,1,77,101101110000,3.897247582255512,3.6041090731990693
random,1,78,111001011101,3.706151526993993,3.6041090731990693
random,1,79,011010001011,3.837855444403946,3.6041090731990693
random,1,80,010010101100,3.9180134881542874,3.6041090731990693
random,1,81,100100010011,3.935808439572732,3.6041090731990693
random,1,82,101101011100,3.7977344635032972,3.6041090731990693
random,1,83,101101100100,3.893269792434193,3.6041090731990693
random,1,84,111011000000,3.9951987136946974,3.6041090731990693
random,1,85,101000000001,4.596182183978229,3.6041090731990693
random,1,86,110110110001,3.8035391944488555,3.6041090731990693
random,1,87,010001111010,3.844457083425767,3.6041090731990693
random,1,88,100110001100,3.932937029209972,3.6041090731990693
random,1,89,110010000011,3.91096748636839,3.6041090731990693
random,1,90,000110001111,3.9354025851897125,3.6041090731990693
random,1,91,101010001011,3.8413267222993697,3.6041090731990693
random,1,92,000000000011,6.804424514172646,3.6041090731990693
random,1,93,101001000100,3.991888879442328,3.6041090731990693
random,1,94,000011001101,4.086502035442908,3.6041090731990693
random,1,95,100011110100,3.849356021117421,3.6041090731990693
random,1,96,010100000011,4.301656000365825,3.6041090731990693
random,1,97,001001000111,4.100386867997338,3.6041090731990693
random,1,98,000001011100,4.37998888289292,3.6041090731990693
random,1,99,000001011110,4.33058250331382,3.6041090731990693
random,1,100,101100100111,3.7753797793277424,3.6041090731990693
random,1,101,001011110001,3.838928608864954,3.6041090731990693
random,1,102,111101110010,3.718497365422761,3.6041090731990693
random,1,103,001011100000,3.996022443440402,3.6041090731990693
random,1,104,101011001000,3.9695596798397514,3.6041090731990693
random,1,105,001111011011,3.6789250754183294,3.6041090731990693
random,1,106,110001001011,3.83993668101982,3.6041090731990693
random,1,107,110101110110,3.7095877521854796,3.6041090731990693
random,1,108,110000100111,3.8328237489219954,3.6041090731990693
random,1,109,000111000111,3.871214449419277,3.6041090731990693
random,1,110,001101010010,3.9188142308946685,3.6041090731990693
random,1,111,001011110110,3.7609495252410974,3.6041090731990693
random,1,112,110000001111,3.865828566809319,3.6041090731990693
random,1,113,001110101110,3.760425120552907,3.6041090731990693
random,1,114,111001000111,3.7840727981211697,3.6041090731990693
random,1,115,110111101101,3.6187796789813453,3.6041090731990693
random,1,116,101001000010,3.9918709738207676,3.6041090731990693
random,1,117,110101000110,3.8815467288726606,3.6041090731990693
random,1,118,110010000000,4.113079508329696,3.6041090731990693
random,1,119,000101011001,3.976104712565745,3.6041090731990693
random,1,120,101100100011,3.8558394488897036,3.6041090731990693
random,1,121,111001011011,3.70421045533871,3.6041090731990693
random,1,122,100010111001,3.8379197674026213,3.6041090731990693
random,1,123,110000011011,3.8348755768386207,3.6041090731990693
random,1,124,111010110000,3.910524142429379,3.6041090731990693
random,1,125,110011011011,3.698661531668349,3.6041090731990693
random,1,126,110000011101,3.8351702269414325,3.6041090731990693
random,1,127,110000100101,3.911682367191283,3.6041090731990693
random,1,128,000100011101,4.174077189077786,3.6041090731990693
random,2,1,100101001000,3.996014069041382,3.996014069041382
random,2,2,011011001011,3.7707377128400994,3.7707377128400994
random,2,3,000010100010,4.521472746753338,3.7707377128400994
random,2,4,001000011000,4.359472957655894,3.7707377128400994
random,2,5,011000011011,3.8382055145360066,3.7707377128400994
random,2,6,011110011110,3.6931235451294806,3.6931235451294806
random,2,7,001110011010,3.8417292518344928,3.6931235451294806
random,2,8,000000011101,5.031369970888033,3.6931235451294806
random,2,9,110010011101,3.7782181149376863,3.6931235451294806
random,2,10,011001000000,4.126173089211353,3.6931235451294806
random,2,11,001101011101,3.7584663676048518,3.6931235451294806
random,2,12,100101001010,3.9231823082097255,3.6931235451294806
random,2,13,001100001000,4.202730600290089,3.6931235451294806
random,2,14,110101110100,3.807318301372145,3.6931235451294806
random,2,15,100111000001,3.9257045460580575,3.6931235451294806
random,2,16,100111101011,3.6888710803557028,3.6888710803557028
random,2,17,000110101000,4.015744550711919,3.6888710803557028
random,2,18,111001110000,3.9078274647106097,3.6888710803557028
random,2,19,110000110111,3.7587431438846783,3.6888710803557028
random,2,20,101101101111,3.609208502280963,3.609208502280963
random,2,21,001110001000,3.9946590911576005,3.609208502280963
random,2,22,100010001000,4.193926771067305,3.609208502280963
random,2,23,101011001110,3.7861633107739627,3.609208502280963
random,2,24,110101101000,3.9032266909685776,3.609208502280963
random,2,25,010101001111,3.7557862248374976,3.609208502280963
random,2,26,101010000001,4.014188378592456,3.609208502280963
random,2,27,010010110111,3.758717082967577,3.609208502280963
random,2,28,100100000101,4.154633888831407,3.609208502280963
random,2,29,100011110111,3.677715662586432,3.609208502280963
random,2,30,011101101111,3.6027771069599543,3.6027771069599543
random,2,31,000000010001,5.9902795717755914,3.6027771069599543
random,2,32,010110100111,3.7613309114519065,3.6027771069599543
random,2,33,100110011100,3.8617108670609923,3.6027771069599543
random,2,34,101011010110,3.7892597993978625,3.6027771069599543
random,2,35,111011110001,3.7147840644965022,3.6027771069599543
random,2,36,001011001100,3.9187698353359823,3.6027771069599543
random,2,37,001110110000,3.929609808014393,3.6027771069599543
random,2,38,000001010000,5.013541199954165,3.6027771069599543
random,2,39,111101001001,3.806826304163341,3.6027771069599543
random,2,40,000001001100,4.6909249008775475,3.6027771069599543
random,2,41,011011110100,3.7833520121788626,3.6027771069599543
random,2,42,011011101100,3.7823794364537973,3.6027771069599543
random,2,43,000001000001,5.868450530272736,3.6027771069599543
random,2,44,101000001110,3.9357717148046008,3.6027771069599543
random,2,45,010001110010,3.921974905137819,3.6027771069599543
random,2,46,010000111010,3.974526002855636,3.6027771069599543
random,2,47,000011001101,4.086502035442908,3.6027771069599543
random,2,48,101101111010,3.7057539978825105,3.6027771069599543
random,2,49,001101101110,3.7597464002592083,3.6027771069599543
random,2,50,011110101000,3.8807521969594165,3.6027771069599543
random,2,51,000011011100,4.02270038451752,3.6027771069599543
random,2,52,010111000111,3.7625403380846385,3.6027771069599543
random,2,53,101000100111,3.8333453473489616,3.6027771069599543
random,2,54,010010011101,3.844966820762518,3.6027771069599543
random,2,55,110110100010,3.898195799827894,3.6027771069599543
random,2,56,000101110010,3.948658472373886,3.6027771069599543
random,2,57,100110001111,3.7578414016031445,3.6027771069599543
random,2,58,010110111100,3.7719916360342354,3.6027771069599543
random,2,59,000111100101,3.8512901271036695,3.6027771069599543
random,2,60,111010001110,3.799773040647185,3.6027771069599543
random,2,61,010101110111,3.67874503592147,3.6027771069599543
random,2,62,001100111011,3.75968401662525,3.6027771069599543
random,2,63,110001101100,3.8740871139167155,3.6027771069599543
random,2,64,101000100010,3.995834952910623,3.6027771069599543
random,2,65,001010000111,4.077187175940561,3.6027771069599543
random,2,66,101010000011,3.912195111331125,3.6027771069599543
random,2,67,011000110110,3.8418316288418737,3.6027771069599543
random,2,68,101100111011,3.6951459328557648,3.6027771069599543
random,2,69,100011000110,3.9152058532610936,3.6027771069599543
random,2,70,011101100010,3.8734465262080295,3.6027771069599543
random,2,71,011110000101,3.8595529517508878,3.6027771069599543
random,2,72,101000110111,3.757776377786515,3.6027771069599543
random,2,73,001000101110,4.035189372755007,3.6027771069599543
random,2,74,100010000111,4.05651800142612,3.6027771069599543
random,2,75,000010010100,4.4805951922045635,3.6027771069599543
random,2,76,101100101101,3.783799545261854,3.6027771069599543
random,2,77,101011001000,3.9695596798397514,3.6027771069599543
random,2,78,111100000010,3.9633037126582633,3.6027771069599543
random,2,79,101000101011,3.8351088551558465,3.6027771069599543
random,2,80,000101011110,3.899641014265793,3.6027771069599543
random,2,81,110101010000,3.986022588434047,3.6027771069599543
random,2,82,101100011010,3.8713389300516896,3.6027771069599543
random,2,83,011011100011,3.773946969528077,3.6027771069599543
random,2,84,110100011001,3.870069678759502,3.6027771069599543
random,2,85,101101001001,3.876183092585285,3.6027771069599543
random,2,86,011110001100,3.873752306711621,3.6027771069599543
random,2,87,111010001000,3.986694911742268,3.6027771069599543
random,2,88,100111100001,3.8661849000074575,3.6027771069599543
random,2,89,001100110000,3.9955678129425913,3.6027771069599543
random,2,90,101011010010,3.881920656769926,3.6027771069599543
random,2,91,110011000111,3.778779828745299,3.6027771069599543
random,2,92,010111100100,3.8636630486651535,3.6027771069599543
random,2,93,011010010100,3.9411370236471615,3.6027771069599543
random,2,94,011100010100,3.9440102414153473,3.6027771069599543
random,2,95,010110000000,4.127430347389705,3.6027771069599543
random,2,96,101101011101,3.699694218043844,3.6027771069599543
random,2,97,000101111011,3.811450783761751,3.6027771069599543
random,2,98,000001011000,4.515808248513029,3.6027771069599543
random,2,99,111000011101,3.7832117123741904,3.6027771069599543
random,2,100,111100100100,3.907262103642928,3.6027771069599543
random,2,101,111011100110,3.715280661491275,3.6027771069599543
random,2,102,100111001110,3.7772434950697087,3.6027771069599543
random,2,103,110111010011,3.70770371736115,3.6027771069599543
random,2,104,010000101001,4.1678551325115,3.6027771069599543
random,2,105,000110101111,3.7962285549533976,3.6027771069599543
random,2,106,000010000101,5.06021380558453,3.6027771069599543
random,2,107,000111001100,3.9292239909925373,3.6027771069599543
random,2,108,001001110110,3.853448569045378,3.6027771069599543
random,2,109,010001101110,3.8483361820299313,3.6027771069599543
random,2,110,101111001010,3.8004099765684676,3.6027771069599543
random,2,111,111000000100,3.993604167188294,3.6027771069599543
random,2,112,011001000101,3.912300785977595,3.6027771069599543
random,2,113,011010010110,3.853183552868277,3.6027771069599543
random,2,114,100110000101,3.9118063005900625,3.6027771069599543
random,2,115,100100000011,4.29562969479353,3.6027771069599543
random,2,116,101011000011,3.8554591285105166,3.6027771069599543
random,2,117,000110011010,3.949104820844418,3.6027771069599543
random,2,118,110000001010,4.0312186701327555,3.6027771069599543
random,2,119,001000100010,4.458838437946258,3.6027771069599543
random,2,120,100100110101,3.839803192917197,3.6027771069599543
random,2,121,110011110000,3.898552483247943,3.6027771069599543
random,2,122,001000001011,4.600561155161841,3.6027771069599543
random,2,123,010110000111,3.8338048070317576,3.6027771069599543
random,2,124,111000010001,3.9308021122111545,3.6027771069599543
random,2,125,011011000101,3.855573422236737,3.6027771069599543
random,2,126,110110010001,3.8879484346866877,3.6027771069599543
random,2,127,110101000110,3.8815467288726606,3.6027771069599543
random,2,128,000100100010,4.4795058766027385,3.6027771069599543
annealing,0,1,000000000000,7.755587660344856,7.755587660344856
annealing,0,2,010000000000,6.127335976256955,6.127335976256955
annealing,0,3,010000000100,5.163900091105064,5.163900091105064
annealing,0,4,010000010100,4.4075722613141775,4.4075722613141775
annealing,0,5,010001010100,4.02186696974797,4.02186696974797
annealing,0,6,010001010110,3.9430877243877567,3.9430877243877567
annealing,0,7,011001010110,3.84865105029684,3.84865105029684
annealing,0,8,001001010110,3.953971461244836,3.84865105029684
annealing,0,9,011001011110,3.7653191881704724,3.7653191881704724
annealing,0,10,011001011010,3.8521104850588928,3.7653191881704724
annealing,0,11,001001011110,3.8719454612499673,3.7653191881704724
annealing,0,12,001011011110,3.7615964560128936,3.7615964560128936
annealing,0,13,000011011110,3.9656770548562257,3.7615964560128936
annealing,0,14,001001011010,3.9440397295482845,3.7615964560128936
annealing,0,15,011001111010,3.771602734436575,3.7615964560128936
annealing,0,16,011001111000,3.862857832082655,3.7615964560128936
annealing,0,17,111001111010,3.712965688211374,3.712965688211374
annealing,0,18,111101111010,3.625267765879956,3.625267765879956
annealing,0,19,111101101010,3.7176116461867945,3.625267765879956
annealing,0,20,111101110010,3.718497365422761,3.625267765879956
annealing,0,21,111100111010,3.7158296898194423,3.625267765879956
annealing,0,22,111101111000,3.7215476571574384,3.625267765879956
annealing,0,23,111100111000,3.814951664135865,3.625267765879956
annealing,0,24,111100011000,3.9076067329691613,3.625267765879956
annealing,0,25,101100111000,3.8890462751479262,3.625267765879956
annealing,0,26,111100111001,3.713124191007623,3.625267765879956
annealing,0,27,111000111001,3.796220845269619,3.625267765879956
annealing,0,28,011100111001,3.777305230350307,3.625267765879956
annealing,0,29,011101111001,3.693018431046581,3.625267765879956
annealing,0,30,001101111001,3.7596710009045458,3.625267765879956
annealing,0,31,001101011001,3.838642804130826,3.625267765879956
annealing,0,32,001101110001,3.840372327517506,3.625267765879956
annealing,0,33,001101101001,3.839630972654252,3.625267765879956
annealing,0,34,001100111001,3.83814439466396,3.625267765879956
annealing,0,35,001101111011,3.67945912350219,3.625267765879956
annealing,0,36,001001111011,3.7823313592765717,3.625267765879956
annealing,0,37,001101101011,3.7579293281214827,3.625267765879956
annealing,0,38,011101101011,3.689811440251014,3.625267765879956
annealing,0,39,011101101111,3.6027771069599543,3.6027771069599543
annealing,0,40,011001101111,3.6797730820585275,3.6027771069599543
annealing,0,41,001101101111,3.679172583690108,3.6027771069599543
annealing,0,42,001100101111,3.7627008128083754,3.6027771069599543
annealing,0,43,001101100111,3.7574178998461356,3.6027771069599543
annealing,0,44,101101101111,3.609208502280963,3.6027771069599543
annealing,0,45,101101101011,3.6993688700474467,3.6027771069599543
annealing,0,46,101101001111,3.6936609802497635,3.6027771069599543
annealing,0,47,101101101110,3.7034841522524573,3.6027771069599543
annealing,0,48,100101101111,3.680294486681156,3.6027771069599543
annealing,0,49,000101101111,3.820647571917284,3.6027771069599543
annealing,0,50,001101101110,3.7597464002592083,3.6027771069599543
annealing,0,51,001001101111,3.789869914007414,3.6027771069599543
annealing,0,52,001101001111,3.7588779069480327,3.6027771069599543
annealing,0,53,011101100011,3.7767455152952634,3.6027771069599543
annealing,0,54,011100101011,3.771031109392711,3.6027771069599543
annealing,0,55,011101101010,3.7839796630959954,3.6027771069599543
annealing,0,56,011101111011,3.604185740384453,3.6027771069599543
annealing,0,57,011101111010,3.694979797370238,3.6027771069599543
annealing,0,58,011100111011,3.68691644096084,3.6027771069599543
annealing,0,59,011001111011,3.6818292647850206,3.6027771069599543
annealing,0,60,011101110011,3.690618720739323,3.6027771069599543
annealing,0,61,011101011011,3.6887929571365947,3.6027771069599543
annealing,0,62,010101111011,3.679474676405672,3.6027771069599543
annealing,0,63,111101101011,3.619667564902417,3.6027771069599543
annealing,0,64,111001101011,3.7058748386178224,3.6027771069599543
annealing,0,65,111101101001,3.7148640207190446,3.6027771069599543
annealing,0,66,111100101011,3.708489485412474,3.6027771069599543
annealing,0,67,110101101011,3.703968676144375,3.6027771069599543
annealing,0,68,111101001011,3.709416653429077,3.6027771069599543
annealing,0,69,111101100011,3.7113998168538163,3.6027771069599543
annealing,0,70,000011011100,4.02270038451752,3.6027771069599543
annealing,0,71,000011010110,4.040200112608674,3.6027771069599543
annealing,0,72,000111011110,3.7802172100939693,3.6027771069599543
annealing,0,73,000110011110,3.8777498038347145,3.6027771069599543
annealing,0,74,000101011110,3.899641014265793,3.6027771069599543
annealing,0,75,010111011110,3.685133402441681,3.6027771069599543
annealing,0,76,110111011110,3.620289586261825,3.6027771069599543
annealing,0,77,110011011110,3.7027534492304803,3.6027771069599543
annealing,0,78,110110011110,3.708428386177661,3.6027771069599543
annealing,0,79,110111011010,3.7136473859625956,3.6027771069599543
annealing,0,80,110111001110,3.7110917135440626,3.6027771069599543
annealing,0,81,110111011100,3.7153974139907198,3.6027771069599543
annealing,0,82,110111010110,3.7123299697464303,3.6027771069599543
annealing,0,83,100111011110,3.691114718121844,3.6027771069599543
annealing,0,84,110101011110,3.7067155391355047,3.6027771069599543
annealing,0,85,101111001011,3.7016209542905694,3.6027771069599543
annealing,0,86,100111001011,3.77219831148112,3.6027771069599543
annealing,0,87,101111001111,3.6109298335950073,3.6027771069599543
annealing,0,88,101110001111,3.694926206092387,3.6027771069599543
annealing,0,89,101011001111,3.6908184011017697,3.6027771069599543
annealing,0,90,100111001111,3.6848700065579556,3.6027771069599543
annealing,0,91,001111001111,3.6782272936479097,3.6027771069599543
annealing,0,92,101111001110,3.705871722248956,3.6027771069599543
annealing,0,93,101111001101,3.703465895944924,3.6027771069599543
annealing,0,94,101111000111,3.6997822791424597,3.6027771069599543
annealing,0,95,101100101101,3.783799545261854,3.6027771069599543
annealing,0,96,001100101101,3.838816404857408,3.6027771069599543
annealing,0,97,101100100101,3.8663644986885446,3.6027771069599543
annealing,0,98,101101101101,3.7011519138787423,3.6027771069599543
annealing,0,99,101100101111,3.6911650745892195,3.6027771069599543
annealing,0,100,101001101111,3.684022701606406,3.6027771069599543
annealing,0,101,101101100111,3.697606573595157,3.6027771069599543
annealing,0,102,110011010001,3.8807622329254916,3.6027771069599543
annealing,0,103,100011010001,3.9151732697185557,3.6027771069599543
annealing,0,104,110011010101,3.7912667584553383,3.6027771069599543
annealing,0,105,110001010101,3.854383326168251,3.6027771069599543
annealing,0,106,110011010111,3.696912798138669,3.6027771069599543
annealing,0,107,110010010111,3.770780728405874,3.6027771069599543
annealing,0,108,110011110111,3.6105989776725935,3.6027771069599543
annealing,0,109,110001110111,3.688249666024505,3.6027771069599543
annealing,0,110,110010110111,3.694143250135206,3.6027771069599543
annealing,0,111,010011110111,3.6782761673892184,3.6027771069599543
annealing,0,112,110011110011,3.7011736712499514,3.6027771069599543
annealing,0,113,110011110110,3.7053946042078634,3.6027771069599543
annealing,0,114,110011110101,3.703004989804126,3.6027771069599543
annealing,0,115,110011100111,3.698319459785044,3.6027771069599543
annealing,0,116,100011110111,3.677715662586432,3.6027771069599543
annealing,0,117,010100111001,3.8392573779652777,3.6027771069599543
annealing,0,118,000100111001,4.023318673092611,3.6027771069599543
annealing,0,119,010100111011,3.756999347864801,3.6027771069599543
annealing,0,120,010100111010,3.841449254260553,3.6027771069599543
annealing,0,121,000100111011,3.9585990026852107,3.6027771069599543
annealing,0,122,010100110011,3.835689242711968,3.6027771069599543
annealing,0,123,010101011011,3.7591981991410504,3.6027771069599543
annealing,0,124,000101111011,3.811450783761751,3.6027771069599543
annealing,0,125,100010100100,3.9955944327191673,3.6027771069599543
annealing,0,126,100010110100,3.92099222509838,3.6027771069599543
annealing,0,127,100010111100,3.8407745562985953,3.6027771069599543
annealing,0,128,100010111000,3.922775311756232,3.6027771069599543
annealing,1,1,000000000000,7.755587660344856,7.755587660344856
annealing,1,2,000000100000,6.1954418789566335,6.1954418789566335
annealing,1,3,000000110000,5.1142524443396935,5.1142524443396935
annealing,1,4,000010110000,4.320003548833147,4.320003548833147
annealing,1,5,100010110000,3.9944675717005818,3.9944675717005818
annealing,1,6,100010010000,4.160328091220024,3.9944675717005818
annealing,1,7,100010110001,3.914514544763659,3.914514544763659
annealing,1,8,101010110001,3.87161793822605,3.87161793822605
annealing,1,9,101010110011,3.7799517161560545,3.7799517161560545
annealing,1,10,101010110111,3.69073756993328,3.69073756993328
annealing,1,11,101000110111,3.757776377786515,3.69073756993328
annealing,1,12,101100110111,3.6935343117689308,3.69073756993328
annealing,1,13,101100100111,3.7753797793277424,3.69073756993328
annealing,1,14,101101110111,3.610067551533585,3.610067551533585
annealing,1,15,101101110101,3.7022141143856975,3.610067551533585
annealing,1,16,101101110001,3.795403562241522,3.610067551533585
annealing,1,17,101001110001,3.863533759512371,3.610067551533585
annealing,1,18,101000110001,3.9166642185724707,3.610067551533585
annealing,1,19,001101110001,3.840372327517506,3.610067551533585
annealing,1,20,001101110011,3.7583018673904918,3.610067551533585
annealing,1,21,001100110011,3.837785111565259,3.610067551533585
annealing,1,22,001101111011,3.67945912350219,3.610067551533585
annealing,1,23,001101111010,3.760797874153242,3.610067551533585
annealing,1,24,101101111011,3.6110425410905673,3.610067551533585
annealing,1,25,001101111001,3.7596710009045458,3.610067551533585
annealing,1,26,011101111001,3.693018431046581,3.610067551533585
annealing,1,27,011101111011,3.604185740384453,3.604185740384453
annealing,1,28,011001111011,3.6818292647850206,3.604185740384453
annealing,1,29,011101101011,3.689811440251014,3.604185740384453
annealing,1,30,001101011011,3.757841092602491,3.604185740384453
annealing,1,31,001100111011,3.75968401662525,3.604185740384453
annealing,1,32,001001111011,3.7823313592765717,3.604185740384453
annealing,1,33,011101011011,3.6887929571365947,3.604185740384453
annealing,1,34,010101111011,3.679474676405672,3.604185740384453
annealing,1,35,011100111001,3.777305230350307,3.604185740384453
annealing,1,36,011101110001,3.782240047360976,3.604185740384453
annealing,1,37,000101111011,3.811450783761751,3.604185740384453
annealing,1,38,001101101011,3.7579293281214827,3.604185740384453
annealing,1,39,011101111010,3.694979797370238,3.604185740384453
annealing,1,40,011101110011,3.690618720739323,3.604185740384453
annealing,1,41,011100111011,3.68691644096084,3.604185740384453
annealing,1,42,011001011011,3.7618061620267325,3.604185740384453
annealing,1,43,111101011011,3.619029127222327,3.604185740384453
annealing,1,44,110101011011,3.7023731772555037,3.604185740384453
annealing,1,45,101101011011,3.6979480981985806,3.604185740384453
annealing,1,46,111100011011,3.706736903008484,3.604185740384453
annealing,1,47,111100011001,3.803592821039821,3.604185740384453
annealing,1,48,101100011011,3.774772894752102,3.604185740384453
annealing,1,49,111100011010,3.807294046982769,3.604185740384453
annealing,1,50,011100011011,3.7669310293810265,3.604185740384453
annealing,1,51,010100011011,3.8406259178595605,3.604185740384453
annealing,1,52,011100001011,3.8387918024566368,3.604185740384453
annealing,1,53,011101011010,3.7825964649942763,3.604185740384453
annealing,1,54,011101010011,3.7755223440784396,3.604185740384453
annealing,1,55,011101011001,3.7799213348940377,3.604185740384453
annealing,1,56,010101011011,3.7591981991410504,3.604185740384453
annealing,1,57,011100111010,3.7798591297749033,3.604185740384453
annealing,1,58,011101111000,3.7879078360664686,3.604185740384453
annealing,1,59,011001111010,3.771602734436575,3.604185740384453
annealing,1,60,011100101011,3.771031109392711,3.604185740384453
annealing,1,61,011000111011,3.7576100090028697,3.604185740384453
annealing,1,62,011110111011,3.604899795160103,3.604185740384453
annealing,1,63,011110111001,3.6941015729105984,3.604185740384453
annealing,1,64,001110111011,3.6788697270146473,3.604185740384453
annealing,1,65,011110111010,3.6961057215042334,3.604185740384453
annealing,1,66,011010111011,3.68505139693395,3.604185740384453
annealing,1,67,011110011011,3.6897552981011956,3.604185740384453
annealing,1,68,011110101011,3.6908137565703867,3.604185740384453
annealing,1,69,011110110011,3.691644536673173,3.604185740384453
annealing,1,70,010110111011,3.681400745867704,3.604185740384453
annealing,1,71,110010100001,3.9317713870170548,3.604185740384453
annealing,1,72,111010100001,3.8926553195374853,3.604185740384453
annealing,1,73,101010100001,3.929092926464275,3.604185740384453
annealing,1,74,111010100011,3.7980304084359346,3.604185740384453
annealing,1,75,111011100011,3.710497588791102,3.604185740384453
annealing,1,76,111001100011,3.796034529606887,3.604185740384453
annealing,1,77,011011100011,3.773946969528077,3.604185740384453
annealing,1,78,111011100010,3.8118676359069696,3.604185740384453
annealing,1,79,111011100111,3.6177943914369006,3.604185740384453
annealing,1,80,111011100110,3.715280661491275,3.604185740384453
annealing,1,81,110011100111,3.698319459785044,3.604185740384453
annealing,1,82,111011100101,3.7125863739631164,3.604185740384453
annealing,1,83,111010100111,3.7055595898571516,3.604185740384453
annealing,1,84,111011000111,3.7064453741786805,3.604185740384453
annealing,1,85,011011100111,3.6863761482510156,3.604185740384453
annealing,1,86,101011100111,3.694392418710464,3.604185740384453
annealing,1,87,111001100111,3.703866773563,3.604185740384453
annealing,1,88,101011100001,3.8769104132906183,3.604185740384453
annealing,1,89,001011100001,3.916769045708707,3.604185740384453
annealing,1,90,101011100101,3.7878304565928067,3.604185740384453
annealing,1,91,101011101101,3.6976982570472434,3.604185740384453
annealing,1,92,101001101101,3.7736969000470633,3.604185740384453
annealing,1,93,111011101101,3.6204712457648336,3.604185740384453
annealing,1,94,111011101100,3.7184501110099104,3.604185740384453
annealing,1,95,011011101101,3.6889715960558385,3.604185740384453
annealing,1,96,111001101101,3.7078568166567694,3.604185740384453
annealing,1,97,110011101101,3.7019241315748066,3.604185740384453
annealing,1,98,111011101001,3.713923837868597,3.604185740384453
annealing,1,99,111010101101,3.70965668087512,3.604185740384453
annealing,1,100,111011001101,3.71059062059291,3.604185740384453
annealing,1,101,110011000101,3.870480554198099,3.604185740384453
annealing,1,102,110001000101,3.9115934680839364,3.604185740384453
annealing,1,103,110011000111,3.778779828745299,3.604185740384453
annealing,1,104,110011000011,3.8590558220376416,3.604185740384453
annealing,1,105,110111000111,3.7044941559294258,3.604185740384453
annealing,1,106,110111000101,3.8008351561460496,3.604185740384453
annealing,1,107,110111100111,3.6161805088714307,3.604185740384453
annealing,1,108,100111100111,3.6875585855780306,3.604185740384453
annealing,1,109,110111100011,3.7084110519591635,3.604185740384453
annealing,1,110,110111100110,3.7130664582820687,3.604185740384453
annealing,1,111,110110100111,3.7036435762682274,3.604185740384453
annealing,1,112,110101100111,3.702029732517619,3.604185740384453
annealing,1,113,010111100111,3.682198932290102,3.604185740384453
annealing,1,114,110111100101,3.7104412789724486,3.604185740384453
annealing,1,115,001100101011,3.839516951178161,3.604185740384453
annealing,1,116,001100111001,3.83814439466396,3.604185740384453
annealing,1,117,101100111011,3.6951459328557648,3.604185740384453
annealing,1,118,101100111001,3.7887798329654596,3.604185740384453
annealing,1,119,101100111010,3.7918830687166243,3.604185740384453
annealing,1,120,101110111011,3.6121953629167463,3.604185740384453
annealing,1,121,101010111011,3.6922275593116995,3.604185740384453
annealing,1,122,100110111011,3.6860878349412385,3.604185740384453
annealing,1,123,101110111001,3.7049402514733973,3.604185740384453
annealing,1,124,101110111010,3.7073724089445523,3.604185740384453
annealing,1,125,101110011011,3.699363229065622,3.604185740384453
annealing,1,126,101110110011,3.7019063096526694,3.604185740384453
annealing,1,127,101110101011,3.700835869341413,3.604185740384453
annealing,1,128,000001010001,4.837524227293928,3.604185740384453
annealing,2,1,000000000000,7.755587660344856,7.755587660344856
annealing,2,2,000000001000,6.371654953754823,6.371654953754823
annealing,2,3,010000001000,5.003328540515508,5.003328540515508
annealing,2,4,010000001100,4.556469482175059,4.556469482175059
annealing,2,5,010100001100,4.02327007000365,4.02327007000365
annealing,2,6,010100011100,3.9176175360643914,3.9176175360643914
annealing,2,7,010110011100,3.853364640095996,3.853364640095996
annealing,2,8,000110011100,3.945896907670672,3.853364640095996
annealing,2,9,000110011101,3.8792072077665702,3.853364640095996
annealing,2,10,000110011110,3.8777498038347145,3.853364640095996
annealing,2,11,010110011110,3.7647199344283426,3.7647199344283426
annealing,2,12,010100011110,3.8396603355380727,3.7647199344283426
annealing,2,13,010110010110,3.8478719390078195,3.7647199344283426
annealing,2,14,010110001110,3.842047193866155,3.7647199344283426
annealing,2,15,010100001110,3.9448239751948466,3.7647199344283426
annealing,2,16,010110001111,3.756226143367822,3.756226143367822
annealing,2,17,010110000111,3.8338048070317576,3.756226143367822
annealing,2,18,010110010111,3.7591866812241475,3.756226143367822
annealing,2,19,010110010011,3.8396485040442414,3.756226143367822
annealing,2,20,010110110111,3.6805072549716056,3.6805072549716056
annealing,2,21,011110010111,3.688402943039225,3.6805072549716056
annealing,2,22,011110000111,3.7700600934710686,3.6805072549716056
annealing,2,23,001110010111,3.757125460918678,3.6805072549716056
annealing,2,24,000110010111,3.8959892663174074,3.6805072549716056
annealing,2,25,001010010111,3.867507324515815,3.6805072549716056
annealing,2,26,001110010011,3.8363782707421583,3.6805072549716056
annealing,2,27,001100010011,3.9533986668293735,3.6805072549716056
annealing,2,28,011110010011,3.776716223729038,3.6805072549716056
annealing,2,29,011110000011,3.8507332733413784,3.6805072549716056
annealing,2,30,010110000011,3.9191297323241954,3.6805072549716056
annealing,2,31,011110000001,3.9272473148498293,3.6805072549716056
annealing,2,32,011110100001,3.8690316524499515,3.6805072549716056
annealing,2,33,011010100001,3.923329704872822,3.6805072549716056
annealing,2,34,011010100011,3.8460076086798156,3.6805072549716056
annealing,2,35,011010110011,3.7706902571384284,3.6805072549716056
annealing,2,36,011010110111,3.6839205409393205,3.6805072549716056
annealing,2,37,111010110111,3.6164174223653154,3.6164174223653154
annealing,2,38,111010110101,3.7108931029102075,3.6164174223653154
annealing,2,39,111010110110,3.7135460151915836,3.6164174223653154
annealing,2,40,111010100111,3.7055595898571516,3.6164174223653154
annealing,2,41,111000110111,3.6990041229952655,3.6164174223653154
annealing,2,42,101010110111,3.69073756993328,3.6164174223653154
annealing,2,43,111010010111,3.70388828682124,3.6164174223653154
annealing,2,44,110010110111,3.694143250135206,3.6164174223653154
annealing,2,45,111010110011,3.708839635532694,3.6164174223653154
annealing,2,46,011010100111,3.7652727554394616,3.6164174223653154
annealing,2,47,110010100111,3.7760000757886254,3.6164174223653154
annealing,2,48,111010100101,3.802218852231388,3.6164174223653154
annealing,2,49,111000100111,3.7808662561644426,3.6164174223653154
annealing,2,50,111010101111,3.6153960176803075,3.6153960176803075
annealing,2,51,101010101111,3.688598863338012,3.6153960176803075
annealing,2,52,111010101110,3.712281591486913,3.6153960176803075
annealing,2,53,110010101111,3.6917166784194944,3.6153960176803075
annealing,2,54,111010101011,3.7076271418774516,3.6153960176803075
annealing,2,55,111010001111,3.7007421307966033,3.6153960176803075
annealing,2,56,111010101101,3.70965668087512,3.6153960176803075
annealing,2,57,011010101111,3.6824507773799398,3.6153960176803075
annealing,2,58,111000101111,3.69620109364419,3.6153960176803075
annealing,2,59,011011101111,3.60143870837819,3.60143870837819
annealing,2,60,010011101111,3.678157581180179,3.60143870837819
annealing,2,61,011011101011,3.687619786397307,3.60143870837819
annealing,2,62,011011101110,3.690784922762124,3.60143870837819
annealing,2,63,011001101111,3.6797730820585275,3.60143870837819
annealing,2,64,001011101111,3.6842607046981244,3.60143870837819
annealing,2,65,011011001111,3.6838766286323392,3.60143870837819
annealing,2,66,011011100111,3.6863761482510156,3.60143870837819
annealing,2,67,011011101101,3.6889715960558385,3.60143870837819
annealing,2,68,111100001001,3.8873567385917918,3.60143870837819
annealing,2,69,111101001001,3.806826304163341,3.60143870837819
annealing,2,70,111101001000,3.911487380575831,3.60143870837819
annealing,2,71,011101001001,3.8633670749551494,3.60143870837819
annealing,2,72,101101001001,3.876183092585285,3.60143870837819
annealing,2,73,111101000001,3.894908319250696,3.60143870837819
annealing,2,74,111101001011,3.709416653429077,3.60143870837819
annealing,2,75,111101001010,3.810636842598995,3.60143870837819
annealing,2,76,111001001011,3.7906006146338953,3.60143870837819
annealing,2,77,101101001011,3.7837294214950394,3.60143870837819
annealing,2,78,111101000011,3.8000394200722005,3.60143870837819
annealing,2,79,110101001011,3.788605018333027,3.60143870837819
annealing,2,80,111100001011,3.7933121066247546,3.60143870837819
annealing,2,81,111101011011,3.619029127222327,3.60143870837819
annealing,2,82,011101011011,3.6887929571365947,3.60143870837819
annealing,2,83,111101010011,3.7106604018461007,3.60143870837819
annealing,2,84,111001011011,3.70421045533871,3.60143870837819
annealing,2,85,111101011001,3.714101988167433,3.60143870837819
annealing,2,86,110101011011,3.7023731772555037,3.60143870837819
annealing,2,87,111100011011,3.706736903008484,3.60143870837819
annealing,2,88,111101011010,3.716833245428524,3.60143870837819
annealing,2,89,101101011011,3.6979480981985806,3.60143870837819
annealing,2,90,001010100010,4.019825747403305,3.60143870837819
annealing,2,91,011010100010,3.9372677020242985,3.60143870837819
annealing,2,92,011010100000,4.004296382413666,3.60143870837819
annealing,2,93,010010100011,3.935891384853369,3.60143870837819
annealing,2,94,011000100111,3.8354481842395822,3.60143870837819
annealing,2,95,011010001111,3.757489675897855,3.60143870837819
annealing,2,96,010010101111,3.7609559146094154,3.60143870837819
annealing,2,97,011010101011,3.7687545077692834,3.60143870837819
annealing,2,98,001100110011,3.837785111565259,3.60143870837819
annealing,2,99,001100110111,3.7600648162684,3.60143870837819
annealing,2,100,001000110111,3.9416694542738613,3.60143870837819
annealing,2,101,001101110111,3.67916648229098,3.60143870837819
annealing,2,102,001101110110,3.7602338915008082,3.60143870837819
annealing,2,103,001101100111,3.7574178998461356,3.60143870837819
annealing,2,104,001101110011,3.7583018673904918,3.60143870837819
annealing,2,105,001101110101,3.759136122264765,3.60143870837819
annealing,2,106,001001110111,3.784166681261024,3.60143870837819
annealing,2,107,000101110111,3.813852109916247,3.60143870837819
annealing,2,108,101101110111,3.610067551533585,3.60143870837819
annealing,2,109,101100110111,3.6935343117689308,3.60143870837819
annealing,2,110,101101110110,3.7045715490533806,3.60143870837819
annealing,2,111,101001110111,3.6857126621917455,3.60143870837819
annealing,2,112,101101110011,3.7004097597875876,3.60143870837819
annealing,2,113,101101110101,3.7022141143856975,3.60143870837819
annealing,2,114,101101010111,3.696231270383722,3.60143870837819
annealing,2,115,101101100111,3.697606573595157,3.60143870837819
annealing,2,116,100101110111,3.681514170187145,3.60143870837819
annealing,2,117,101111011011,3.6128413741761163,3.60143870837819
annealing,2,118,001111011011,3.6789250754183294,3.60143870837819
annealing,2,119,101111010011,3.702704776570297,3.60143870837819
annealing,2,120,101111001011,3.7016209542905694,3.60143870837819
annealing,2,121,101111011010,3.7082255987950172,3.60143870837819
annealing,2,122,100111011011,3.687886626461786,3.60143870837819
annealing,2,123,101111011001,3.7057702762892175,3.60143870837819
annealing,2,124,101011011011,3.6947313652907363,3.60143870837819
annealing,2,125,101110011011,3.699363229065622,3.60143870837819
annealing,2,126,000010110100,4.154393556417572,3.60143870837819
annealing,2,127,000010110101,4.097421086697875,3.60143870837819
annealing,2,128,010010110101,3.8372213839380445,3.60143870837819
